Order_ID,Order_Date,Customer_Name,Customer_Segment,Country,Region,Product_Category,Product_Name,Quantity,Unit_Price,Discount_Percent,Total_Sales,Shipping_Cost,Profit,Payment_Method,Profit Margin,Shipping_Cost_Ration
ORD-11121,02/01/2023,Karen Suzuki,Corporate,United States,North America,Technology,Wireless Bluetooth Headphones,3.00,99.43,0,298.29,9.31,124.92,Cash on Delivery,41.88%,3.12%
ORD-11244,02/01/2023,John Johansson,Corporate,Spain,Europe,Technology,Mechanical Gaming Keyboard,4.00,97.93,20,313.38,14.31,83.62,Cash on Delivery,26.68%,4.57%
ORD-10325,03/01/2023,Jessica Garcia,Consumer,Mexico,North America,Office Supplies,Binder Clips Assorted 48pc,2.00,10.74,0,21.48,8.12,3.69,Credit Card,17.18%,37.80%
ORD-10467,03/01/2023,Clara Taylor,Corporate,Italy,Europe,Technology,Webcam HD 1080p,2.00,61.86,15,105.16,10.79,26.32,PayPal,25.03%,10.26%
ORD-11454,05/01/2023,Felix Thomas,Consumer,Italy,Europe,Furniture,Standing Desk Converter,4.00,330.67,20,1058.14,11.09,253.44,Credit Card,23.95%,1.05%
ORD-11746,05/01/2023,Fatima Suzuki,Consumer,Mexico,North America,Furniture,Bookshelf 5-Tier,1.00,61.93,10,55.74,5.88,12.70,PayPal,22.78%,10.55%
ORD-11162,06/01/2023,Felix Rodriguez,Home Office,United States,North America,Office Supplies,Premium Notebook Set A5,2.00,15.03,5,28.56,6.59,8.44,PayPal,29.55%,23.07%
ORD-11271,06/01/2023,Ayumi Ferrari,Home Office,Nigeria,Middle East & Africa,Technology,Laptop Stand Adjustable,2.00,33.91,10,61.04,14.38,9.36,Bank Transfer,15.33%,23.56%
ORD-11702,06/01/2023,Thomas Smith,Consumer,China,Asia Pacific,Furniture,Standing Desk Converter,2.00,334.11,5,634.81,11.92,221.96,Bank Transfer,34.96%,1.88%
ORD-10847,07/01/2023,Ali Rodriguez,Consumer,Saudi Arabia,Middle East & Africa,Furniture,Folding Table Portable,1.00,58.77,5,55.83,12.03,8.54,Credit Card,15.30%,21.55%
ORD-10446,08/01/2023,Raj Martinez,Corporate,Colombia,South America,Clothing & Accessories,Leather Wallet Minimalist,2.00,38.91,15,66.15,14.25,12.99,Credit Card,19.64%,21.54%
ORD-11499,08/01/2023,Kenji Rossi,Corporate,Spain,Europe,Office Supplies,Paper Clips Box 500pc,3.00,7.80,10,21.06,12.61,-2.08,Cash on Delivery,-9.88%,59.88%
ORD-10271,09/01/2023,Mary Khan,Corporate,United Kingdom,Europe,Technology,Webcam HD 1080p,1.00,48.73,10,43.86,8.11,8.95,Credit Card,20.41%,18.49%
ORD-11356,12/01/2023,Maria Tanaka,Consumer,Colombia,South America,Clothing & Accessories,Travel Backpack 30L,1.00,59.48,0,59.48,11.42,18.32,Credit Card,30.80%,19.20%
ORD-10793,13/01/2023,Zara Brown,Corporate,Italy,Europe,Office Supplies,Tape Dispenser Heavy Duty,1.00,15.82,0,15.82,9.16,-0.46,PayPal,-2.91%,57.90%
ORD-11330,13/01/2023,Marco Moreau,Corporate,Japan,Asia Pacific,Clothing & Accessories,Business Casual Blazer,3.00,51.92,30,109.03,13.39,17.76,PayPal,16.29%,12.28%
ORD-11886,13/01/2023,Christopher Johansson,Consumer,Nigeria,Middle East & Africa,Furniture,Corner L-Shaped Desk,3.00,358.60,15,914.43,14.74,254.21,Cash on Delivery,27.80%,1.61%
ORD-10339,14/01/2023,Susan Davis,Home Office,Australia,Asia Pacific,Furniture,Ergonomic Office Chair,2.00,446.80,5,848.92,13.59,299.17,Cash on Delivery,35.24%,1.60%
ORD-10402,14/01/2023,Jamal Schmidt,Consumer,Mexico,North America,Furniture,Folding Table Portable,6.00,96.58,0,579.48,10.22,221.57,Credit Card,38.24%,1.76%
ORD-10560,14/01/2023,Sarah Davis,Home Office,Italy,Europe,Clothing & Accessories,Wool Blend Scarf,1.00,27.90,5,26.50,8.93,3.62,PayPal,13.66%,33.70%
ORD-10686,15/01/2023,Clara Smith,Corporate,Colombia,South America,Office Supplies,Whiteboard Markers Set 8,5.00,9.91,25,37.16,20.73,-5.87,Cash on Delivery,-15.80%,55.79%
ORD-11718,15/01/2023,Robert Khan,Consumer,Colombia,South America,Clothing & Accessories,Wool Blend Scarf,2.00,47.00,10,84.60,14.83,22.77,Credit Card,26.91%,17.53%
ORD-10736,17/01/2023,Jennifer Russo,Home Office,United States,North America,Technology,Smart LED Desk Lamp,2.00,32.91,0,65.82,7.55,22.07,PayPal,33.53%,11.47%
ORD-10846,17/01/2023,Yuki Costa,Corporate,UAE,Middle East & Africa,Office Supplies,Sticky Notes Multicolor 6-Pack,2.00,11.41,5,21.68,15.26,-3.85,Bank Transfer,-17.76%,70.39%
ORD-11128,18/01/2023,Amir Oliveira,Consumer,Mexico,North America,Furniture,Standing Desk Converter,5.00,333.59,10,1501.15,9.02,491.36,Credit Card,32.73%,0.60%
ORD-10279,20/01/2023,Ivan Zhang,Consumer,UAE,Middle East & Africa,Office Supplies,Desk Calendar 2025,7.00,10.60,20,59.36,18.26,7.71,Bank Transfer,12.99%,30.76%
ORD-10344,20/01/2023,Sakura Martinez,Home Office,Australia,Asia Pacific,Furniture,Floating Wall Shelves Set,2.00,67.38,5,128.02,11.00,36.16,Cash on Delivery,28.25%,8.59%
ORD-10589,20/01/2023,Mary Davis,Consumer,Argentina,South America,Technology,Portable External SSD 1TB,4.00,121.25,0,485.00,18.53,199.72,PayPal,41.18%,3.82%
ORD-11029,20/01/2023,Karen Rossi,Home Office,Japan,Asia Pacific,Office Supplies,Whiteboard Markers Set 8,4.00,19.92,0,79.68,16.01,27.81,Cash on Delivery,34.90%,20.09%
ORD-11026,22/01/2023,Chen Singh,Consumer,China,Asia Pacific,Technology,Smart LED Desk Lamp,3.00,34.98,5,99.69,14.67,27.30,Credit Card,27.38%,14.72%
ORD-10968,23/01/2023,Wei Müller,Consumer,Canada,North America,Furniture,Floating Wall Shelves Set,4.00,37.18,5,141.28,12.28,39.77,Credit Card,28.15%,8.69%
ORD-11723,23/01/2023,Raj Costa,Consumer,United Kingdom,Europe,Office Supplies,Stapler Full-Size,1.00,8.54,15,7.26,7.97,-4.55,Credit Card,-62.67%,109.78%
ORD-10408,24/01/2023,Hanna Sato,Consumer,Germany,Europe,Office Supplies,Paper Clips Box 500pc,2.00,8.53,5,16.21,9.30,-0.77,Credit Card,-4.75%,57.37%
ORD-11828,24/01/2023,Sarah Zhang,Home Office,South Africa,Middle East & Africa,Clothing & Accessories,Canvas Messenger Bag,4.00,57.87,20,185.18,13.88,55.56,PayPal,30.00%,7.50%
ORD-11035,25/01/2023,Linda Russo,Corporate,Italy,Europe,Office Supplies,Whiteboard Markers Set 8,8.00,15.41,10,110.95,21.90,33.57,PayPal,30.26%,19.74%
ORD-10599,26/01/2023,Chen Laurent,Consumer,United States,North America,Technology,Mechanical Gaming Keyboard,1.00,167.57,5,159.19,6.21,60.82,PayPal,38.21%,3.90%
ORD-10780,27/01/2023,David Anderson,Consumer,Saudi Arabia,Middle East & Africa,Furniture,Ergonomic Office Chair,2.00,212.13,0,424.26,14.72,154.98,Cash on Delivery,36.53%,3.47%
ORD-10636,28/01/2023,Ayumi Tanaka,Corporate,South Korea,Asia Pacific,Office Supplies,Ballpoint Pen Pack 12,5.00,9.02,15,38.33,17.70,0.34,Credit Card,0.89%,46.18%
ORD-10694,28/01/2023,Susan Johansson,Consumer,Mexico,North America,Technology,Webcam HD 1080p,3.00,55.78,0,167.34,9.38,65.92,Credit Card,39.39%,5.61%
ORD-10711,28/01/2023,Mary Ferrari,Consumer,United Kingdom,Europe,Office Supplies,Premium Notebook Set A5,5.00,10.25,0,51.25,18.89,9.30,PayPal,18.15%,36.86%
ORD-10383,29/01/2023,Michael Harris,Home Office,Argentina,South America,Clothing & Accessories,Canvas Messenger Bag,1.00,54.25,0,54.25,11.58,15.54,Credit Card,28.65%,21.35%
ORD-10435,30/01/2023,Priya Martin,Consumer,Canada,North America,Office Supplies,Stapler Full-Size,4.00,16.61,5,63.12,8.40,24.82,Bank Transfer,39.32%,13.31%
ORD-10017,31/01/2023,Kenji Nilsson,Home Office,Japan,Asia Pacific,Clothing & Accessories,Silk Tie Collection,3.00,18.32,0,54.96,12.91,14.57,Credit Card,26.51%,23.49%
ORD-11220,31/01/2023,Amir Hassan,Consumer,United States,North America,Clothing & Accessories,Cotton Formal Shirt,4.00,53.60,0,214.40,8.52,98.68,PayPal,46.03%,3.97%
ORD-11237,31/01/2023,Ahmed Garcia,Home Office,India,Asia Pacific,Furniture,Corner L-Shaped Desk,4.00,429.23,5,1631.07,12.20,588.72,Credit Card,36.09%,0.75%
ORD-11655,31/01/2023,Li Wang,Corporate,Brazil,South America,Technology,USB-C Hub Multiport Adapter,2.00,28.99,10,52.18,12.70,7.59,Credit Card,14.55%,24.34%
ORD-11858,31/01/2023,Ava Martinez,Corporate,Nigeria,Middle East & Africa,Office Supplies,Binder Clips Assorted 48pc,3.00,8.65,5,24.65,17.04,-4.07,Credit Card,-16.51%,69.13%
ORD-10787,01/02/2023,Ahmed Clark,Consumer,Canada,North America,Technology,Tablet Stand Holder,3.00,19.94,0,59.82,8.61,18.31,Bank Transfer,30.61%,14.39%
ORD-10950,02/02/2023,William Sharma,Corporate,Italy,Europe,Technology,Webcam HD 1080p,6.00,32.72,5,186.50,10.11,68.41,PayPal,36.68%,5.42%
ORD-10374,03/02/2023,Felix Smith,Corporate,Colombia,South America,Clothing & Accessories,Canvas Messenger Bag,12.00,25.43,5,289.90,23.56,113.76,Bank Transfer,39.24%,8.13%
ORD-10745,03/02/2023,Yuki Kumar,Corporate,Canada,North America,Furniture,Standing Desk Converter,4.00,274.83,10,989.39,10.28,319.52,Credit Card,32.29%,1.04%
ORD-11670,03/02/2023,Jamal Rossi,Corporate,South Korea,Asia Pacific,Furniture,Floating Wall Shelves Set,1.00,60.16,15,51.14,10.85,4.19,Bank Transfer,8.19%,21.22%
ORD-11158,04/02/2023,Maria Sharma,Home Office,Japan,Asia Pacific,Office Supplies,Desk Calendar 2025,10.00,8.37,15,71.14,24.19,9.29,Cash on Delivery,13.06%,34.00%
ORD-11430,04/02/2023,Karen Martinez,Home Office,Colombia,South America,Office Supplies,Paper Clips Box 500pc,1.00,4.78,10,4.30,11.84,-9.69,Bank Transfer,-225.35%,275.35%
ORD-11760,04/02/2023,Sakura Thomas,Corporate,Argentina,South America,Technology,Webcam HD 1080p,7.00,79.23,15,471.42,19.84,146.54,Cash on Delivery,31.08%,4.21%
ORD-10720,05/02/2023,Hans Chen,Consumer,Germany,Europe,Furniture,Bookshelf 5-Tier,1.00,188.93,5,179.48,9.20,56.92,Cash on Delivery,31.71%,5.13%
ORD-11218,05/02/2023,Lucas Sharma,Consumer,Brazil,South America,Clothing & Accessories,Business Casual Blazer,10.00,138.70,15,1178.95,17.36,468.09,Credit Card,39.70%,1.47%
ORD-10384,07/02/2023,Giulia Leroy,Consumer,China,Asia Pacific,Clothing & Accessories,Sports Water Bottle 750ml,1.00,8.96,0,8.96,11.08,-6.60,PayPal,-73.66%,123.66%
ORD-11503,07/02/2023,Felix Yamamoto,Consumer,Japan,Asia Pacific,Technology,Noise Cancelling Earbuds,2.00,173.37,0,346.74,10.89,145.14,PayPal,41.86%,3.14%
ORD-11711,07/02/2023,Layla Khan,Home Office,Canada,North America,Technology,Noise Cancelling Earbuds,1.00,63.94,10,57.55,6.86,15.52,PayPal,26.97%,11.92%
ORD-10098,08/02/2023,Ava Jones,Consumer,Australia,Asia Pacific,Technology,Webcam HD 1080p,3.00,64.55,10,174.28,13.01,54.76,Credit Card,31.42%,7.46%
ORD-10314,08/02/2023,Sakura Martin,Corporate,Japan,Asia Pacific,Office Supplies,Stapler Full-Size,5.00,14.53,5,69.02,11.87,24.46,Credit Card,35.44%,17.20%
ORD-10322,08/02/2023,Maria Laurent,Home Office,South Korea,Asia Pacific,Office Supplies,Paper Clips Box 500pc,1.00,9.63,10,8.67,10.44,-6.10,PayPal,-70.36%,120.42%
ORD-11507,09/02/2023,Zara Suzuki,Consumer,Canada,North America,Furniture,Bookshelf 5-Tier,4.00,118.02,0,472.08,7.90,180.93,Bank Transfer,38.33%,1.67%
ORD-11683,09/02/2023,Zara Costa,Consumer,United Kingdom,Europe,Furniture,Folding Table Portable,9.00,126.93,0,1142.37,23.14,433.81,PayPal,37.97%,2.03%
ORD-10642,10/02/2023,Olga Kim,Consumer,Argentina,South America,Furniture,Standing Desk Converter,8.00,289.71,10,2085.91,16.44,678.86,Bank Transfer,32.55%,0.79%
ORD-11011,10/02/2023,Hans Kim,Corporate,Japan,Asia Pacific,Clothing & Accessories,Travel Backpack 30L,2.00,81.58,15,138.69,11.80,45.31,Bank Transfer,32.67%,8.51%
ORD-11270,10/02/2023,Isabella White,Consumer,Germany,Europe,Technology,Portable External SSD 1TB,9.00,111.98,5,957.43,24.38,378.75,Credit Card,39.56%,2.55%
ORD-11659,10/02/2023,Emma Oliveira,Consumer,Italy,Europe,Clothing & Accessories,Leather Wallet Minimalist,3.00,45.99,0,137.97,12.68,56.30,Credit Card,40.81%,9.19%
ORD-10256,11/02/2023,Michael Zhang,Consumer,Canada,North America,Office Supplies,Paper Clips Box 500pc,3.00,4.96,10,13.39,7.09,-0.40,Cash on Delivery,-2.99%,52.95%
ORD-10527,12/02/2023,Hanna Ahmed,Consumer,Saudi Arabia,Middle East & Africa,Clothing & Accessories,Travel Backpack 30L,8.00,80.13,25,480.78,18.17,142.09,Bank Transfer,29.55%,3.78%
ORD-11082,12/02/2023,Patricia Müller,Consumer,Australia,Asia Pacific,Clothing & Accessories,Wool Blend Scarf,1.00,43.57,5,41.39,10.06,9.54,PayPal,23.05%,24.31%
ORD-10473,15/02/2023,Kenji Zhang,Corporate,United States,North America,Technology,Noise Cancelling Earbuds,2.00,143.15,5,271.99,8.58,105.94,Credit Card,38.95%,3.15%
ORD-11304,15/02/2023,Ayumi Martinez,Home Office,Canada,North America,Furniture,Folding Table Portable,8.00,126.81,10,913.03,22.05,282.29,Cash on Delivery,30.92%,2.42%
ORD-11560,16/02/2023,Ayumi Nilsson,Home Office,Nigeria,Middle East & Africa,Technology,Webcam HD 1080p,1.00,48.95,0,48.95,12.32,9.71,PayPal,19.84%,25.17%
ORD-11196,17/02/2023,Mia Ali,Corporate,United States,North America,Furniture,Monitor Riser Wood,2.00,47.62,5,90.48,8.30,25.04,Bank Transfer,27.67%,9.17%
ORD-11355,17/02/2023,Lucas Schmidt,Home Office,Australia,Asia Pacific,Technology,Wireless Bluetooth Headphones,1.00,238.37,15,202.61,11.03,60.48,Credit Card,29.85%,5.44%
ORD-11569,17/02/2023,Barbara Davis,Consumer,United Kingdom,Europe,Clothing & Accessories,Cotton Formal Shirt,5.00,39.22,10,176.49,17.70,60.74,Credit Card,34.42%,10.03%
ORD-10916,18/02/2023,Jessica Wang,Corporate,South Korea,Asia Pacific,Clothing & Accessories,Business Casual Blazer,2.00,72.23,20,115.57,13.08,30.26,Credit Card,26.18%,11.32%
ORD-10837,19/02/2023,Jamal Zhang,Consumer,Nigeria,Middle East & Africa,Clothing & Accessories,Leather Belt Classic,3.00,35.60,5,101.46,15.03,33.03,Credit Card,32.55%,14.81%
ORD-10855,19/02/2023,Felix Johansson,Consumer,Canada,North America,Office Supplies,Sticky Notes Multicolor 6-Pack,5.00,4.37,15,18.57,11.28,-2.54,PayPal,-13.68%,60.74%
ORD-11065,19/02/2023,Priya Wang,Consumer,France,Europe,Clothing & Accessories,Silk Tie Collection,2.00,20.92,0,41.84,10.60,10.32,Cash on Delivery,24.67%,25.33%
ORD-11922,20/02/2023,Sophie Park,Consumer,Mexico,North America,Clothing & Accessories,Leather Belt Classic,4.00,54.40,5,206.72,7.53,90.39,Cash on Delivery,43.73%,3.64%
ORD-10594,21/02/2023,Ayumi Khan,Consumer,United States,North America,Technology,Smart LED Desk Lamp,8.00,72.89,0,583.12,14.27,248.13,Credit Card,42.55%,2.45%
ORD-11419,21/02/2023,Michael Davis,Consumer,China,Asia Pacific,Furniture,Desk Organizer Set,6.00,54.39,0,326.34,17.34,113.20,PayPal,34.69%,5.31%
ORD-11624,21/02/2023,Felix Thompson,Consumer,Canada,North America,Furniture,Ergonomic Office Chair,6.00,472.56,0,2835.36,19.09,1115.05,PayPal,39.33%,0.67%
ORD-11855,21/02/2023,Hans Johnson,Consumer,Australia,Asia Pacific,Technology,Noise Cancelling Earbuds,1.00,133.63,0,133.63,9.94,50.19,PayPal,37.56%,7.44%
ORD-10843,22/02/2023,Jennifer Moreau,Corporate,Canada,North America,Technology,Tablet Stand Holder,2.00,32.06,0,64.12,7.82,21.03,Cash on Delivery,32.80%,12.20%
ORD-11306,22/02/2023,Mia Müller,Home Office,United Kingdom,Europe,Technology,Wireless Ergonomic Mouse,4.00,36.01,15,122.43,10.44,32.77,Credit Card,26.77%,8.53%
ORD-10392,23/02/2023,Priya Martinez,Corporate,United States,North America,Office Supplies,Paper Clips Box 500pc,4.00,7.24,10,26.06,8.85,4.18,Credit Card,16.04%,33.96%
ORD-11302,23/02/2023,Fatima Suzuki,Home Office,Brazil,South America,Technology,Wireless Ergonomic Mouse,3.00,60.99,0,182.97,12.03,70.31,Credit Card,38.43%,6.57%
ORD-11205,24/02/2023,Zara White,Consumer,France,Europe,Office Supplies,Binder Clips Assorted 48pc,6.00,7.14,0,42.84,12.59,10.97,PayPal,25.61%,29.39%
ORD-10892,25/02/2023,Felix Moreau,Consumer,Spain,Europe,Office Supplies,Sticky Notes Multicolor 6-Pack,2.00,8.06,15,13.70,10.44,-3.99,Bank Transfer,-29.12%,76.20%
ORD-11175,25/02/2023,Ethan Hassan,Corporate,China,Asia Pacific,Clothing & Accessories,Travel Backpack 30L,2.00,31.71,5,60.25,10.63,17.91,Bank Transfer,29.73%,17.64%
ORD-11598,26/02/2023,Ingrid Schmidt,Consumer,Italy,Europe,Furniture,Folding Table Portable,6.00,82.30,0,493.80,12.43,185.09,PayPal,37.48%,2.52%
ORD-10113,27/02/2023,Mia Harris,Consumer,United States,North America,Technology,Webcam HD 1080p,1.00,77.48,0,77.48,7.16,27.71,PayPal,35.76%,9.24%
ORD-10646,27/02/2023,Sophie Harris,Consumer,Argentina,South America,Office Supplies,Paper Clips Box 500pc,9.00,7.24,0,65.16,18.95,16.89,PayPal,25.92%,29.08%
ORD-11378,27/02/2023,Michael Hassan,Corporate,India,Asia Pacific,Office Supplies,Ballpoint Pen Pack 12,12.00,5.63,5,64.18,31.26,2.52,Credit Card,3.93%,48.71%
ORD-11900,27/02/2023,Oscar Jones,Consumer,Canada,North America,Clothing & Accessories,Silk Tie Collection,2.00,26.25,10,47.25,6.27,14.73,Credit Card,31.17%,13.27%
ORD-11523,01/03/2023,Giulia Ali,Consumer,South Korea,Asia Pacific,Technology,Noise Cancelling Earbuds,2.00,135.29,0,270.58,10.07,111.69,Cash on Delivery,41.28%,3.72%
ORD-10233,02/03/2023,Fatima Rossi,Consumer,Australia,Asia Pacific,Furniture,Desk Organizer Set,1.00,24.66,0,24.66,11.27,-1.41,Credit Card,-5.72%,45.70%
ORD-10605,02/03/2023,Yuki Patel,Corporate,Japan,Asia Pacific,Technology,Mechanical Gaming Keyboard,4.00,165.10,5,627.38,15.44,248.72,Credit Card,39.64%,2.46%
ORD-10907,02/03/2023,Mia Clark,Consumer,Italy,Europe,Office Supplies,Stapler Full-Size,2.00,11.57,25,17.36,8.09,-1.14,Cash on Delivery,-6.57%,46.60%
ORD-11202,02/03/2023,Mary Smith,Home Office,United States,North America,Furniture,Mesh Back Task Chair,1.00,113.52,10,102.17,7.35,26.71,Credit Card,26.14%,7.19%
ORD-11294,02/03/2023,Ayumi Suzuki,Corporate,Australia,Asia Pacific,Office Supplies,Whiteboard Markers Set 8,4.00,9.18,20,29.38,12.60,0.26,PayPal,0.88%,42.89%
ORD-11673,02/03/2023,Elizabeth Moreau,Home Office,Australia,Asia Pacific,Technology,Wireless Bluetooth Headphones,2.00,201.32,0,402.64,13.72,167.47,PayPal,41.59%,3.41%
ORD-11217,04/03/2023,Jamal Martinez,Consumer,Canada,North America,Technology,Mechanical Gaming Keyboard,9.00,90.24,10,730.94,18.86,265.39,Credit Card,36.31%,2.58%
ORD-10246,05/03/2023,Barbara Ali,Corporate,Australia,Asia Pacific,Office Supplies,Stapler Full-Size,1.00,18.57,0,18.57,9.91,0.30,Credit Card,1.62%,53.37%
ORD-11135,06/03/2023,Lucas Anderson,Consumer,United Kingdom,Europe,Clothing & Accessories,Polarized Sunglasses,3.00,29.57,10,79.84,10.88,24.60,Bank Transfer,30.81%,13.63%
ORD-10620,07/03/2023,Omar Garcia,Consumer,China,Asia Pacific,Office Supplies,Premium Notebook Set A5,1.00,11.17,20,8.94,10.07,-6.16,Credit Card,-68.90%,112.64%
ORD-11279,07/03/2023,Clara Miller,Consumer,United States,North America,Office Supplies,Tape Dispenser Heavy Duty,8.00,20.92,0,167.36,18.97,73.08,Bank Transfer,43.67%,11.33%
ORD-10124,08/03/2023,David Harris,Corporate,Italy,Europe,Office Supplies,Whiteboard Markers Set 8,5.00,11.95,10,53.77,14.79,12.09,Credit Card,22.48%,27.51%
ORD-10242,08/03/2023,James Chen,Home Office,Spain,Europe,Furniture,Folding Table Portable,3.00,59.88,20,143.71,9.34,26.59,Bank Transfer,18.50%,6.50%
ORD-10915,08/03/2023,Ahmed Harris,Consumer,Brazil,South America,Furniture,Floating Wall Shelves Set,6.00,99.69,0,598.14,18.01,221.25,Credit Card,36.99%,3.01%
ORD-11632,08/03/2023,Elizabeth Ahmed,Corporate,Brazil,South America,Furniture,Ergonomic Office Chair,1.00,354.67,5,336.94,12.41,111.73,Credit Card,33.16%,3.68%
ORD-11184,09/03/2023,Fatima Kumar,Consumer,UAE,Middle East & Africa,Office Supplies,Premium Notebook Set A5,4.00,22.67,0,90.68,14.32,35.55,Bank Transfer,39.20%,15.79%
ORD-10874,10/03/2023,Mia Martin,Corporate,Canada,North America,Office Supplies,Binder Clips Assorted 48pc,4.00,5.48,5,20.82,12.00,-1.04,Cash on Delivery,-5.00%,57.64%
ORD-11668,10/03/2023,Robert Robinson,Home Office,Italy,Europe,Technology,Mechanical Gaming Keyboard,8.00,107.75,10,775.80,14.93,286.77,Credit Card,36.96%,1.92%
ORD-11260,11/03/2023,Liam Jones,Consumer,Italy,Europe,Office Supplies,Binder Clips Assorted 48pc,1.00,11.11,0,11.11,8.11,-2.00,Cash on Delivery,-18.00%,73.00%
ORD-10953,12/03/2023,Emma Johnson,Corporate,Italy,Europe,Technology,Smart LED Desk Lamp,2.00,27.32,10,49.18,10.10,9.03,Credit Card,18.36%,20.54%
ORD-10521,13/03/2023,Mia Santos,Consumer,South Korea,Asia Pacific,Office Supplies,Premium Notebook Set A5,5.00,19.74,0,98.70,17.03,37.26,Credit Card,37.75%,17.25%
ORD-11545,13/03/2023,Susan Kim,Consumer,South Africa,Middle East & Africa,Clothing & Accessories,Travel Backpack 30L,3.00,70.31,0,210.93,15.46,90.00,PayPal,42.67%,7.33%
ORD-10070,15/03/2023,Amir Khan,Corporate,Nigeria,Middle East & Africa,Technology,Portable External SSD 1TB,5.00,149.77,10,673.97,14.48,247.62,PayPal,36.74%,2.15%
ORD-11006,15/03/2023,Barbara Leroy,Home Office,Mexico,North America,Technology,Mechanical Gaming Keyboard,2.00,54.94,0,109.88,8.77,40.68,Credit Card,37.02%,7.98%
ORD-10744,16/03/2023,Thomas Patel,Consumer,Brazil,South America,Clothing & Accessories,Polarized Sunglasses,5.00,61.18,10,275.31,14.66,107.70,Credit Card,39.12%,5.32%
ORD-10861,16/03/2023,Isabella Martin,Consumer,China,Asia Pacific,Office Supplies,Binder Clips Assorted 48pc,2.00,14.59,0,29.18,12.25,3.80,PayPal,13.02%,41.98%
ORD-10676,17/03/2023,Wei Chen,Consumer,Saudi Arabia,Middle East & Africa,Technology,Mechanical Gaming Keyboard,3.00,174.46,0,523.38,14.65,220.87,Credit Card,42.20%,2.80%
ORD-11064,18/03/2023,Karen Jackson,Consumer,Japan,Asia Pacific,Clothing & Accessories,Polarized Sunglasses,1.00,28.85,15,24.52,10.81,-0.72,Cash on Delivery,-2.94%,44.09%
ORD-11786,18/03/2023,Felix Santos,Home Office,United Kingdom,Europe,Furniture,Corner L-Shaped Desk,3.00,323.91,15,825.97,9.35,233.58,PayPal,28.28%,1.13%
ORD-10637,19/03/2023,Mia Weber,Consumer,United States,North America,Office Supplies,Highlighters Neon Pack 6,2.00,11.39,0,22.78,8.57,3.96,Bank Transfer,17.38%,37.62%
ORD-10863,21/03/2023,Jessica Anderson,Consumer,UAE,Middle East & Africa,Furniture,Floating Wall Shelves Set,5.00,64.10,5,304.47,17.49,94.68,Credit Card,31.10%,5.74%
ORD-11917,22/03/2023,Fatima Li,Consumer,United States,North America,Office Supplies,Desk Calendar 2025,2.00,6.29,0,12.58,7.22,-0.30,Bank Transfer,-2.38%,57.39%
ORD-10020,23/03/2023,Pierre Yamamoto,Consumer,Saudi Arabia,Middle East & Africa,Furniture,Folding Table Portable,2.00,90.87,0,181.74,14.68,58.02,Credit Card,31.92%,8.08%
ORD-11090,23/03/2023,Hanna Jones,Corporate,China,Asia Pacific,Furniture,Corner L-Shaped Desk,12.00,334.56,5,3813.98,35.07,1370.08,PayPal,35.92%,0.92%
ORD-11712,23/03/2023,Felix Park,Consumer,Colombia,South America,Furniture,Floating Wall Shelves Set,4.00,68.83,0,275.32,19.78,90.35,Bank Transfer,32.82%,7.18%
ORD-10887,24/03/2023,Mia Ferrari,Consumer,India,Asia Pacific,Clothing & Accessories,Sports Water Bottle 750ml,2.00,10.37,0,20.74,12.31,-1.94,PayPal,-9.35%,59.35%
ORD-11156,25/03/2023,Omar Leroy,Corporate,Canada,North America,Clothing & Accessories,Cotton Formal Shirt,2.00,52.89,0,105.78,6.27,46.62,Cash on Delivery,44.07%,5.93%
ORD-11633,25/03/2023,Carlos Smith,Home Office,United States,North America,Furniture,Desk Organizer Set,11.00,30.48,0,335.28,29.96,104.15,Credit Card,31.06%,8.94%
ORD-10103,26/03/2023,Barbara Russo,Corporate,Spain,Europe,Clothing & Accessories,Silk Tie Collection,3.00,24.22,5,69.03,8.87,23.83,Credit Card,34.52%,12.85%
ORD-10132,26/03/2023,Fatima Singh,Corporate,Argentina,South America,Technology,Wireless Bluetooth Headphones,5.00,239.45,5,1137.39,14.61,464.29,PayPal,40.82%,1.28%
ORD-11007,26/03/2023,Olga Russo,Consumer,Australia,Asia Pacific,Furniture,Filing Cabinet 3-Drawer,4.00,210.65,0,842.60,11.11,325.93,Credit Card,38.68%,1.32%
ORD-10395,27/03/2023,Emma Pereira,Consumer,Canada,North America,Clothing & Accessories,Wool Blend Scarf,9.00,32.74,10,265.19,19.15,98.71,PayPal,37.22%,7.22%
ORD-11318,27/03/2023,Thomas Chen,Consumer,Spain,Europe,Clothing & Accessories,Business Casual Blazer,3.00,135.29,10,365.28,9.08,153.26,Credit Card,41.96%,2.49%
ORD-10252,29/03/2023,Carlos Anderson,Home Office,Saudi Arabia,Middle East & Africa,Clothing & Accessories,Polarized Sunglasses,6.00,30.52,0,183.12,21.14,70.42,Credit Card,38.46%,11.54%
ORD-10450,29/03/2023,Ayumi Johnson,Consumer,Mexico,North America,Technology,Noise Cancelling Earbuds,4.00,113.34,15,385.36,8.19,127.82,PayPal,33.17%,2.13%
ORD-11088,29/03/2023,Hans Santos,Consumer,Canada,North America,Office Supplies,Premium Notebook Set A5,5.00,11.27,5,53.53,12.00,16.17,Bank Transfer,30.21%,22.42%
ORD-11452,29/03/2023,Thomas Oliveira,Corporate,United States,North America,Office Supplies,Paper Clips Box 500pc,1.00,5.67,15,4.82,5.95,-3.68,Credit Card,-76.35%,123.44%
ORD-11478,29/03/2023,Oscar Taylor,Home Office,China,Asia Pacific,Technology,Portable External SSD 1TB,1.00,116.12,10,104.51,10.18,30.46,Credit Card,29.15%,9.74%
ORD-11231,30/03/2023,Emma Brown,Consumer,Spain,Europe,Technology,Portable External SSD 1TB,1.00,85.63,5,81.35,8.86,25.39,Bank Transfer,31.21%,10.89%
ORD-11479,31/03/2023,Susan White,Corporate,Japan,Asia Pacific,Furniture,Filing Cabinet 3-Drawer,1.00,199.74,20,159.79,9.67,30.28,Cash on Delivery,18.95%,6.05%
ORD-10821,01/04/2023,Nadia Weber,Consumer,Italy,Europe,Technology,Smart LED Desk Lamp,2.00,34.22,0,68.44,9.22,21.58,PayPal,31.53%,13.47%
ORD-11766,01/04/2023,James Anderson,Corporate,United States,North America,Clothing & Accessories,Cotton Formal Shirt,3.00,37.69,30,79.15,7.34,15.28,PayPal,19.31%,9.27%
ORD-11000,02/04/2023,Olga Zhang,Corporate,South Africa,Middle East & Africa,Clothing & Accessories,Cotton Formal Shirt,1.00,42.86,5,40.72,12.14,7.15,Bank Transfer,17.56%,29.81%
ORD-11002,02/04/2023,Nadia Santos,Consumer,Argentina,South America,Technology,Tablet Stand Holder,4.00,24.85,15,84.49,15.38,14.44,PayPal,17.09%,18.20%
ORD-11631,02/04/2023,Lucas Kim,Consumer,Saudi Arabia,Middle East & Africa,Furniture,Standing Desk Converter,6.00,241.26,0,1447.56,14.56,564.46,Credit Card,38.99%,1.01%
ORD-11784,02/04/2023,Hans Laurent,Consumer,South Africa,Middle East & Africa,Furniture,Floating Wall Shelves Set,1.00,67.62,0,67.62,11.63,15.42,Cash on Delivery,22.80%,17.20%
ORD-10578,03/04/2023,William Nilsson,Corporate,Spain,Europe,Furniture,Ergonomic Office Chair,1.00,268.98,0,268.98,8.56,99.03,Credit Card,36.82%,3.18%
ORD-10306,04/04/2023,James Sharma,Corporate,Mexico,North America,Office Supplies,Ballpoint Pen Pack 12,3.00,9.65,5,27.50,10.62,3.85,PayPal,14.00%,38.62%
ORD-10532,04/04/2023,Ava Ferrari,Home Office,Colombia,South America,Technology,Noise Cancelling Earbuds,2.00,139.15,5,264.38,12.48,98.83,Cash on Delivery,37.38%,4.72%
ORD-10903,04/04/2023,Priya Zhang,Corporate,Mexico,North America,Office Supplies,Desk Calendar 2025,2.00,15.49,10,27.88,6.07,7.87,PayPal,28.23%,21.77%
ORD-11253,04/04/2023,Richard Harris,Corporate,France,Europe,Technology,Tablet Stand Holder,6.00,25.63,15,130.71,17.72,28.41,Credit Card,21.74%,13.56%
ORD-11610,04/04/2023,Richard Ali,Consumer,Mexico,North America,Office Supplies,Stapler Full-Size,1.00,13.00,5,12.35,5.81,0.69,Bank Transfer,5.59%,47.04%
ORD-10071,05/04/2023,Richard Müller,Consumer,United States,North America,Furniture,Ergonomic Office Chair,2.00,252.68,0,505.36,8.12,194.02,PayPal,38.39%,1.61%
ORD-10207,05/04/2023,Diego Johansson,Consumer,Japan,Asia Pacific,Technology,Wireless Ergonomic Mouse,8.00,20.81,0,166.48,20.30,54.62,Cash on Delivery,32.81%,12.19%
ORD-11995,05/04/2023,Jamal Ferrari,Consumer,India,Asia Pacific,Office Supplies,Binder Clips Assorted 48pc,2.00,12.65,15,21.50,12.32,-2.21,PayPal,-10.28%,57.30%
ORD-10176,06/04/2023,Li Pereira,Corporate,India,Asia Pacific,Clothing & Accessories,Canvas Messenger Bag,3.00,83.46,0,250.38,16.07,109.12,Credit Card,43.58%,6.42%
ORD-11066,07/04/2023,Olga Leroy,Home Office,Germany,Europe,Technology,Laptop Stand Adjustable,3.00,57.89,5,164.99,9.48,59.99,PayPal,36.36%,5.75%
ORD-11988,07/04/2023,Michael Yamamoto,Corporate,Colombia,South America,Technology,Mechanical Gaming Keyboard,1.00,133.59,0,133.59,12.48,47.64,Credit Card,35.66%,9.34%
ORD-10274,09/04/2023,Michael Ferrari,Home Office,Japan,Asia Pacific,Office Supplies,Binder Clips Assorted 48pc,1.00,9.89,5,9.40,10.90,-5.95,Credit Card,-63.30%,115.96%
ORD-10840,09/04/2023,Priya Park,Consumer,Canada,North America,Office Supplies,Tape Dispenser Heavy Duty,6.00,17.86,5,101.80,11.87,41.71,Credit Card,40.97%,11.66%
ORD-11333,09/04/2023,Olga Hassan,Corporate,South Korea,Asia Pacific,Furniture,Desk Organizer Set,4.00,58.82,10,211.75,13.12,57.46,PayPal,27.14%,6.20%
ORD-11079,10/04/2023,Maria Schmidt,Consumer,South Korea,Asia Pacific,Technology,Laptop Stand Adjustable,3.00,63.40,20,152.16,12.26,35.29,Credit Card,23.19%,8.06%
ORD-11868,10/04/2023,Maria Martinez,Consumer,Mexico,North America,Technology,Mechanical Gaming Keyboard,1.00,133.59,10,120.23,6.48,40.28,PayPal,33.50%,5.39%
ORD-11664,13/04/2023,Hans Fischer,Corporate,Canada,North America,Furniture,Mesh Back Task Chair,2.00,244.78,10,440.60,9.82,137.04,PayPal,31.10%,2.23%
ORD-11912,13/04/2023,Lucas Chen,Consumer,Australia,Asia Pacific,Office Supplies,Whiteboard Markers Set 8,4.00,13.89,0,55.56,18.26,12.30,Credit Card,22.14%,32.87%
ORD-11921,14/04/2023,Priya Jones,Consumer,Saudi Arabia,Middle East & Africa,Office Supplies,Sticky Notes Multicolor 6-Pack,2.00,4.54,0,9.08,13.77,-8.78,PayPal,-96.70%,151.65%
ORD-10551,15/04/2023,Sophie Thomas,Consumer,Nigeria,Middle East & Africa,Furniture,Standing Desk Converter,4.00,257.60,25,772.80,19.79,134.77,Bank Transfer,17.44%,2.56%
ORD-10091,16/04/2023,Jessica Sato,Consumer,Australia,Asia Pacific,Clothing & Accessories,Travel Backpack 30L,1.00,55.00,5,52.25,9.81,14.94,PayPal,28.59%,18.78%
ORD-10434,16/04/2023,Giulia Brown,Corporate,South Korea,Asia Pacific,Office Supplies,Paper Clips Box 500pc,4.00,8.66,5,32.91,11.66,5.66,PayPal,17.20%,35.43%
ORD-11552,16/04/2023,Li Taylor,Consumer,Mexico,North America,Technology,Portable External SSD 1TB,2.00,94.43,10,169.97,6.86,59.24,PayPal,34.85%,4.04%
ORD-10330,17/04/2023,Ahmed Miller,Consumer,France,Europe,Technology,Wireless Bluetooth Headphones,6.00,209.90,5,1196.43,17.20,486.56,Credit Card,40.67%,1.44%
ORD-10769,18/04/2023,Barbara Thomas,Corporate,UAE,Middle East & Africa,Technology,Wireless Bluetooth Headphones,9.00,67.71,0,609.39,21.43,252.80,PayPal,41.48%,3.52%
ORD-10427,19/04/2023,Clara Oliveira,Consumer,Canada,North America,Technology,Noise Cancelling Earbuds,2.00,171.32,15,291.24,9.46,93.33,Credit Card,32.05%,3.25%
ORD-11810,19/04/2023,Carlos Wang,Corporate,United States,North America,Technology,Wireless Bluetooth Headphones,3.00,82.93,20,199.03,12.36,49.84,PayPal,25.04%,6.21%
ORD-11212,20/04/2023,Li White,Corporate,Japan,Asia Pacific,Technology,Webcam HD 1080p,4.00,57.09,15,194.11,11.38,57.13,Credit Card,29.43%,5.86%
ORD-10667,21/04/2023,Felix Miller,Consumer,South Korea,Asia Pacific,Clothing & Accessories,Canvas Messenger Bag,1.00,54.74,0,54.74,10.89,16.48,Credit Card,30.11%,19.89%
ORD-11292,21/04/2023,Sakura Dubois,Consumer,Germany,Europe,Furniture,Filing Cabinet 3-Drawer,10.00,136.46,15,1159.91,17.75,323.40,Cash on Delivery,27.88%,1.53%
ORD-11731,21/04/2023,Barbara Suzuki,Consumer,Canada,North America,Furniture,Corner L-Shaped Desk,2.00,308.79,0,617.58,7.21,239.82,Credit Card,38.83%,1.17%
ORD-11224,22/04/2023,Zara Patel,Corporate,South Africa,Middle East & Africa,Furniture,Bookshelf 5-Tier,3.00,180.81,20,433.94,18.20,90.28,PayPal,20.80%,4.19%
ORD-10468,23/04/2023,Wei Johansson,Corporate,India,Asia Pacific,Furniture,Desk Organizer Set,1.00,54.96,10,49.46,10.74,5.74,Credit Card,11.61%,21.71%
ORD-11700,24/04/2023,Sarah Robinson,Home Office,Germany,Europe,Furniture,Filing Cabinet 3-Drawer,1.00,137.26,10,123.53,8.47,32.70,PayPal,26.47%,6.86%
ORD-10377,25/04/2023,Omar Williams,Corporate,Japan,Asia Pacific,Clothing & Accessories,Wool Blend Scarf,6.00,30.66,10,165.56,22.41,51.17,Cash on Delivery,30.91%,13.54%
ORD-11553,25/04/2023,Karen Moreau,Consumer,China,Asia Pacific,Clothing & Accessories,Leather Belt Classic,1.00,46.16,5,43.85,11.08,9.69,Credit Card,22.10%,25.27%
ORD-11888,25/04/2023,Christopher Park,Consumer,Germany,Europe,Clothing & Accessories,Canvas Messenger Bag,4.00,45.58,5,173.20,12.20,69.84,Bank Transfer,40.32%,7.04%
ORD-10102,26/04/2023,Kenji Jones,Consumer,India,Asia Pacific,Furniture,Standing Desk Converter,2.00,177.60,0,355.20,13.33,128.75,Credit Card,36.25%,3.75%
ORD-11008,26/04/2023,Marco Taylor,Consumer,Mexico,North America,Furniture,Bookshelf 5-Tier,3.00,192.55,0,577.65,10.26,220.80,Credit Card,38.22%,1.78%
ORD-11204,29/04/2023,Li Yamamoto,Consumer,China,Asia Pacific,Technology,Tablet Stand Holder,1.00,17.84,5,16.95,11.04,-3.90,Credit Card,-23.01%,65.13%
ORD-10826,30/04/2023,Ava Fischer,Corporate,Australia,Asia Pacific,Office Supplies,Ballpoint Pen Pack 12,4.00,8.59,5,32.64,11.51,5.67,Credit Card,17.37%,35.26%
ORD-11363,01/05/2023,Mia Smith,Consumer,Canada,North America,Technology,Tablet Stand Holder,1.00,29.87,0,29.87,6.43,7.01,Bank Transfer,23.47%,21.53%
ORD-10202,02/05/2023,Ivan Anderson,Corporate,China,Asia Pacific,Office Supplies,Tape Dispenser Heavy Duty,3.00,12.78,5,36.42,14.72,4.45,Credit Card,12.22%,40.42%
ORD-10462,03/05/2023,Raj Thomas,Consumer,Mexico,North America,Technology,Laptop Stand Adjustable,3.00,71.84,0,215.52,8.56,88.42,Cash on Delivery,41.03%,3.97%
ORD-11586,04/05/2023,Jamal Schmidt,Home Office,South Korea,Asia Pacific,Office Supplies,Whiteboard Markers Set 8,2.00,6.24,20,9.98,13.23,-8.87,Credit Card,-88.88%,132.57%
ORD-10703,05/05/2023,Priya Chen,Home Office,Mexico,North America,Office Supplies,Sticky Notes Multicolor 6-Pack,2.00,12.15,10,21.87,9.48,1.46,Cash on Delivery,6.68%,43.35%
ORD-10828,05/05/2023,Kenji Romano,Consumer,China,Asia Pacific,Clothing & Accessories,Canvas Messenger Bag,1.00,88.39,15,75.13,11.20,19.73,PayPal,26.26%,14.91%
ORD-10652,06/05/2023,Pierre Fischer,Consumer,Japan,Asia Pacific,Technology,Wireless Bluetooth Headphones,5.00,181.39,0,906.95,13.61,394.52,Bank Transfer,43.50%,1.50%
ORD-11385,06/05/2023,Ali Miller,Consumer,Mexico,North America,Office Supplies,Stapler Full-Size,1.00,16.13,15,13.71,6.12,0.33,Cash on Delivery,2.41%,44.64%
ORD-11895,06/05/2023,John Robinson,Consumer,Canada,North America,Technology,Laptop Stand Adjustable,2.00,44.17,5,83.92,6.30,29.03,Credit Card,34.59%,7.51%
ORD-10143,08/05/2023,Wei Sato,Corporate,Australia,Asia Pacific,Office Supplies,Tape Dispenser Heavy Duty,2.00,11.52,15,19.58,12.10,-2.89,Credit Card,-14.76%,61.80%
ORD-10853,10/05/2023,Amir Garcia,Corporate,France,Europe,Office Supplies,Tape Dispenser Heavy Duty,3.00,11.58,30,24.32,13.53,-4.84,Credit Card,-19.90%,55.63%
ORD-10452,11/05/2023,Layla Santos,Corporate,Germany,Europe,Clothing & Accessories,Cotton Formal Shirt,3.00,25.71,15,65.56,8.88,18.12,Credit Card,27.64%,13.54%
ORD-11484,11/05/2023,Christopher Taylor,Consumer,Canada,North America,Technology,USB-C Hub Multiport Adapter,3.00,47.53,15,121.20,7.18,35.60,Bank Transfer,29.37%,5.92%
ORD-10623,12/05/2023,Chen Thompson,Consumer,Argentina,South America,Clothing & Accessories,Travel Backpack 30L,3.00,94.61,20,227.06,16.78,68.37,PayPal,30.11%,7.39%
ORD-11458,12/05/2023,Barbara Sharma,Corporate,France,Europe,Furniture,Filing Cabinet 3-Drawer,2.00,248.90,20,398.24,8.23,91.33,Credit Card,22.93%,2.07%
ORD-10609,13/05/2023,Diego Jackson,Corporate,South Korea,Asia Pacific,Technology,Smart LED Desk Lamp,4.00,62.57,10,225.25,14.99,72.61,PayPal,32.24%,6.65%
ORD-11288,13/05/2023,Ayumi Ahmed,Consumer,South Korea,Asia Pacific,Furniture,Folding Table Portable,15.00,100.94,5,1438.39,29.26,500.67,Credit Card,34.81%,2.03%
ORD-10607,14/05/2023,Fatima Laurent,Home Office,Argentina,South America,Technology,USB-C Hub Multiport Adapter,1.00,55.77,5,52.98,11.25,11.06,PayPal,20.88%,21.23%
ORD-10105,15/05/2023,Olivia Kumar,Corporate,India,Asia Pacific,Furniture,Floating Wall Shelves Set,2.00,77.49,15,131.73,12.63,26.11,Cash on Delivery,19.82%,9.59%
ORD-11298,15/05/2023,Raj Rossi,Consumer,Mexico,North America,Furniture,Bookshelf 5-Tier,4.00,65.92,5,250.50,13.46,78.83,Credit Card,31.47%,5.37%
ORD-11682,15/05/2023,Patricia Dubois,Corporate,Mexico,North America,Furniture,Mesh Back Task Chair,1.00,121.55,25,91.16,6.60,11.63,PayPal,12.76%,7.24%
ORD-10411,16/05/2023,Robert Jackson,Corporate,France,Europe,Clothing & Accessories,Canvas Messenger Bag,2.00,79.65,10,143.37,10.14,53.58,Credit Card,37.37%,7.07%
ORD-11776,16/05/2023,Jennifer Costa,Consumer,Mexico,North America,Furniture,Standing Desk Converter,3.00,180.10,10,486.27,8.31,153.78,PayPal,31.62%,1.71%
ORD-11788,16/05/2023,Ivan Li,Home Office,Brazil,South America,Furniture,Bookshelf 5-Tier,3.00,145.84,15,371.89,14.54,94.84,Credit Card,25.50%,3.91%
ORD-11227,17/05/2023,Nadia Brown,Home Office,South Korea,Asia Pacific,Office Supplies,Paper Clips Box 500pc,9.00,3.16,10,25.60,18.23,-5.43,Cash on Delivery,-21.21%,71.21%
ORD-10941,18/05/2023,Emma Johansson,Corporate,Canada,North America,Office Supplies,Stapler Full-Size,3.00,8.20,0,24.60,7.45,6.08,PayPal,24.72%,30.28%
ORD-11045,18/05/2023,Diego Schmidt,Corporate,South Africa,Middle East & Africa,Furniture,Filing Cabinet 3-Drawer,2.00,214.52,0,429.04,15.39,156.23,Credit Card,36.41%,3.59%
ORD-11149,18/05/2023,Clara Jackson,Consumer,Australia,Asia Pacific,Clothing & Accessories,Silk Tie Collection,8.00,43.71,15,297.23,21.92,100.47,PayPal,33.80%,7.37%
ORD-11329,18/05/2023,Jamal Clark,Consumer,South Korea,Asia Pacific,Furniture,Standing Desk Converter,2.00,119.77,25,179.66,10.37,25.57,Cash on Delivery,14.23%,5.77%
ORD-11394,18/05/2023,Pierre Fischer,Corporate,Saudi Arabia,Middle East & Africa,Furniture,Mesh Back Task Chair,1.00,217.82,25,163.37,12.46,20.22,Credit Card,12.38%,7.63%
ORD-11435,18/05/2023,Lucas Khan,Consumer,United States,North America,Furniture,Mesh Back Task Chair,2.00,295.24,0,590.48,9.07,227.12,PayPal,38.46%,1.54%
ORD-10336,19/05/2023,Chen Romano,Home Office,France,Europe,Furniture,Filing Cabinet 3-Drawer,1.00,195.08,5,185.33,9.41,58.87,PayPal,31.76%,5.08%
ORD-11513,20/05/2023,Sophie Yamamoto,Consumer,United States,North America,Clothing & Accessories,Leather Wallet Minimalist,5.00,26.84,0,134.20,17.20,49.90,PayPal,37.18%,12.82%
ORD-11762,22/05/2023,Hans Johnson,Home Office,India,Asia Pacific,Technology,Tablet Stand Holder,5.00,15.48,10,69.66,19.74,7.35,PayPal,10.55%,28.34%
ORD-10562,23/05/2023,Patricia Müller,Consumer,Mexico,North America,Technology,Webcam HD 1080p,5.00,54.10,5,256.97,11.43,96.77,Credit Card,37.66%,4.45%
ORD-10710,23/05/2023,Ahmed Taylor,Home Office,China,Asia Pacific,Technology,Smart LED Desk Lamp,8.00,37.26,20,238.46,14.60,59.92,PayPal,25.13%,6.12%
ORD-11740,25/05/2023,Zara Rodriguez,Consumer,Mexico,North America,Office Supplies,Tape Dispenser Heavy Duty,4.00,10.54,15,35.84,10.87,6.00,Bank Transfer,16.74%,30.33%
ORD-10422,26/05/2023,Clara Santos,Corporate,Mexico,North America,Office Supplies,Tape Dispenser Heavy Duty,3.00,15.84,5,45.14,7.96,15.80,Credit Card,35.00%,17.63%
ORD-11834,29/05/2023,Hanna Davis,Consumer,United Kingdom,Europe,Clothing & Accessories,Travel Backpack 30L,2.00,33.16,0,66.32,11.38,21.78,Credit Card,32.84%,17.16%
ORD-10942,30/05/2023,Barbara Rossi,Home Office,China,Asia Pacific,Office Supplies,Binder Clips Assorted 48pc,3.00,14.00,15,35.70,16.47,0.33,Credit Card,0.92%,46.13%
ORD-10129,01/06/2023,Oscar Santos,Corporate,Canada,North America,Furniture,Floating Wall Shelves Set,7.00,54.12,15,322.01,17.46,77.25,Credit Card,23.99%,5.42%
ORD-10722,01/06/2023,Patricia Chen,Home Office,United Kingdom,Europe,Furniture,Folding Table Portable,1.00,118.34,5,112.42,7.66,33.76,Credit Card,30.03%,6.81%
ORD-10845,01/06/2023,Ahmed Dubois,Consumer,Spain,Europe,Office Supplies,Whiteboard Markers Set 8,1.00,20.28,0,20.28,8.91,2.24,PayPal,11.05%,43.93%
ORD-10937,01/06/2023,Kenji Robinson,Consumer,Mexico,North America,Furniture,Mesh Back Task Chair,7.00,263.11,10,1657.59,16.54,535.99,PayPal,32.34%,1.00%
ORD-11401,01/06/2023,Robert Sharma,Consumer,Australia,Asia Pacific,Furniture,Mesh Back Task Chair,1.00,271.69,20,217.35,10.66,43.68,Cash on Delivery,20.10%,4.90%
ORD-10069,03/06/2023,Chen Smith,Corporate,Germany,Europe,Furniture,Monitor Riser Wood,4.00,43.62,15,148.31,15.81,27.81,Cash on Delivery,18.75%,10.66%
ORD-10025,04/06/2023,Kenji Leroy,Corporate,Japan,Asia Pacific,Clothing & Accessories,Leather Belt Classic,6.00,36.82,10,198.83,13.78,74.59,Credit Card,37.51%,6.93%
ORD-11268,04/06/2023,Richard Li,Consumer,Spain,Europe,Office Supplies,Sticky Notes Multicolor 6-Pack,1.00,10.08,15,8.57,8.15,-4.12,Credit Card,-48.07%,95.10%
ORD-11962,04/06/2023,Karen Anderson,Consumer,Italy,Europe,Office Supplies,Highlighters Neon Pack 6,3.00,6.18,15,15.76,9.18,-1.76,Credit Card,-11.17%,58.25%
ORD-10979,05/06/2023,Zara Kim,Corporate,Mexico,North America,Technology,Laptop Stand Adjustable,8.00,64.14,15,436.15,22.64,131.29,Credit Card,30.10%,5.19%
ORD-10816,06/06/2023,Jennifer Nilsson,Consumer,Japan,Asia Pacific,Technology,Wireless Ergonomic Mouse,1.00,29.03,5,27.58,10.81,0.80,Credit Card,2.90%,39.20%
ORD-11468,06/06/2023,Christopher Harris,Consumer,Australia,Asia Pacific,Office Supplies,Ballpoint Pen Pack 12,1.00,6.69,0,6.69,10.56,-6.88,Cash on Delivery,-102.84%,157.85%
ORD-11539,06/06/2023,Marco Martin,Consumer,Australia,Asia Pacific,Technology,Laptop Stand Adjustable,4.00,59.29,20,189.73,13.59,45.70,Cash on Delivery,24.09%,7.16%
ORD-11609,06/06/2023,Emma Zhang,Corporate,Saudi Arabia,Middle East & Africa,Clothing & Accessories,Leather Wallet Minimalist,1.00,31.48,5,29.91,12.24,1.93,PayPal,6.45%,40.92%
ORD-11707,06/06/2023,David Smith,Corporate,France,Europe,Office Supplies,Stapler Full-Size,3.00,7.93,0,23.79,14.01,-0.93,PayPal,-3.91%,58.89%
ORD-10177,07/06/2023,Wei Romano,Consumer,Nigeria,Middle East & Africa,Technology,Tablet Stand Holder,6.00,24.62,5,140.33,24.76,34.32,Credit Card,24.46%,17.64%
ORD-10817,07/06/2023,Zara Rodriguez,Corporate,United Kingdom,Europe,Technology,Noise Cancelling Earbuds,4.00,72.94,20,233.41,16.18,56.76,Cash on Delivery,24.32%,6.93%
ORD-11080,07/06/2023,Zara Ferrari,Consumer,United States,North America,Technology,Wireless Ergonomic Mouse,2.00,32.45,10,58.41,8.62,14.09,Credit Card,24.12%,14.76%
ORD-10376,08/06/2023,Omar Garcia,Corporate,China,Asia Pacific,Office Supplies,Highlighters Neon Pack 6,6.00,5.73,15,29.22,18.91,-5.16,Cash on Delivery,-17.66%,64.72%
ORD-10726,08/06/2023,Hans Yamamoto,Consumer,South Korea,Asia Pacific,Clothing & Accessories,Leather Wallet Minimalist,4.00,38.87,5,147.71,14.04,55.93,Credit Card,37.86%,9.51%
ORD-11103,08/06/2023,Nadia Costa,Consumer,United States,North America,Office Supplies,Binder Clips Assorted 48pc,2.00,6.85,0,13.70,7.41,0.12,Credit Card,0.88%,54.09%
ORD-10727,09/06/2023,Mia Sharma,Consumer,United States,North America,Furniture,Desk Organizer Set,2.00,16.26,5,30.89,6.26,5.12,PayPal,16.57%,20.27%
ORD-10772,09/06/2023,William Hassan,Corporate,Saudi Arabia,Middle East & Africa,Technology,Wireless Ergonomic Mouse,1.00,23.01,5,21.86,13.14,-3.94,Credit Card,-18.02%,60.11%
ORD-11060,09/06/2023,Ali Johansson,Home Office,Saudi Arabia,Middle East & Africa,Office Supplies,Premium Notebook Set A5,4.00,22.50,15,76.50,20.57,15.43,Cash on Delivery,20.17%,26.89%
ORD-11322,10/06/2023,Amir Chen,Consumer,Canada,North America,Furniture,Ergonomic Office Chair,3.00,229.47,15,585.15,9.83,162.27,Credit Card,27.73%,1.68%
ORD-10146,11/06/2023,Ethan Park,Home Office,Canada,North America,Furniture,Corner L-Shaped Desk,5.00,336.47,0,1682.35,15.78,657.16,Credit Card,39.06%,0.94%
ORD-11048,11/06/2023,Christopher Robinson,Consumer,Australia,Asia Pacific,Furniture,Bookshelf 5-Tier,2.00,122.54,0,245.08,11.78,86.25,Credit Card,35.19%,4.81%
ORD-11155,11/06/2023,Noah Khan,Home Office,United States,North America,Technology,Portable External SSD 1TB,5.00,88.03,15,374.13,16.63,115.42,Credit Card,30.85%,4.44%
ORD-11376,11/06/2023,Linda Smith,Consumer,United Kingdom,Europe,Furniture,Desk Organizer Set,4.00,24.66,0,98.64,16.03,23.43,Cash on Delivery,23.75%,16.25%
ORD-11535,11/06/2023,Isabella Jackson,Consumer,Italy,Europe,Technology,Webcam HD 1080p,3.00,60.58,10,163.57,9.75,53.86,Credit Card,32.93%,5.96%
ORD-10114,12/06/2023,Sarah Kim,Corporate,United Kingdom,Europe,Technology,Mechanical Gaming Keyboard,3.00,158.55,15,404.30,11.67,131.02,Credit Card,32.41%,2.89%
ORD-11031,12/06/2023,James Suzuki,Corporate,United States,North America,Furniture,Floating Wall Shelves Set,6.00,43.48,15,221.75,13.94,51.28,Bank Transfer,23.13%,6.29%
ORD-11133,12/06/2023,Wei Harris,Consumer,Japan,Asia Pacific,Technology,Laptop Stand Adjustable,15.00,33.12,0,496.80,38.18,185.38,Credit Card,37.31%,7.69%
ORD-10349,13/06/2023,Thomas Li,Consumer,Mexico,North America,Technology,Smart LED Desk Lamp,1.00,30.15,15,25.63,6.60,2.45,Credit Card,9.56%,25.75%
ORD-11733,13/06/2023,Michael Khan,Corporate,Mexico,North America,Office Supplies,Tape Dispenser Heavy Duty,3.00,18.83,10,50.84,10.96,14.46,Credit Card,28.44%,21.56%
ORD-10358,14/06/2023,Isabella Ahmed,Consumer,India,Asia Pacific,Clothing & Accessories,Leather Belt Classic,5.00,17.24,0,86.20,16.20,26.90,Credit Card,31.21%,18.79%
ORD-11932,14/06/2023,Felix Hassan,Home Office,Italy,Europe,Office Supplies,Paper Clips Box 500pc,1.00,6.68,15,5.68,8.22,-5.55,Credit Card,-97.71%,144.72%
ORD-10042,17/06/2023,Amir Thompson,Corporate,South Africa,Middle East & Africa,Furniture,Floating Wall Shelves Set,9.00,33.65,5,287.71,16.74,89.26,Cash on Delivery,31.02%,5.82%
ORD-10569,17/06/2023,Chen Miller,Consumer,Italy,Europe,Technology,Smart LED Desk Lamp,3.00,69.43,5,197.88,10.72,72.60,PayPal,36.69%,5.42%
ORD-11665,18/06/2023,Priya Jackson,Consumer,Italy,Europe,Furniture,Corner L-Shaped Desk,10.00,398.27,5,3783.56,20.31,1373.63,Cash on Delivery,36.31%,0.54%
ORD-10876,19/06/2023,Karen Wang,Corporate,Saudi Arabia,Middle East & Africa,Furniture,Standing Desk Converter,4.00,114.01,0,456.04,13.78,168.64,PayPal,36.98%,3.02%
ORD-11258,19/06/2023,Carlos Dubois,Consumer,Brazil,South America,Clothing & Accessories,Polarized Sunglasses,1.00,79.09,20,63.27,10.51,13.22,Credit Card,20.89%,16.61%
ORD-11375,19/06/2023,Raj Chen,Home Office,Japan,Asia Pacific,Office Supplies,Desk Calendar 2025,2.00,12.13,15,20.62,12.26,-2.56,Cash on Delivery,-12.42%,59.46%
ORD-10546,20/06/2023,Xiao Taylor,Corporate,UAE,Middle East & Africa,Furniture,Monitor Riser Wood,4.00,42.27,15,143.72,16.60,25.67,Bank Transfer,17.86%,11.55%
ORD-10860,21/06/2023,Fatima Jackson,Home Office,Germany,Europe,Technology,Tablet Stand Holder,3.00,48.52,15,123.73,13.06,30.61,Credit Card,24.74%,10.56%
ORD-11307,22/06/2023,William Clark,Corporate,Mexico,North America,Clothing & Accessories,Sports Water Bottle 750ml,4.00,27.60,10,99.36,13.33,30.83,PayPal,31.03%,13.42%
ORD-10182,23/06/2023,Emma Pereira,Consumer,Canada,North America,Office Supplies,Tape Dispenser Heavy Duty,11.00,23.39,10,231.56,14.23,101.55,Credit Card,43.85%,6.15%
ORD-10674,23/06/2023,Ahmed Garcia,Corporate,UAE,Middle East & Africa,Clothing & Accessories,Sports Water Bottle 750ml,10.00,14.57,5,138.41,35.54,30.02,PayPal,21.69%,25.68%
ORD-11336,23/06/2023,Ayumi Robinson,Corporate,Australia,Asia Pacific,Furniture,Mesh Back Task Chair,1.00,250.47,5,237.95,10.78,76.89,Bank Transfer,32.31%,4.53%
ORD-10712,24/06/2023,Mary Johansson,Consumer,India,Asia Pacific,Technology,Wireless Ergonomic Mouse,7.00,57.98,15,344.98,16.80,104.96,PayPal,30.42%,4.87%
ORD-10788,26/06/2023,Michael Martin,Consumer,Saudi Arabia,Middle East & Africa,Office Supplies,Desk Calendar 2025,1.00,19.94,10,17.95,11.66,-2.68,Credit Card,-14.93%,64.96%
ORD-10212,27/06/2023,Karen Sato,Corporate,Germany,Europe,Clothing & Accessories,Leather Belt Classic,3.00,45.10,10,121.77,14.28,39.84,Credit Card,32.72%,11.73%
ORD-11068,27/06/2023,Isabella Kumar,Corporate,Italy,Europe,Office Supplies,Desk Calendar 2025,2.00,10.66,10,19.19,11.01,-1.41,Cash on Delivery,-7.35%,57.37%
ORD-11653,27/06/2023,Carlos Rodriguez,Consumer,UAE,Middle East & Africa,Clothing & Accessories,Silk Tie Collection,1.00,26.53,0,26.53,13.43,-0.16,Cash on Delivery,-0.60%,50.62%
ORD-11771,27/06/2023,James Tanaka,Consumer,Saudi Arabia,Middle East & Africa,Furniture,Floating Wall Shelves Set,5.00,94.63,0,473.15,18.91,170.35,Credit Card,36.00%,4.00%
ORD-10480,28/06/2023,Priya Thomas,Consumer,Italy,Europe,Clothing & Accessories,Polarized Sunglasses,2.00,30.06,10,54.11,11.77,12.28,Cash on Delivery,22.69%,21.75%
ORD-10700,28/06/2023,Mia Harris,Corporate,Canada,North America,Clothing & Accessories,Leather Belt Classic,3.00,40.18,0,120.54,12.31,47.96,Cash on Delivery,39.79%,10.21%
ORD-10661,29/06/2023,Olga Nilsson,Consumer,Canada,North America,Technology,Webcam HD 1080p,9.00,74.43,10,602.88,11.59,222.86,Credit Card,36.97%,1.92%
ORD-10747,29/06/2023,Olga Patel,Consumer,Japan,Asia Pacific,Clothing & Accessories,Cotton Formal Shirt,1.00,24.48,20,19.58,9.71,-2.37,Bank Transfer,-12.10%,49.59%
ORD-10432,01/07/2023,Priya Schmidt,Corporate,Spain,Europe,Technology,Laptop Stand Adjustable,3.00,62.62,10,169.07,12.18,53.57,Cash on Delivery,31.69%,7.20%
ORD-10483,01/07/2023,Noah Jones,Home Office,Australia,Asia Pacific,Technology,Portable External SSD 1TB,3.00,97.31,10,262.74,15.03,87.15,Credit Card,33.17%,5.72%
ORD-10792,01/07/2023,Oscar Schmidt,Consumer,Australia,Asia Pacific,Office Supplies,Stapler Full-Size,5.00,18.79,10,84.55,15.23,27.04,PayPal,31.98%,18.01%
ORD-11387,01/07/2023,Marco Harris,Consumer,UAE,Middle East & Africa,Furniture,Corner L-Shaped Desk,1.00,192.58,20,154.06,12.06,26.45,PayPal,17.17%,7.83%
ORD-11564,01/07/2023,Giulia Johnson,Corporate,Mexico,North America,Clothing & Accessories,Cotton Formal Shirt,3.00,48.59,15,123.90,9.90,41.12,Credit Card,33.19%,7.99%
ORD-10381,03/07/2023,Sophie Harris,Consumer,India,Asia Pacific,Technology,Smart LED Desk Lamp,2.00,46.18,5,87.74,12.38,24.56,Credit Card,27.99%,14.11%
ORD-11603,03/07/2023,Lucas Chen,Corporate,Saudi Arabia,Middle East & Africa,Furniture,Standing Desk Converter,7.00,309.68,20,1734.21,19.94,413.61,Credit Card,23.85%,1.15%
ORD-11019,04/07/2023,Robert Smith,Home Office,South Africa,Middle East & Africa,Furniture,Desk Organizer Set,1.00,24.14,0,24.14,13.18,-3.52,Credit Card,-14.58%,54.60%
ORD-10977,05/07/2023,Ingrid Khan,Home Office,Mexico,North America,Office Supplies,Whiteboard Markers Set 8,4.00,15.95,15,54.23,8.62,16.90,Cash on Delivery,31.16%,15.90%
ORD-10008,06/07/2023,Lucas White,Home Office,Canada,North America,Office Supplies,Ballpoint Pen Pack 12,1.00,6.99,10,6.29,6.69,-3.55,Credit Card,-56.44%,106.36%
ORD-11100,06/07/2023,Nadia Jackson,Corporate,United States,North America,Office Supplies,Stapler Full-Size,2.00,19.72,10,35.50,6.38,11.37,Bank Transfer,32.03%,17.97%
ORD-11464,06/07/2023,Chen Jones,Home Office,Japan,Asia Pacific,Furniture,Bookshelf 5-Tier,4.00,194.07,0,776.28,11.42,299.09,Credit Card,38.53%,1.47%
ORD-11562,06/07/2023,Susan Miller,Corporate,Mexico,North America,Technology,Smart LED Desk Lamp,2.00,52.02,15,88.43,7.14,24.07,PayPal,27.22%,8.07%
ORD-10083,07/07/2023,Priya Thomas,Home Office,Argentina,South America,Office Supplies,Stapler Full-Size,1.00,19.62,5,18.64,12.48,-2.67,Bank Transfer,-14.32%,66.95%
ORD-10112,07/07/2023,Ahmed Thompson,Consumer,Italy,Europe,Clothing & Accessories,Silk Tie Collection,7.00,43.03,20,240.97,16.31,74.05,Credit Card,30.73%,6.77%
ORD-11077,08/07/2023,Diego Kim,Home Office,Spain,Europe,Technology,Laptop Stand Adjustable,5.00,50.01,0,250.05,19.34,93.18,Credit Card,37.26%,7.73%
ORD-10003,09/07/2023,Priya Martinez,Consumer,Japan,Asia Pacific,Furniture,Desk Organizer Set,3.00,53.14,15,135.51,14.88,24.98,PayPal,18.43%,10.98%
ORD-10024,09/07/2023,Giulia Dubois,Consumer,Brazil,South America,Office Supplies,Paper Clips Box 500pc,2.00,3.31,0,6.62,14.92,-11.28,Credit Card,-170.39%,225.38%
ORD-10404,10/07/2023,Carlos Schmidt,Corporate,United Kingdom,Europe,Office Supplies,Whiteboard Markers Set 8,2.00,11.90,0,23.80,9.71,3.38,PayPal,14.20%,40.80%
ORD-11154,10/07/2023,Oscar Johnson,Consumer,United States,North America,Clothing & Accessories,Sports Water Bottle 750ml,6.00,21.26,5,121.18,9.14,48.26,Credit Card,39.83%,7.54%
ORD-11859,10/07/2023,Jennifer Garcia,Consumer,Canada,North America,Clothing & Accessories,Polarized Sunglasses,1.00,59.16,10,53.24,6.60,17.06,Credit Card,32.04%,12.40%
ORD-10107,11/07/2023,Noah Santos,Consumer,South Korea,Asia Pacific,Office Supplies,Binder Clips Assorted 48pc,1.00,10.59,5,10.06,11.40,-6.11,Credit Card,-60.74%,113.32%
ORD-11182,11/07/2023,Elizabeth Harris,Corporate,Mexico,North America,Technology,Webcam HD 1080p,6.00,62.93,0,377.58,13.89,156.02,Bank Transfer,41.32%,3.68%
ORD-11380,12/07/2023,Ali Jones,Consumer,Mexico,North America,Clothing & Accessories,Wool Blend Scarf,4.00,54.62,0,218.48,11.36,97.88,Credit Card,44.80%,5.20%
ORD-10015,13/07/2023,Jamal Harris,Corporate,Saudi Arabia,Middle East & Africa,Technology,Smart LED Desk Lamp,2.00,42.71,20,68.34,12.22,9.14,PayPal,13.37%,17.88%
ORD-10545,13/07/2023,Elizabeth Williams,Corporate,Italy,Europe,Furniture,Folding Table Portable,2.00,113.15,10,203.67,11.07,56.82,Credit Card,27.90%,5.44%
ORD-10961,13/07/2023,Lucas Suzuki,Corporate,Brazil,South America,Technology,Wireless Ergonomic Mouse,1.00,61.50,15,52.27,10.75,7.70,Credit Card,14.73%,20.57%
ORD-10511,14/07/2023,Clara Nilsson,Consumer,Japan,Asia Pacific,Office Supplies,Paper Clips Box 500pc,5.00,3.47,5,16.48,13.60,-4.93,Bank Transfer,-29.92%,82.52%
ORD-11806,14/07/2023,Ali Harris,Consumer,Australia,Asia Pacific,Furniture,Ergonomic Office Chair,5.00,394.43,5,1873.54,12.10,678.15,Bank Transfer,36.20%,0.65%
ORD-10283,15/07/2023,Hans Singh,Home Office,Spain,Europe,Furniture,Filing Cabinet 3-Drawer,4.00,161.93,10,582.95,10.19,184.13,Bank Transfer,31.59%,1.75%
ORD-10625,15/07/2023,Olga Schmidt,Consumer,South Korea,Asia Pacific,Furniture,Ergonomic Office Chair,7.00,233.89,0,1637.23,21.29,633.60,Credit Card,38.70%,1.30%
ORD-11098,16/07/2023,David Thompson,Consumer,Germany,Europe,Clothing & Accessories,Polarized Sunglasses,7.00,30.70,10,193.41,10.64,75.32,Credit Card,38.94%,5.50%
ORD-11395,16/07/2023,Priya Ali,Home Office,United Kingdom,Europe,Clothing & Accessories,Leather Belt Classic,5.00,21.72,0,108.60,10.04,44.26,PayPal,40.76%,9.24%
ORD-10090,17/07/2023,Jamal Jones,Consumer,Canada,North America,Office Supplies,Whiteboard Markers Set 8,3.00,18.99,10,51.27,9.87,15.76,Credit Card,30.74%,19.25%
ORD-10904,18/07/2023,Thomas Thompson,Consumer,India,Asia Pacific,Technology,Wireless Bluetooth Headphones,1.00,190.35,10,171.31,10.96,55.66,PayPal,32.49%,6.40%
ORD-10266,19/07/2023,Fatima Costa,Corporate,India,Asia Pacific,Furniture,Monitor Riser Wood,3.00,64.89,25,146.00,16.18,13.02,Cash on Delivery,8.92%,11.08%
ORD-10424,19/07/2023,Diego Davis,Corporate,Spain,Europe,Clothing & Accessories,Leather Belt Classic,2.00,27.32,10,49.18,10.74,11.12,PayPal,22.61%,21.84%
ORD-11061,19/07/2023,Omar Müller,Consumer,China,Asia Pacific,Technology,Mechanical Gaming Keyboard,10.00,133.95,10,1205.55,21.46,447.36,Credit Card,37.11%,1.78%
ORD-11808,19/07/2023,Mary Weber,Corporate,Canada,North America,Technology,Smart LED Desk Lamp,2.00,56.54,5,107.43,7.32,37.92,PayPal,35.30%,6.81%
ORD-10326,20/07/2023,Amina Johansson,Corporate,Spain,Europe,Furniture,Monitor Riser Wood,1.00,51.24,20,40.99,8.07,2.18,Cash on Delivery,5.32%,19.69%
ORD-11349,20/07/2023,Liam Clark,Consumer,Argentina,South America,Technology,Mechanical Gaming Keyboard,13.00,145.33,5,1794.83,36.04,719.68,Cash on Delivery,40.10%,2.01%
ORD-10681,22/07/2023,Ethan Chen,Corporate,Canada,North America,Clothing & Accessories,Leather Belt Classic,5.00,27.72,5,131.67,15.56,46.81,PayPal,35.55%,11.82%
ORD-10996,22/07/2023,Clara Williams,Consumer,Argentina,South America,Clothing & Accessories,Cotton Formal Shirt,2.00,53.18,5,101.04,13.30,34.56,PayPal,34.20%,13.16%
ORD-11167,22/07/2023,Christopher Davis,Consumer,France,Europe,Technology,Noise Cancelling Earbuds,5.00,167.91,0,839.55,15.17,362.63,Cash on Delivery,43.19%,1.81%
ORD-11391,22/07/2023,James Taylor,Consumer,China,Asia Pacific,Office Supplies,Stapler Full-Size,1.00,16.43,5,15.61,11.32,-3.10,Bank Transfer,-19.86%,72.52%
ORD-10949,24/07/2023,Chen Johnson,Consumer,Nigeria,Middle East & Africa,Furniture,Monitor Riser Wood,2.00,71.01,15,120.72,13.20,22.31,Cash on Delivery,18.48%,10.93%
ORD-11494,25/07/2023,Fatima Smith,Corporate,Colombia,South America,Clothing & Accessories,Canvas Messenger Bag,1.00,41.08,0,41.08,11.71,8.83,Cash on Delivery,21.49%,28.51%
ORD-10240,26/07/2023,Lucas Jones,Consumer,Argentina,South America,Furniture,Desk Organizer Set,1.00,21.14,20,16.91,12.08,-7.85,Cash on Delivery,-46.42%,71.44%
ORD-10945,26/07/2023,Karen Thomas,Corporate,United States,North America,Technology,Tablet Stand Holder,1.00,52.78,0,52.78,6.20,17.55,Credit Card,33.25%,11.75%
ORD-11589,27/07/2023,Priya Nilsson,Consumer,UAE,Middle East & Africa,Office Supplies,Stapler Full-Size,1.00,13.41,10,12.07,12.56,-6.52,PayPal,-54.02%,104.06%
ORD-11824,27/07/2023,Elizabeth Sato,Consumer,UAE,Middle East & Africa,Furniture,Floating Wall Shelves Set,4.00,75.90,0,303.60,14.96,106.48,PayPal,35.07%,4.93%
ORD-10045,28/07/2023,Sakura Jones,Corporate,Saudi Arabia,Middle East & Africa,Office Supplies,Paper Clips Box 500pc,3.00,8.95,0,26.85,18.40,-3.63,Bank Transfer,-13.52%,68.53%
ORD-11229,28/07/2023,Xiao Smith,Consumer,Brazil,South America,Technology,USB-C Hub Multiport Adapter,1.00,20.02,15,17.02,10.98,-4.97,PayPal,-29.20%,64.51%
ORD-11934,28/07/2023,Robert Park,Consumer,United States,North America,Office Supplies,Desk Calendar 2025,1.00,10.76,10,9.68,6.28,-1.44,PayPal,-14.88%,64.88%
ORD-10001,29/07/2023,Joseph Johnson,Corporate,United States,North America,Office Supplies,Tape Dispenser Heavy Duty,2.00,9.48,0,18.96,6.87,3.56,PayPal,18.78%,36.23%
ORD-11199,29/07/2023,Liam Wang,Consumer,China,Asia Pacific,Technology,Tablet Stand Holder,3.00,33.19,15,84.63,11.24,18.63,Credit Card,22.01%,13.28%
ORD-11680,30/07/2023,Olivia Sharma,Corporate,UAE,Middle East & Africa,Furniture,Monitor Riser Wood,3.00,73.54,15,187.53,13.35,41.81,Bank Transfer,22.30%,7.12%
ORD-10755,31/07/2023,William Martinez,Corporate,South Korea,Asia Pacific,Technology,Tablet Stand Holder,1.00,19.91,5,18.91,9.86,-1.90,Credit Card,-10.05%,52.14%
ORD-11247,31/07/2023,Felix Costa,Home Office,Saudi Arabia,Middle East & Africa,Furniture,Bookshelf 5-Tier,4.00,96.50,20,308.80,14.49,62.71,Bank Transfer,20.31%,4.69%
ORD-10225,01/08/2023,Noah Smith,Corporate,France,Europe,Technology,Mechanical Gaming Keyboard,10.00,104.58,30,732.06,14.85,142.02,Credit Card,19.40%,2.03%
ORD-10281,01/08/2023,Thomas Chen,Corporate,Brazil,South America,Furniture,Folding Table Portable,3.00,83.44,10,225.29,15.17,59.93,Bank Transfer,26.60%,6.73%
ORD-10980,01/08/2023,Olivia Moreau,Consumer,Canada,North America,Clothing & Accessories,Canvas Messenger Bag,10.00,64.87,5,616.26,14.50,277.41,Bank Transfer,45.02%,2.35%
ORD-11339,01/08/2023,Noah Oliveira,Consumer,United Kingdom,Europe,Furniture,Mesh Back Task Chair,3.00,182.51,5,520.15,8.90,182.73,PayPal,35.13%,1.71%
ORD-10459,02/08/2023,Noah Russo,Home Office,Japan,Asia Pacific,Office Supplies,Tape Dispenser Heavy Duty,5.00,10.99,5,52.20,12.66,14.81,Cash on Delivery,28.37%,24.25%
ORD-10885,03/08/2023,Amir Singh,Corporate,Mexico,North America,Office Supplies,Premium Notebook Set A5,3.00,10.70,5,30.49,11.92,4.13,Credit Card,13.55%,39.09%
ORD-10680,04/08/2023,Mary Miller,Consumer,Argentina,South America,Office Supplies,Ballpoint Pen Pack 12,5.00,7.28,5,34.58,20.71,-2.51,PayPal,-7.26%,59.89%
ORD-11530,04/08/2023,Olivia Rossi,Consumer,Saudi Arabia,Middle East & Africa,Furniture,Folding Table Portable,2.00,44.23,10,79.61,13.70,12.83,PayPal,16.12%,17.21%
ORD-11642,04/08/2023,Wei Li,Corporate,Mexico,North America,Technology,Wireless Bluetooth Headphones,2.00,151.07,25,226.60,7.84,52.58,Credit Card,23.20%,3.46%
ORD-10228,05/08/2023,Sakura Rodriguez,Corporate,China,Asia Pacific,Technology,Wireless Ergonomic Mouse,1.00,35.70,10,32.13,11.04,1.46,PayPal,4.54%,34.36%
ORD-10254,05/08/2023,Christopher Rossi,Corporate,Japan,Asia Pacific,Office Supplies,Ballpoint Pen Pack 12,7.00,15.21,20,85.18,24.79,12.48,Credit Card,14.65%,29.10%
ORD-10418,05/08/2023,Michael Rodriguez,Consumer,Brazil,South America,Furniture,Standing Desk Converter,1.00,206.62,10,185.96,11.69,50.30,Bank Transfer,27.05%,6.29%
ORD-10842,06/08/2023,Hans Anderson,Consumer,Colombia,South America,Clothing & Accessories,Canvas Messenger Bag,1.00,34.17,15,29.04,12.01,-0.06,Credit Card,-0.21%,41.36%
ORD-11769,06/08/2023,Liam Johansson,Corporate,South Africa,Middle East & Africa,Office Supplies,Desk Calendar 2025,5.00,9.43,5,44.79,22.42,1.15,Credit Card,2.57%,50.06%
ORD-11929,06/08/2023,James Schmidt,Consumer,India,Asia Pacific,Technology,Webcam HD 1080p,3.00,67.35,0,202.05,12.44,78.48,PayPal,38.84%,6.16%
ORD-11501,07/08/2023,Wei Yamamoto,Corporate,Spain,Europe,Clothing & Accessories,Canvas Messenger Bag,3.00,75.47,5,215.09,10.40,91.48,Bank Transfer,42.53%,4.84%
ORD-10363,08/08/2023,Linda Brown,Consumer,Mexico,North America,Technology,Mechanical Gaming Keyboard,3.00,91.18,10,246.19,8.58,87.16,Cash on Delivery,35.40%,3.49%
ORD-10496,08/08/2023,Jamal Ahmed,Corporate,Mexico,North America,Technology,Webcam HD 1080p,2.00,88.88,10,159.98,7.63,54.58,Bank Transfer,34.12%,4.77%
ORD-11960,08/08/2023,Ahmed Singh,Home Office,United Kingdom,Europe,Furniture,Mesh Back Task Chair,3.00,120.89,20,290.14,14.12,58.42,PayPal,20.14%,4.87%
ORD-10838,09/08/2023,Pierre Wang,Consumer,France,Europe,Clothing & Accessories,Business Casual Blazer,8.00,48.11,20,307.90,25.57,89.89,PayPal,29.19%,8.30%
ORD-11909,10/08/2023,Ivan Davis,Corporate,Australia,Asia Pacific,Furniture,Folding Table Portable,5.00,79.11,10,356.00,16.05,102.62,Credit Card,28.83%,4.51%
ORD-10030,11/08/2023,Giulia Taylor,Corporate,Brazil,South America,Office Supplies,Whiteboard Markers Set 8,2.00,17.66,15,30.02,13.05,1.08,Credit Card,3.60%,43.47%
ORD-11169,11/08/2023,Hanna Rossi,Consumer,Germany,Europe,Office Supplies,Binder Clips Assorted 48pc,5.00,7.76,10,34.92,15.79,1.67,PayPal,4.78%,45.22%
ORD-11178,11/08/2023,William Kim,Consumer,Canada,North America,Furniture,Bookshelf 5-Tier,3.00,97.26,10,262.60,10.56,76.97,Cash on Delivery,29.31%,4.02%
ORD-10651,12/08/2023,Giulia Pereira,Consumer,South Korea,Asia Pacific,Clothing & Accessories,Leather Belt Classic,1.00,18.19,0,18.19,9.63,-0.54,Credit Card,-2.97%,52.94%
ORD-10737,12/08/2023,Barbara Hassan,Consumer,Australia,Asia Pacific,Technology,Laptop Stand Adjustable,8.00,75.46,15,513.13,16.19,164.92,Credit Card,32.14%,3.16%
ORD-10952,13/08/2023,Karen Zhang,Home Office,India,Asia Pacific,Office Supplies,Premium Notebook Set A5,2.00,16.46,10,29.63,13.64,1.18,Credit Card,3.98%,46.03%
ORD-11481,13/08/2023,Clara Clark,Home Office,Mexico,North America,Furniture,Monitor Riser Wood,1.00,55.59,5,52.81,6.11,13.35,Credit Card,25.28%,11.57%
ORD-10852,14/08/2023,Oscar White,Corporate,United States,North America,Clothing & Accessories,Travel Backpack 30L,1.00,78.86,10,70.97,7.40,24.14,Credit Card,34.01%,10.43%
ORD-11667,14/08/2023,John Brown,Consumer,Germany,Europe,Technology,Noise Cancelling Earbuds,1.00,89.29,5,84.83,9.18,26.54,PayPal,31.29%,10.82%
ORD-10277,15/08/2023,Amina Ali,Consumer,United States,North America,Clothing & Accessories,Leather Wallet Minimalist,1.00,22.46,5,21.34,6.95,3.16,Credit Card,14.81%,32.57%
ORD-10356,15/08/2023,Oscar Thomas,Home Office,Canada,North America,Office Supplies,Stapler Full-Size,4.00,12.89,5,48.98,9.57,16.21,Credit Card,33.10%,19.54%
ORD-10367,15/08/2023,Karen Russo,Consumer,France,Europe,Technology,Laptop Stand Adjustable,9.00,27.41,0,246.69,12.06,98.95,Credit Card,40.11%,4.89%
ORD-10558,16/08/2023,Susan Wang,Consumer,Argentina,South America,Clothing & Accessories,Travel Backpack 30L,6.00,78.77,0,472.62,19.75,216.56,PayPal,45.82%,4.18%
ORD-11332,16/08/2023,Fatima Patel,Home Office,Mexico,North America,Clothing & Accessories,Business Casual Blazer,1.00,62.43,10,56.19,7.27,17.70,Credit Card,31.50%,12.94%
ORD-11526,16/08/2023,Ethan Kim,Corporate,Colombia,South America,Clothing & Accessories,Business Casual Blazer,1.00,59.71,15,50.75,11.43,9.46,PayPal,18.64%,22.52%
ORD-11846,16/08/2023,Jennifer Garcia,Consumer,Argentina,South America,Clothing & Accessories,Business Casual Blazer,2.00,148.55,10,267.39,14.84,104.00,Cash on Delivery,38.89%,5.55%
ORD-10917,17/08/2023,Kenji Suzuki,Corporate,Canada,North America,Office Supplies,Whiteboard Markers Set 8,2.00,12.61,25,18.91,9.18,-1.62,Credit Card,-8.57%,48.55%
ORD-11070,18/08/2023,Wei Santos,Corporate,Canada,North America,Clothing & Accessories,Sports Water Bottle 750ml,1.00,8.92,0,8.92,7.37,-2.91,PayPal,-32.62%,82.62%
ORD-11557,18/08/2023,Liam Pereira,Home Office,Australia,Asia Pacific,Clothing & Accessories,Cotton Formal Shirt,3.00,48.47,20,116.33,10.91,32.72,Bank Transfer,28.13%,9.38%
ORD-10783,19/08/2023,Ava Clark,Corporate,Nigeria,Middle East & Africa,Technology,Noise Cancelling Earbuds,1.00,156.51,30,109.56,13.21,10.27,PayPal,9.37%,12.06%
ORD-10954,19/08/2023,Mary Hassan,Home Office,United States,North America,Clothing & Accessories,Leather Wallet Minimalist,6.00,64.17,10,346.52,9.61,144.40,PayPal,41.67%,2.77%
ORD-11085,19/08/2023,Felix Smith,Consumer,United Kingdom,Europe,Furniture,Monitor Riser Wood,1.00,57.21,15,48.63,7.77,6.53,Cash on Delivery,13.43%,15.98%
ORD-11684,19/08/2023,Barbara Jones,Consumer,Mexico,North America,Office Supplies,Binder Clips Assorted 48pc,1.00,14.44,5,13.72,6.28,0.94,Credit Card,6.85%,45.77%
ORD-10820,22/08/2023,Christopher Williams,Home Office,Australia,Asia Pacific,Technology,Wireless Bluetooth Headphones,3.00,100.41,5,286.17,16.29,104.20,Credit Card,36.41%,5.69%
ORD-11293,22/08/2023,Priya Weber,Consumer,Saudi Arabia,Middle East & Africa,Office Supplies,Premium Notebook Set A5,2.00,8.30,5,15.77,15.44,-7.14,PayPal,-45.28%,97.91%
ORD-11529,22/08/2023,Patricia Jackson,Corporate,Italy,Europe,Office Supplies,Stapler Full-Size,12.00,10.19,10,110.05,25.93,29.09,Credit Card,26.43%,23.56%
ORD-10009,23/08/2023,Xiao Laurent,Consumer,Japan,Asia Pacific,Office Supplies,Tape Dispenser Heavy Duty,5.00,20.76,5,98.61,14.44,37.46,Credit Card,37.99%,14.64%
ORD-10301,23/08/2023,Jamal Leroy,Home Office,Brazil,South America,Office Supplies,Highlighters Neon Pack 6,4.00,6.40,20,20.48,13.95,-4.99,Credit Card,-24.37%,68.12%
ORD-10738,23/08/2023,Liam Ali,Home Office,Italy,Europe,Technology,Wireless Bluetooth Headphones,9.00,156.74,0,1410.66,15.34,619.46,PayPal,43.91%,1.09%
ORD-11681,23/08/2023,Barbara Ali,Consumer,Brazil,South America,Furniture,Folding Table Portable,2.00,127.96,0,255.92,12.79,89.58,Credit Card,35.00%,5.00%
ORD-11234,24/08/2023,Ivan Pereira,Home Office,Saudi Arabia,Middle East & Africa,Clothing & Accessories,Leather Belt Classic,14.00,36.74,5,488.64,27.48,203.98,PayPal,41.74%,5.62%
ORD-10023,25/08/2023,Omar Singh,Consumer,South Africa,Middle East & Africa,Clothing & Accessories,Sports Water Bottle 750ml,2.00,11.42,0,22.84,13.37,-1.95,PayPal,-8.54%,58.54%
ORD-11515,25/08/2023,Ethan Rodriguez,Corporate,Italy,Europe,Clothing & Accessories,Wool Blend Scarf,4.00,37.02,10,133.27,9.44,49.79,Cash on Delivery,37.36%,7.08%
ORD-11537,25/08/2023,Pierre Romano,Consumer,Canada,North America,Technology,Portable External SSD 1TB,9.00,82.15,10,665.42,21.38,237.40,Bank Transfer,35.68%,3.21%
ORD-10550,27/08/2023,Omar Park,Consumer,United Kingdom,Europe,Technology,USB-C Hub Multiport Adapter,2.00,53.25,5,101.17,8.08,34.52,PayPal,34.12%,7.99%
ORD-10927,27/08/2023,Michael Khan,Corporate,Canada,North America,Furniture,Corner L-Shaped Desk,3.00,185.14,5,527.65,9.42,184.98,PayPal,35.06%,1.79%
ORD-11657,27/08/2023,Richard Tanaka,Consumer,South Africa,Middle East & Africa,Clothing & Accessories,Silk Tie Collection,3.00,29.47,10,79.57,14.83,20.53,Credit Card,25.80%,18.64%
ORD-10201,29/08/2023,Ayumi Martin,Consumer,Nigeria,Middle East & Africa,Office Supplies,Sticky Notes Multicolor 6-Pack,5.00,6.31,10,28.39,22.11,-7.92,PayPal,-27.90%,77.88%
ORD-10457,29/08/2023,Omar Hassan,Consumer,China,Asia Pacific,Clothing & Accessories,Cotton Formal Shirt,6.00,50.95,25,229.28,18.09,58.34,PayPal,25.44%,7.89%
ORD-10219,30/08/2023,Giulia Anderson,Consumer,India,Asia Pacific,Office Supplies,Premium Notebook Set A5,2.00,13.70,5,26.03,11.05,2.65,Cash on Delivery,10.18%,42.45%
ORD-10571,30/08/2023,Chen Rodriguez,Home Office,Spain,Europe,Office Supplies,Highlighters Neon Pack 6,5.00,8.73,20,34.92,13.19,2.09,Cash on Delivery,5.99%,37.77%
ORD-10688,30/08/2023,Mia Davis,Consumer,South Korea,Asia Pacific,Technology,Wireless Ergonomic Mouse,1.00,34.68,10,31.21,10.64,1.50,Credit Card,4.81%,34.09%
ORD-11628,30/08/2023,Isabella Taylor,Corporate,Mexico,North America,Clothing & Accessories,Silk Tie Collection,1.00,25.23,30,17.66,6.63,-1.58,PayPal,-8.95%,37.54%
ORD-10153,31/08/2023,Mary Martin,Corporate,Japan,Asia Pacific,Furniture,Bookshelf 5-Tier,3.00,116.76,20,280.22,14.72,55.33,Credit Card,19.75%,5.25%
ORD-10320,31/08/2023,Priya Jackson,Consumer,Mexico,North America,Office Supplies,Binder Clips Assorted 48pc,4.00,13.92,5,52.90,10.83,17.01,Credit Card,32.16%,20.47%
ORD-11328,31/08/2023,Mary Chen,Home Office,Germany,Europe,Technology,Portable External SSD 1TB,5.00,76.29,5,362.38,19.14,133.44,PayPal,36.82%,5.28%
ORD-11379,31/08/2023,Omar Park,Corporate,Mexico,North America,Technology,Webcam HD 1080p,1.00,37.56,5,35.68,5.59,9.43,PayPal,26.43%,15.67%
ORD-11780,31/08/2023,Clara Tanaka,Corporate,UAE,Middle East & Africa,Technology,Tablet Stand Holder,3.00,20.28,0,60.84,15.83,11.55,Credit Card,18.98%,26.02%
ORD-11483,01/09/2023,Clara Robinson,Home Office,France,Europe,Office Supplies,Desk Calendar 2025,4.00,9.05,0,36.20,10.13,9.78,Cash on Delivery,27.02%,27.98%
ORD-11717,02/09/2023,Michael Ali,Consumer,Germany,Europe,Technology,Smart LED Desk Lamp,13.00,26.62,15,294.15,30.98,72.84,Credit Card,24.76%,10.53%
ORD-11161,03/09/2023,Yuki Zhang,Consumer,United States,North America,Clothing & Accessories,Silk Tie Collection,1.00,17.03,25,12.77,6.99,-2.74,Bank Transfer,-21.46%,54.74%
ORD-11422,03/09/2023,David Clark,Consumer,Germany,Europe,Furniture,Folding Table Portable,10.00,67.10,10,603.90,14.47,186.83,Cash on Delivery,30.94%,2.40%
ORD-11685,03/09/2023,John Laurent,Consumer,Mexico,North America,Furniture,Bookshelf 5-Tier,2.00,199.20,10,358.56,9.53,109.99,Credit Card,30.68%,2.66%
ORD-10341,04/09/2023,Ethan Yamamoto,Home Office,Australia,Asia Pacific,Office Supplies,Highlighters Neon Pack 6,1.00,7.16,10,6.44,10.26,-7.04,Credit Card,-109.32%,159.32%
ORD-10872,04/09/2023,Olga Leroy,Consumer,India,Asia Pacific,Office Supplies,Binder Clips Assorted 48pc,1.00,12.17,15,10.34,11.21,-6.35,Bank Transfer,-61.41%,108.41%
ORD-11441,05/09/2023,Noah Taylor,Consumer,United States,North America,Office Supplies,Whiteboard Markers Set 8,5.00,19.47,5,92.48,11.28,37.39,Cash on Delivery,40.43%,12.20%
ORD-11906,05/09/2023,Amina Johansson,Consumer,United Kingdom,Europe,Clothing & Accessories,Sports Water Bottle 750ml,2.00,14.43,10,25.97,9.92,1.62,PayPal,6.24%,38.20%
ORD-10447,06/09/2023,Hans Smith,Consumer,Australia,Asia Pacific,Office Supplies,Whiteboard Markers Set 8,2.00,11.34,0,22.68,13.99,-1.52,PayPal,-6.70%,61.68%
ORD-11532,06/09/2023,Yuki Rodriguez,Corporate,Mexico,North America,Technology,Mechanical Gaming Keyboard,1.00,152.34,5,144.72,7.22,53.71,Credit Card,37.11%,4.99%
ORD-11533,06/09/2023,Jamal Clark,Consumer,South Africa,Middle East & Africa,Technology,Smart LED Desk Lamp,1.00,27.11,5,25.75,13.15,-2.31,Bank Transfer,-8.97%,51.07%
ORD-11601,06/09/2023,Sarah Jackson,Home Office,Brazil,South America,Furniture,Ergonomic Office Chair,2.00,426.27,10,767.29,12.53,243.24,Credit Card,31.70%,1.63%
ORD-11867,06/09/2023,Thomas Santos,Consumer,United States,North America,Clothing & Accessories,Travel Backpack 30L,1.00,42.55,5,40.42,7.38,11.77,Credit Card,29.12%,18.26%
ORD-11030,07/09/2023,Chen Patel,Home Office,Japan,Asia Pacific,Technology,USB-C Hub Multiport Adapter,5.00,28.98,0,144.90,12.42,52.78,Cash on Delivery,36.43%,8.57%
ORD-11191,08/09/2023,Maria Rodriguez,Consumer,United States,North America,Clothing & Accessories,Canvas Messenger Bag,1.00,79.27,10,71.34,6.56,25.15,Credit Card,35.25%,9.20%
ORD-11520,08/09/2023,Olga Taylor,Consumer,United States,North America,Furniture,Monitor Riser Wood,6.00,47.47,0,284.82,11.93,102.00,Credit Card,35.81%,4.19%
ORD-11840,08/09/2023,Omar Russo,Home Office,Australia,Asia Pacific,Office Supplies,Paper Clips Box 500pc,4.00,4.19,0,16.76,13.27,-4.05,Credit Card,-24.16%,79.18%
ORD-10500,09/09/2023,Sakura Ali,Consumer,Nigeria,Middle East & Africa,Technology,Smart LED Desk Lamp,2.00,61.26,10,110.27,14.33,28.55,Credit Card,25.89%,13.00%
ORD-11461,09/09/2023,Marco Sato,Consumer,Mexico,North America,Office Supplies,Binder Clips Assorted 48pc,2.00,13.62,15,23.15,7.75,3.14,PayPal,13.56%,33.48%
ORD-10713,10/09/2023,Sophie Brown,Corporate,Mexico,North America,Technology,Wireless Bluetooth Headphones,2.00,66.08,10,118.94,9.35,36.90,Credit Card,31.02%,7.86%
ORD-10908,10/09/2023,Diego Harris,Consumer,Italy,Europe,Technology,Mechanical Gaming Keyboard,1.00,77.47,0,77.47,9.23,25.63,Bank Transfer,33.08%,11.91%
ORD-11544,10/09/2023,Noah Moreau,Corporate,Italy,Europe,Furniture,Filing Cabinet 3-Drawer,10.00,83.62,20,668.96,31.20,136.04,Cash on Delivery,20.34%,4.66%
ORD-10399,11/09/2023,Chen Garcia,Consumer,China,Asia Pacific,Technology,Wireless Ergonomic Mouse,1.00,51.70,10,46.53,10.95,7.14,Cash on Delivery,15.34%,23.53%
ORD-10576,11/09/2023,Fatima Wang,Consumer,India,Asia Pacific,Office Supplies,Ballpoint Pen Pack 12,4.00,7.50,10,27.00,11.42,2.08,PayPal,7.70%,42.30%
ORD-11991,11/09/2023,Hanna Santos,Home Office,South Korea,Asia Pacific,Technology,Portable External SSD 1TB,1.00,149.93,10,134.94,9.79,42.69,Credit Card,31.64%,7.26%
ORD-11518,13/09/2023,Ingrid Weber,Corporate,United States,North America,Furniture,Mesh Back Task Chair,5.00,107.46,15,456.70,9.90,124.42,PayPal,27.24%,2.17%
ORD-11795,14/09/2023,Ali Johnson,Corporate,Mexico,North America,Furniture,Monitor Riser Wood,14.00,61.54,30,603.09,33.58,52.57,Credit Card,8.72%,5.57%
ORD-11323,15/09/2023,Hanna Khan,Consumer,Colombia,South America,Technology,Tablet Stand Holder,2.00,25.40,0,50.80,12.94,9.92,Credit Card,19.53%,25.47%
ORD-10752,16/09/2023,Liam Laurent,Consumer,Mexico,North America,Furniture,Folding Table Portable,6.00,110.59,10,597.19,11.12,187.95,PayPal,31.47%,1.86%
ORD-11390,16/09/2023,Elizabeth Martin,Consumer,United Kingdom,Europe,Technology,Wireless Ergonomic Mouse,5.00,25.73,15,109.35,11.76,26.83,Bank Transfer,24.54%,10.75%
ORD-11884,16/09/2023,Joseph Martinez,Home Office,Canada,North America,Office Supplies,Binder Clips Assorted 48pc,1.00,12.82,20,10.26,6.98,-2.49,Bank Transfer,-24.27%,68.03%
ORD-11239,17/09/2023,Ali Johansson,Corporate,United States,North America,Clothing & Accessories,Business Casual Blazer,5.00,133.60,25,501.00,14.42,152.58,Credit Card,30.46%,2.88%
ORD-11890,17/09/2023,Michael Li,Corporate,Canada,North America,Furniture,Monitor Riser Wood,7.00,67.53,5,449.07,22.40,143.04,Credit Card,31.85%,4.99%
ORD-11911,18/09/2023,Lucas Thomas,Corporate,China,Asia Pacific,Clothing & Accessories,Travel Backpack 30L,2.00,36.08,30,50.51,12.81,1.62,PayPal,3.21%,25.36%
ORD-10321,19/09/2023,Ahmed Sharma,Home Office,United States,North America,Office Supplies,Desk Calendar 2025,3.00,7.89,15,20.12,7.38,2.09,Credit Card,10.39%,36.68%
ORD-10600,19/09/2023,Kenji Taylor,Consumer,Japan,Asia Pacific,Furniture,Mesh Back Task Chair,4.00,197.76,5,751.49,15.67,261.20,PayPal,34.76%,2.09%
ORD-10955,20/09/2023,James Clark,Consumer,South Africa,Middle East & Africa,Furniture,Floating Wall Shelves Set,4.00,55.59,10,200.12,16.82,49.88,Bank Transfer,24.93%,8.40%
ORD-10891,21/09/2023,Xiao Wang,Consumer,Argentina,South America,Furniture,Bookshelf 5-Tier,2.00,115.98,0,231.96,13.70,79.08,Cash on Delivery,34.09%,5.91%
ORD-10920,21/09/2023,Layla Fischer,Corporate,China,Asia Pacific,Technology,Portable External SSD 1TB,2.00,137.32,5,260.91,13.40,96.46,PayPal,36.97%,5.14%
ORD-10984,21/09/2023,Sarah Khan,Home Office,Brazil,South America,Technology,Noise Cancelling Earbuds,3.00,153.34,0,460.02,16.46,190.55,Credit Card,41.42%,3.58%
ORD-10128,23/09/2023,Lucas Leroy,Corporate,Spain,Europe,Office Supplies,Ballpoint Pen Pack 12,2.00,5.85,15,9.94,9.91,-5.24,PayPal,-52.72%,99.70%
ORD-10298,24/09/2023,Jessica Tanaka,Consumer,Canada,North America,Technology,Portable External SSD 1TB,3.00,60.51,20,145.22,6.74,38.64,Cash on Delivery,26.61%,4.64%
ORD-10442,24/09/2023,Jessica Wang,Home Office,Mexico,North America,Furniture,Folding Table Portable,1.00,112.29,0,112.29,5.87,39.05,Credit Card,34.78%,5.23%
ORD-10231,25/09/2023,Sarah Davis,Consumer,Saudi Arabia,Middle East & Africa,Technology,Smart LED Desk Lamp,4.00,43.61,10,157.00,17.66,43.40,Credit Card,27.64%,11.25%
ORD-11813,25/09/2023,Sarah Thompson,Consumer,Brazil,South America,Technology,USB-C Hub Multiport Adapter,2.00,22.12,10,39.82,11.38,4.11,PayPal,10.32%,28.58%
ORD-10063,26/09/2023,Isabella Patel,Consumer,Canada,North America,Clothing & Accessories,Leather Wallet Minimalist,3.00,59.04,0,177.12,10.28,78.28,Bank Transfer,44.20%,5.80%
ORD-10343,26/09/2023,Lucas Oliveira,Consumer,Spain,Europe,Clothing & Accessories,Silk Tie Collection,4.00,42.94,15,146.00,13.44,46.68,Cash on Delivery,31.97%,9.21%
ORD-10554,26/09/2023,Olivia Ferrari,Home Office,Australia,Asia Pacific,Clothing & Accessories,Polarized Sunglasses,6.00,77.51,10,418.55,20.82,165.20,Bank Transfer,39.47%,4.97%
ORD-11643,26/09/2023,Xiao Ferrari,Home Office,France,Europe,Technology,Laptop Stand Adjustable,1.00,52.59,15,44.70,8.76,7.02,PayPal,15.70%,19.60%
ORD-10085,27/09/2023,Marco Nilsson,Consumer,Japan,Asia Pacific,Technology,Mechanical Gaming Keyboard,1.00,126.55,0,126.55,9.75,47.20,PayPal,37.30%,7.70%
ORD-10210,28/09/2023,Mary Smith,Corporate,Nigeria,Middle East & Africa,Furniture,Filing Cabinet 3-Drawer,5.00,145.12,0,725.60,16.63,273.61,Cash on Delivery,37.71%,2.29%
ORD-11745,28/09/2023,John Patel,Consumer,Japan,Asia Pacific,Clothing & Accessories,Canvas Messenger Bag,4.00,26.20,5,99.56,17.25,29.91,Credit Card,30.04%,17.33%
ORD-10574,29/09/2023,Ayumi Ali,Corporate,Spain,Europe,Office Supplies,Tape Dispenser Heavy Duty,5.00,18.82,15,79.98,10.99,26.65,Bank Transfer,33.32%,13.74%
ORD-10881,29/09/2023,Sophie Clark,Home Office,China,Asia Pacific,Furniture,Mesh Back Task Chair,1.00,238.24,0,238.24,10.13,85.17,Credit Card,35.75%,4.25%
ORD-10926,29/09/2023,Priya Garcia,Corporate,Japan,Asia Pacific,Furniture,Ergonomic Office Chair,1.00,222.71,15,189.30,10.45,45.22,Credit Card,23.89%,5.52%
ORD-11699,29/09/2023,Emma Martinez,Home Office,Nigeria,Middle East & Africa,Technology,Tablet Stand Holder,4.00,36.61,15,124.47,16.07,27.86,Credit Card,22.38%,12.91%
ORD-10635,30/09/2023,Fatima Martin,Home Office,Australia,Asia Pacific,Furniture,Desk Organizer Set,4.00,59.01,0,236.04,11.14,83.28,Cash on Delivery,35.28%,4.72%
ORD-10137,02/10/2023,Jamal Robinson,Corporate,Nigeria,Middle East & Africa,Clothing & Accessories,Wool Blend Scarf,2.00,49.37,10,88.87,14.28,25.22,Credit Card,28.38%,16.07%
ORD-10196,02/10/2023,Carlos Santos,Corporate,UAE,Middle East & Africa,Furniture,Filing Cabinet 3-Drawer,1.00,131.91,15,112.12,12.52,20.45,PayPal,18.24%,11.17%
ORD-11561,02/10/2023,Omar Li,Corporate,Colombia,South America,Technology,Webcam HD 1080p,2.00,79.63,10,143.33,11.45,44.29,Credit Card,30.90%,7.99%
ORD-10421,03/10/2023,Noah Johansson,Home Office,Italy,Europe,Furniture,Corner L-Shaped Desk,2.00,399.10,5,758.29,10.30,269.07,PayPal,35.48%,1.36%
ORD-11651,03/10/2023,Hanna Yamamoto,Consumer,Japan,Asia Pacific,Furniture,Ergonomic Office Chair,6.00,241.80,5,1378.26,22.07,485.71,Cash on Delivery,35.24%,1.60%
ORD-10380,04/10/2023,William Yamamoto,Corporate,China,Asia Pacific,Furniture,Filing Cabinet 3-Drawer,4.00,162.94,5,619.17,15.93,212.18,Bank Transfer,34.27%,2.57%
ORD-11181,04/10/2023,Joseph Leroy,Consumer,Colombia,South America,Technology,USB-C Hub Multiport Adapter,1.00,44.26,0,44.26,12.32,7.60,PayPal,17.17%,27.84%
ORD-11321,04/10/2023,Giulia Khan,Home Office,United States,North America,Office Supplies,Desk Calendar 2025,4.00,6.82,5,25.92,9.89,3.75,PayPal,14.47%,38.16%
ORD-11763,04/10/2023,Diego Pereira,Home Office,Nigeria,Middle East & Africa,Clothing & Accessories,Wool Blend Scarf,3.00,59.55,0,178.65,14.68,74.65,PayPal,41.79%,8.22%
ORD-10203,05/10/2023,Raj Oliveira,Corporate,Brazil,South America,Clothing & Accessories,Polarized Sunglasses,13.00,74.96,20,779.58,19.80,272.54,Cash on Delivery,34.96%,2.54%
ORD-10398,05/10/2023,Ayumi Garcia,Corporate,Mexico,North America,Furniture,Desk Organizer Set,1.00,35.29,10,31.76,6.93,3.66,Credit Card,11.52%,21.82%
ORD-10997,05/10/2023,Felix Kim,Corporate,Canada,North America,Furniture,Filing Cabinet 3-Drawer,4.00,129.80,10,467.28,10.02,145.74,PayPal,31.19%,2.14%
ORD-11396,05/10/2023,Zara Moreau,Consumer,Brazil,South America,Office Supplies,Desk Calendar 2025,1.00,6.83,0,6.83,12.47,-8.71,PayPal,-127.53%,182.58%
ORD-11837,05/10/2023,Richard Romano,Corporate,Brazil,South America,Furniture,Corner L-Shaped Desk,1.00,340.77,30,238.54,11.54,22.54,Bank Transfer,9.45%,4.84%
ORD-10525,06/10/2023,Patricia Kim,Consumer,Australia,Asia Pacific,Technology,Mechanical Gaming Keyboard,2.00,131.68,0,263.36,10.63,107.88,PayPal,40.96%,4.04%
ORD-11453,07/10/2023,Patricia Martinez,Home Office,UAE,Middle East & Africa,Office Supplies,Sticky Notes Multicolor 6-Pack,3.00,12.07,15,30.78,17.69,-3.20,PayPal,-10.40%,57.47%
ORD-10489,08/10/2023,Richard Moreau,Corporate,UAE,Middle East & Africa,Furniture,Desk Organizer Set,2.00,50.05,25,75.07,12.65,2.36,Credit Card,3.14%,16.85%
ORD-10750,08/10/2023,Hanna Kumar,Consumer,Argentina,South America,Office Supplies,Tape Dispenser Heavy Duty,3.00,21.94,5,62.53,17.25,15.66,Cash on Delivery,25.04%,27.59%
ORD-10844,08/10/2023,Jessica Müller,Home Office,United Kingdom,Europe,Clothing & Accessories,Cotton Formal Shirt,5.00,68.42,10,307.89,11.72,125.12,Credit Card,40.64%,3.81%
ORD-11226,08/10/2023,Sarah Li,Consumer,Saudi Arabia,Middle East & Africa,Furniture,Floating Wall Shelves Set,5.00,85.91,5,408.07,19.75,130.59,PayPal,32.00%,4.84%
ORD-11512,08/10/2023,Ingrid Moreau,Consumer,United States,North America,Technology,Webcam HD 1080p,1.00,43.09,15,36.63,7.30,5.63,Credit Card,15.37%,19.93%
ORD-10606,09/10/2023,Robert Taylor,Home Office,Brazil,South America,Furniture,Standing Desk Converter,1.00,184.60,5,175.37,11.24,53.37,Credit Card,30.43%,6.41%
ORD-11091,09/10/2023,Layla Oliveira,Home Office,Italy,Europe,Furniture,Standing Desk Converter,11.00,272.86,10,2701.31,26.06,874.37,Credit Card,32.37%,0.96%
ORD-10561,10/10/2023,Sophie Martinez,Corporate,Germany,Europe,Clothing & Accessories,Polarized Sunglasses,7.00,74.92,25,393.33,17.73,113.38,PayPal,28.83%,4.51%
ORD-11357,10/10/2023,Liam Davis,Consumer,United Kingdom,Europe,Furniture,Mesh Back Task Chair,5.00,216.45,0,1082.25,16.23,416.67,Bank Transfer,38.50%,1.50%
ORD-11358,10/10/2023,Christopher Thompson,Consumer,Australia,Asia Pacific,Furniture,Bookshelf 5-Tier,3.00,82.78,5,235.92,13.57,73.35,Credit Card,31.09%,5.75%
ORD-11575,10/10/2023,Olga Müller,Consumer,United States,North America,Technology,Wireless Bluetooth Headphones,4.00,211.07,5,802.07,7.73,329.99,PayPal,41.14%,0.96%
ORD-11946,10/10/2023,James Harris,Corporate,Canada,North America,Furniture,Desk Organizer Set,1.00,19.95,0,19.95,6.89,1.09,Credit Card,5.46%,34.54%
ORD-10791,11/10/2023,Maria Tanaka,Corporate,UAE,Middle East & Africa,Furniture,Desk Organizer Set,4.00,37.67,10,135.61,15.83,29.37,PayPal,21.66%,11.67%
ORD-11272,11/10/2023,Isabella Li,Consumer,France,Europe,Office Supplies,Tape Dispenser Heavy Duty,3.00,24.08,0,72.24,8.67,31.06,PayPal,43.00%,12.00%
ORD-11885,11/10/2023,Kenji Romano,Corporate,Canada,North America,Technology,Tablet Stand Holder,2.00,19.41,15,33.00,7.48,4.17,Credit Card,12.64%,22.67%
ORD-11093,13/10/2023,Oscar Thompson,Consumer,Germany,Europe,Clothing & Accessories,Canvas Messenger Bag,4.00,37.35,10,134.46,13.42,46.34,Credit Card,34.46%,9.98%
ORD-10455,14/10/2023,Amir Park,Consumer,UAE,Middle East & Africa,Office Supplies,Stapler Full-Size,2.00,18.53,15,31.50,15.09,-0.27,PayPal,-0.86%,47.90%
ORD-10568,14/10/2023,Ethan Clark,Consumer,South Korea,Asia Pacific,Office Supplies,Tape Dispenser Heavy Duty,1.00,20.54,5,19.51,9.89,0.38,Bank Transfer,1.95%,50.69%
ORD-11137,15/10/2023,Barbara Weber,Home Office,United Kingdom,Europe,Technology,Tablet Stand Holder,2.00,34.81,0,69.62,8.72,22.61,Credit Card,32.48%,12.53%
ORD-10417,17/10/2023,Susan Jackson,Corporate,France,Europe,Clothing & Accessories,Canvas Messenger Bag,1.00,62.32,5,59.20,9.28,18.76,PayPal,31.69%,15.68%
ORD-11216,17/10/2023,Maria Costa,Corporate,South Africa,Middle East & Africa,Office Supplies,Binder Clips Assorted 48pc,3.00,9.45,25,21.26,14.95,-6.45,PayPal,-30.34%,70.32%
ORD-11974,17/10/2023,Joseph Chen,Corporate,Italy,Europe,Clothing & Accessories,Silk Tie Collection,2.00,34.22,0,68.44,9.61,24.61,Bank Transfer,35.96%,14.04%
ORD-11062,18/10/2023,Robert Clark,Corporate,South Africa,Middle East & Africa,Technology,Mechanical Gaming Keyboard,4.00,65.64,25,196.92,19.34,33.17,Cash on Delivery,16.84%,9.82%
ORD-11417,18/10/2023,Jessica Weber,Home Office,Saudi Arabia,Middle East & Africa,Clothing & Accessories,Cotton Formal Shirt,3.00,38.42,0,115.26,18.10,39.53,Credit Card,34.30%,15.70%
ORD-11812,18/10/2023,Liam Jones,Consumer,South Korea,Asia Pacific,Technology,Smart LED Desk Lamp,1.00,46.22,15,39.29,10.54,3.33,Credit Card,8.48%,26.83%
ORD-10007,20/10/2023,Li Sharma,Consumer,Nigeria,Middle East & Africa,Technology,Mechanical Gaming Keyboard,3.00,146.85,10,396.49,15.07,139.12,PayPal,35.09%,3.80%
ORD-10211,20/10/2023,Sarah Tanaka,Corporate,China,Asia Pacific,Technology,Tablet Stand Holder,4.00,15.34,10,55.22,16.78,4.69,PayPal,8.49%,30.39%
ORD-11210,20/10/2023,Susan Weber,Corporate,Spain,Europe,Office Supplies,Tape Dispenser Heavy Duty,2.00,22.13,25,33.20,8.46,4.82,Credit Card,14.52%,25.48%
ORD-11245,20/10/2023,Nadia Tanaka,Corporate,Italy,Europe,Technology,Noise Cancelling Earbuds,5.00,68.15,20,272.60,12.18,73.01,Credit Card,26.78%,4.47%
ORD-11460,20/10/2023,Sakura Rodriguez,Corporate,United States,North America,Furniture,Folding Table Portable,1.00,129.24,20,103.39,5.96,19.89,Credit Card,19.24%,5.76%
ORD-11809,20/10/2023,Michael Sato,Corporate,Japan,Asia Pacific,Clothing & Accessories,Travel Backpack 30L,1.00,82.52,20,66.02,9.64,15.12,Cash on Delivery,22.90%,14.60%
ORD-10499,21/10/2023,Felix Müller,Corporate,Japan,Asia Pacific,Furniture,Folding Table Portable,5.00,127.98,20,511.92,13.19,114.79,Credit Card,22.42%,2.58%
ORD-10579,22/10/2023,Barbara Davis,Home Office,France,Europe,Technology,Laptop Stand Adjustable,9.00,33.48,10,271.19,12.56,92.90,Cash on Delivery,34.26%,4.63%
ORD-11652,22/10/2023,Lucas Suzuki,Consumer,Canada,North America,Office Supplies,Premium Notebook Set A5,1.00,20.53,0,20.53,6.24,5.05,Credit Card,24.60%,30.39%
ORD-11261,23/10/2023,Nadia Tanaka,Corporate,Argentina,South America,Furniture,Filing Cabinet 3-Drawer,7.00,151.92,15,903.92,23.57,242.29,Credit Card,26.80%,2.61%
ORD-11550,23/10/2023,Linda Russo,Consumer,Japan,Asia Pacific,Technology,Portable External SSD 1TB,3.00,108.96,10,294.19,14.91,99.50,PayPal,33.82%,5.07%
ORD-11798,23/10/2023,Thomas Rodriguez,Corporate,Argentina,South America,Office Supplies,Binder Clips Assorted 48pc,7.00,11.09,10,69.87,22.14,12.80,Credit Card,18.32%,31.69%
ORD-10347,24/10/2023,Ayumi Garcia,Consumer,Mexico,North America,Clothing & Accessories,Wool Blend Scarf,4.00,33.98,5,129.12,14.26,46.90,Credit Card,36.32%,11.04%
ORD-10429,24/10/2023,Karen Robinson,Home Office,China,Asia Pacific,Technology,Wireless Ergonomic Mouse,11.00,52.90,0,581.90,17.52,244.33,Bank Transfer,41.99%,3.01%
ORD-10461,24/10/2023,Elizabeth Fischer,Corporate,Canada,North America,Technology,Tablet Stand Holder,2.00,33.20,0,66.40,8.88,21.00,PayPal,31.63%,13.37%
ORD-11069,25/10/2023,Fatima Williams,Consumer,Colombia,South America,Office Supplies,Tape Dispenser Heavy Duty,5.00,18.76,15,79.73,18.24,19.28,Cash on Delivery,24.18%,22.88%
ORD-10382,26/10/2023,Layla Anderson,Home Office,Australia,Asia Pacific,Furniture,Filing Cabinet 3-Drawer,2.00,113.95,15,193.72,13.41,43.57,Credit Card,22.49%,6.92%
ORD-10530,26/10/2023,Ali Li,Corporate,Italy,Europe,Technology,Portable External SSD 1TB,2.00,81.19,5,154.26,10.33,54.62,PayPal,35.41%,6.70%
ORD-10316,27/10/2023,Fatima Kim,Corporate,Germany,Europe,Office Supplies,Highlighters Neon Pack 6,1.00,13.39,15,11.38,7.96,-2.61,Credit Card,-22.93%,69.95%
ORD-10717,28/10/2023,Elizabeth Johansson,Consumer,Brazil,South America,Furniture,Mesh Back Task Chair,5.00,183.81,25,689.29,20.65,117.21,Credit Card,17.00%,3.00%
ORD-11406,28/10/2023,Sarah Suzuki,Home Office,Canada,North America,Technology,Smart LED Desk Lamp,8.00,58.27,10,419.54,24.05,139.10,PayPal,33.16%,5.73%
ORD-10478,29/10/2023,Jamal Robinson,Home Office,South Korea,Asia Pacific,Office Supplies,Highlighters Neon Pack 6,1.00,7.39,5,7.02,9.58,-5.89,PayPal,-83.90%,136.47%
ORD-10696,01/11/2023,Susan Chen,Corporate,China,Asia Pacific,Technology,USB-C Hub Multiport Adapter,2.00,38.06,5,72.31,10.58,19.86,Credit Card,27.47%,14.63%
ORD-11295,01/11/2023,Kenji Martin,Home Office,Nigeria,Middle East & Africa,Technology,Tablet Stand Holder,1.00,17.56,0,17.56,13.21,-5.31,Credit Card,-30.24%,75.23%
ORD-11300,01/11/2023,Zara Miller,Consumer,United Kingdom,Europe,Technology,Portable External SSD 1TB,3.00,145.73,10,393.47,9.99,143.03,Bank Transfer,36.35%,2.54%
ORD-10054,02/11/2023,Diego Jones,Corporate,China,Asia Pacific,Clothing & Accessories,Canvas Messenger Bag,1.00,30.54,10,27.49,10.33,1.89,PayPal,6.88%,37.58%
ORD-10528,02/11/2023,Fatima Brown,Consumer,France,Europe,Technology,Webcam HD 1080p,3.00,40.21,0,120.63,11.66,42.62,Bank Transfer,35.33%,9.67%
ORD-11038,02/11/2023,Hanna Johnson,Home Office,Australia,Asia Pacific,Furniture,Ergonomic Office Chair,6.00,302.03,20,1449.74,13.81,348.62,Cash on Delivery,24.05%,0.95%
ORD-11728,02/11/2023,Ahmed Pereira,Consumer,India,Asia Pacific,Technology,Tablet Stand Holder,2.00,34.80,5,66.12,10.05,17.79,Cash on Delivery,26.91%,15.20%
ORD-11949,02/11/2023,Fatima Yamamoto,Consumer,South Africa,Middle East & Africa,Office Supplies,Binder Clips Assorted 48pc,6.00,14.97,5,85.33,22.30,22.61,PayPal,26.50%,26.13%
ORD-10811,03/11/2023,Joseph Romano,Consumer,Argentina,South America,Technology,Webcam HD 1080p,1.00,83.28,0,83.28,12.13,25.35,Credit Card,30.44%,14.57%
ORD-11576,03/11/2023,Sarah Sharma,Consumer,France,Europe,Technology,Noise Cancelling Earbuds,7.00,95.46,5,634.81,20.14,247.15,Cash on Delivery,38.93%,3.17%
ORD-10514,05/11/2023,Linda Laurent,Consumer,Germany,Europe,Office Supplies,Paper Clips Box 500pc,2.00,8.91,15,15.15,11.64,-4.51,PayPal,-29.77%,76.83%
ORD-10757,06/11/2023,Ahmed Taylor,Consumer,Colombia,South America,Clothing & Accessories,Leather Wallet Minimalist,3.00,64.75,0,194.25,14.63,82.50,Credit Card,42.47%,7.53%
ORD-11470,06/11/2023,Diego Robinson,Corporate,China,Asia Pacific,Furniture,Folding Table Portable,4.00,127.45,15,433.33,12.43,115.02,Credit Card,26.54%,2.87%
ORD-10801,07/11/2023,Ethan Wang,Corporate,Germany,Europe,Furniture,Folding Table Portable,4.00,70.54,15,239.84,11.23,59.31,Bank Transfer,24.73%,4.68%
ORD-11903,07/11/2023,Wei Smith,Home Office,Japan,Asia Pacific,Office Supplies,Whiteboard Markers Set 8,7.00,9.27,5,61.65,19.21,13.24,Credit Card,21.48%,31.16%
ORD-10043,09/11/2023,Jennifer Kim,Consumer,United States,North America,Technology,Wireless Ergonomic Mouse,3.00,53.47,0,160.41,10.70,61.48,Bank Transfer,38.33%,6.67%
ORD-11109,09/11/2023,Jessica Park,Consumer,China,Asia Pacific,Furniture,Bookshelf 5-Tier,1.00,94.39,15,80.23,11.03,12.57,PayPal,15.67%,13.75%
ORD-10753,10/11/2023,Emma Jackson,Consumer,United States,North America,Technology,Noise Cancelling Earbuds,1.00,187.30,5,177.94,6.98,67.94,Credit Card,38.18%,3.92%
ORD-10180,12/11/2023,Zara Nilsson,Consumer,Canada,North America,Furniture,Bookshelf 5-Tier,2.00,163.55,0,327.10,6.02,124.82,Credit Card,38.16%,1.84%
ORD-11761,12/11/2023,Oscar Thomas,Consumer,India,Asia Pacific,Clothing & Accessories,Sports Water Bottle 750ml,1.00,22.15,0,22.15,10.89,0.18,Bank Transfer,0.81%,49.16%
ORD-10375,13/11/2023,Priya Leroy,Corporate,South Korea,Asia Pacific,Technology,Wireless Ergonomic Mouse,1.00,37.78,10,34.00,10.66,2.56,Credit Card,7.53%,31.35%
ORD-10795,13/11/2023,Christopher Leroy,Corporate,Germany,Europe,Furniture,Monitor Riser Wood,8.00,64.55,20,413.12,20.98,82.30,Credit Card,19.92%,5.08%
ORD-10362,14/11/2023,Jennifer Romano,Corporate,Spain,Europe,Furniture,Standing Desk Converter,3.00,162.18,15,413.56,10.53,111.11,Cash on Delivery,26.87%,2.55%
ORD-10350,15/11/2023,Felix Laurent,Corporate,Canada,North America,Technology,Smart LED Desk Lamp,1.00,40.47,5,38.45,6.75,9.44,Credit Card,24.55%,17.56%
ORD-12000,15/11/2023,Raj Anderson,Consumer,Argentina,South America,Office Supplies,Premium Notebook Set A5,2.00,10.67,15,18.14,14.02,-5.48,Credit Card,-30.21%,77.29%
ORD-10559,18/11/2023,Fatima Patel,Consumer,Canada,North America,Office Supplies,Highlighters Neon Pack 6,3.00,11.62,15,29.63,7.43,6.51,Credit Card,21.97%,25.08%
ORD-10725,18/11/2023,Giulia Rossi,Corporate,Australia,Asia Pacific,Technology,Laptop Stand Adjustable,11.00,53.68,0,590.48,19.16,246.56,PayPal,41.76%,3.24%
ORD-11713,19/11/2023,Kenji Moreau,Corporate,Canada,North America,Office Supplies,Whiteboard Markers Set 8,7.00,7.45,5,49.54,14.62,11.45,PayPal,23.11%,29.51%
ORD-10932,20/11/2023,Karen Khan,Consumer,China,Asia Pacific,Office Supplies,Desk Calendar 2025,3.00,10.56,5,30.10,14.07,1.77,PayPal,5.88%,46.74%
ORD-11566,20/11/2023,Olga Thompson,Consumer,Colombia,South America,Technology,Tablet Stand Holder,2.00,53.62,0,107.24,11.75,36.51,Bank Transfer,34.05%,10.96%
ORD-10360,21/11/2023,Wei Fischer,Consumer,Argentina,South America,Office Supplies,Premium Notebook Set A5,3.00,20.66,0,61.98,14.39,19.70,Credit Card,31.78%,23.22%
ORD-11833,21/11/2023,Ali Romano,Corporate,Japan,Asia Pacific,Office Supplies,Desk Calendar 2025,1.00,18.51,10,16.66,11.16,-2.83,PayPal,-16.99%,66.99%
ORD-11177,22/11/2023,Omar Costa,Corporate,United States,North America,Furniture,Ergonomic Office Chair,1.00,209.98,5,199.48,7.19,66.30,PayPal,33.24%,3.60%
ORD-10978,23/11/2023,Diego Hassan,Consumer,France,Europe,Clothing & Accessories,Wool Blend Scarf,1.00,15.72,5,14.93,8.51,-1.44,PayPal,-9.65%,57.00%
ORD-10041,25/11/2023,Xiao Rodriguez,Home Office,Italy,Europe,Technology,Wireless Ergonomic Mouse,2.00,29.09,5,55.27,9.82,13.45,Credit Card,24.34%,17.77%
ORD-10365,25/11/2023,Ethan Khan,Corporate,Mexico,North America,Technology,USB-C Hub Multiport Adapter,6.00,40.22,10,217.19,13.45,71.01,Bank Transfer,32.69%,6.19%
ORD-10524,25/11/2023,Oscar Costa,Consumer,United Kingdom,Europe,Office Supplies,Tape Dispenser Heavy Duty,2.00,9.13,10,16.43,10.19,-1.98,Credit Card,-12.05%,62.02%
ORD-11789,25/11/2023,Jessica Hassan,Corporate,Italy,Europe,Office Supplies,Desk Calendar 2025,1.00,15.28,10,13.75,9.42,-2.55,Bank Transfer,-18.55%,68.51%
ORD-10992,26/11/2023,Linda Kumar,Consumer,Mexico,North America,Furniture,Folding Table Portable,6.00,90.70,20,435.36,10.26,98.58,PayPal,22.64%,2.36%
ORD-11555,26/11/2023,Isabella Harris,Consumer,Colombia,South America,Technology,Wireless Ergonomic Mouse,5.00,24.47,0,122.35,17.01,38.05,Credit Card,31.10%,13.90%
ORD-11793,27/11/2023,Joseph Suzuki,Consumer,United States,North America,Clothing & Accessories,Cotton Formal Shirt,1.00,45.68,10,41.11,5.64,12.63,Bank Transfer,30.72%,13.72%
ORD-11111,28/11/2023,Xiao Harris,Consumer,China,Asia Pacific,Office Supplies,Premium Notebook Set A5,2.00,9.14,0,18.28,11.84,-1.79,Bank Transfer,-9.79%,64.77%
ORD-11488,28/11/2023,Pierre Leroy,Corporate,Colombia,South America,Clothing & Accessories,Travel Backpack 30L,5.00,43.67,15,185.60,13.12,63.30,PayPal,34.11%,7.07%
ORD-11497,29/11/2023,Sarah Khan,Consumer,Spain,Europe,Furniture,Filing Cabinet 3-Drawer,4.00,182.40,10,656.64,9.07,209.81,PayPal,31.95%,1.38%
ORD-11687,29/11/2023,Zara Nilsson,Corporate,India,Asia Pacific,Office Supplies,Whiteboard Markers Set 8,3.00,9.44,10,25.49,16.13,-3.38,Credit Card,-13.26%,63.28%
ORD-11505,30/11/2023,Susan Leroy,Consumer,Brazil,South America,Office Supplies,Premium Notebook Set A5,1.00,8.80,10,7.92,11.94,-7.98,Bank Transfer,-100.76%,150.76%
ORD-10487,01/12/2023,Christopher Khan,Consumer,India,Asia Pacific,Technology,Webcam HD 1080p,8.00,55.17,5,419.29,17.64,158.90,PayPal,37.90%,4.21%
ORD-10677,01/12/2023,Ivan Jones,Corporate,Mexico,North America,Furniture,Standing Desk Converter,4.00,336.19,25,1008.57,8.15,193.56,Credit Card,19.19%,0.81%
ORD-10044,02/12/2023,Fatima Ferrari,Corporate,Japan,Asia Pacific,Clothing & Accessories,Cotton Formal Shirt,8.00,48.93,10,352.30,27.53,129.05,Credit Card,36.63%,7.81%
ORD-11910,02/12/2023,Amir Laurent,Home Office,Canada,North America,Furniture,Bookshelf 5-Tier,6.00,191.06,20,917.09,19.84,209.43,Credit Card,22.84%,2.16%
ORD-10288,03/12/2023,Zara Leroy,Corporate,Japan,Asia Pacific,Furniture,Mesh Back Task Chair,4.00,112.46,5,427.35,18.44,139.01,Credit Card,32.53%,4.31%
ORD-11423,03/12/2023,Felix Laurent,Home Office,Australia,Asia Pacific,Clothing & Accessories,Silk Tie Collection,2.00,16.62,5,31.58,12.84,2.12,PayPal,6.71%,40.66%
ORD-11442,03/12/2023,Chen Nilsson,Home Office,United Kingdom,Europe,Furniture,Monitor Riser Wood,4.00,42.01,5,159.64,12.21,46.61,PayPal,29.20%,7.65%
ORD-11827,03/12/2023,Emma Sharma,Consumer,Mexico,North America,Furniture,Monitor Riser Wood,2.00,43.95,20,70.32,6.77,10.81,Credit Card,15.37%,9.63%
ORD-11863,03/12/2023,Isabella Rossi,Home Office,Canada,North America,Furniture,Ergonomic Office Chair,5.00,233.71,0,1168.55,8.94,458.48,Bank Transfer,39.23%,0.77%
ORD-11904,04/12/2023,Hans Martin,Consumer,Japan,Asia Pacific,Furniture,Floating Wall Shelves Set,2.00,55.94,0,111.88,10.95,33.80,Bank Transfer,30.21%,9.79%
ORD-11346,05/12/2023,Jennifer Santos,Consumer,United States,North America,Furniture,Corner L-Shaped Desk,1.00,263.21,20,210.57,6.52,46.12,PayPal,21.90%,3.10%
ORD-11661,05/12/2023,Nadia Rossi,Consumer,Japan,Asia Pacific,Furniture,Monitor Riser Wood,2.00,67.50,0,135.00,13.37,40.63,Credit Card,30.10%,9.90%
ORD-11944,05/12/2023,John Ferrari,Consumer,Canada,North America,Office Supplies,Premium Notebook Set A5,1.00,8.87,0,8.87,7.47,-2.59,PayPal,-29.20%,84.22%
ORD-10109,06/12/2023,Thomas Ferrari,Consumer,Mexico,North America,Office Supplies,Premium Notebook Set A5,4.00,14.98,0,59.92,10.55,22.41,Credit Card,37.40%,17.61%
ORD-11117,06/12/2023,Amina Jones,Consumer,Mexico,North America,Technology,Laptop Stand Adjustable,4.00,33.03,0,132.12,7.20,52.25,Credit Card,39.55%,5.45%
ORD-11316,06/12/2023,Richard Yamamoto,Consumer,UAE,Middle East & Africa,Furniture,Monitor Riser Wood,3.00,66.28,0,198.84,16.20,63.34,PayPal,31.85%,8.15%
ORD-11770,06/12/2023,Lucas Li,Corporate,India,Asia Pacific,Furniture,Corner L-Shaped Desk,3.00,216.54,0,649.62,16.39,243.46,Credit Card,37.48%,2.52%
ORD-10189,07/12/2023,William Miller,Corporate,India,Asia Pacific,Office Supplies,Premium Notebook Set A5,4.00,17.57,15,59.74,18.73,9.38,Credit Card,15.70%,31.35%
ORD-10779,07/12/2023,Wei Hassan,Corporate,India,Asia Pacific,Clothing & Accessories,Travel Backpack 30L,2.00,68.14,25,102.21,10.95,23.12,Credit Card,22.62%,10.71%
ORD-11597,07/12/2023,Olivia Laurent,Consumer,Canada,North America,Office Supplies,Highlighters Neon Pack 6,1.00,9.23,0,9.23,6.44,-1.36,Bank Transfer,-14.73%,69.77%
ORD-11641,07/12/2023,Raj Khan,Home Office,United States,North America,Office Supplies,Ballpoint Pen Pack 12,1.00,9.60,5,9.12,5.52,-0.72,Credit Card,-7.89%,60.53%
ORD-11708,07/12/2023,Ava Garcia,Consumer,Mexico,North America,Clothing & Accessories,Travel Backpack 30L,2.00,57.77,5,109.76,9.89,42.10,Credit Card,38.36%,9.01%
ORD-11825,07/12/2023,Wei Fischer,Consumer,Mexico,North America,Office Supplies,Premium Notebook Set A5,2.00,24.03,10,43.25,9.26,12.36,Cash on Delivery,28.58%,21.41%
ORD-11891,07/12/2023,Ayumi Kumar,Corporate,Mexico,North America,Clothing & Accessories,Sports Water Bottle 750ml,3.00,21.32,15,54.37,7.01,15.38,Credit Card,28.29%,12.89%
ORD-10220,08/12/2023,Elizabeth Weber,Consumer,Italy,Europe,Furniture,Monitor Riser Wood,7.00,67.53,10,425.44,12.11,129.70,Bank Transfer,30.49%,2.85%
ORD-11953,08/12/2023,Liam Costa,Consumer,Colombia,South America,Office Supplies,Paper Clips Box 500pc,1.00,9.18,5,8.72,11.53,-6.94,PayPal,-79.59%,132.22%
ORD-10183,09/12/2023,Sarah Thompson,Consumer,United Kingdom,Europe,Furniture,Mesh Back Task Chair,5.00,152.95,5,726.51,18.94,248.72,Bank Transfer,34.23%,2.61%
ORD-10488,09/12/2023,Elizabeth Dubois,Consumer,Japan,Asia Pacific,Furniture,Desk Organizer Set,4.00,52.21,5,198.40,16.48,56.62,PayPal,28.54%,8.31%
ORD-11110,09/12/2023,Robert Dubois,Corporate,United States,North America,Technology,USB-C Hub Multiport Adapter,1.00,58.09,15,49.38,6.23,11.20,Bank Transfer,22.68%,12.62%
ORD-11393,09/12/2023,Liam Rossi,Corporate,Australia,Asia Pacific,Office Supplies,Ballpoint Pen Pack 12,3.00,9.96,15,25.40,15.00,-3.05,Bank Transfer,-12.01%,59.06%
ORD-10632,10/12/2023,David White,Home Office,Mexico,North America,Office Supplies,Premium Notebook Set A5,1.00,15.07,5,14.32,6.62,0.92,Credit Card,6.42%,46.23%
ORD-11262,10/12/2023,Oscar Martinez,Corporate,Mexico,North America,Clothing & Accessories,Canvas Messenger Bag,10.00,38.59,10,347.31,26.11,128.25,Credit Card,36.93%,7.52%
ORD-10199,11/12/2023,Hans Robinson,Consumer,Canada,North America,Office Supplies,Stapler Full-Size,5.00,16.65,5,79.09,8.63,33.00,Credit Card,41.72%,10.91%
ORD-10454,11/12/2023,Carlos Ali,Consumer,Canada,North America,Office Supplies,Tape Dispenser Heavy Duty,1.00,10.81,10,9.73,5.77,-0.90,Bank Transfer,-9.25%,59.30%
ORD-10658,11/12/2023,Isabella Johansson,Consumer,Nigeria,Middle East & Africa,Clothing & Accessories,Cotton Formal Shirt,3.00,44.11,0,132.33,13.52,52.65,Cash on Delivery,39.79%,10.22%
ORD-11649,11/12/2023,Ava Li,Corporate,Argentina,South America,Office Supplies,Paper Clips Box 500pc,3.00,6.13,5,17.47,16.06,-6.87,Cash on Delivery,-39.32%,91.93%
ORD-11811,11/12/2023,Noah Chen,Consumer,Germany,Europe,Technology,Laptop Stand Adjustable,5.00,30.27,0,151.35,13.59,54.52,Credit Card,36.02%,8.98%
ORD-11847,11/12/2023,Giulia Williams,Corporate,United Kingdom,Europe,Clothing & Accessories,Polarized Sunglasses,3.00,43.37,15,110.59,14.43,31.11,Bank Transfer,28.13%,13.05%
ORD-11936,11/12/2023,Wei Santos,Consumer,Australia,Asia Pacific,Clothing & Accessories,Business Casual Blazer,3.00,126.07,0,378.21,16.14,172.96,Bank Transfer,45.73%,4.27%
ORD-11986,11/12/2023,Sophie Miller,Home Office,United States,North America,Office Supplies,Whiteboard Markers Set 8,2.00,19.32,0,38.64,9.47,11.78,PayPal,30.49%,24.51%
ORD-11964,13/12/2023,Linda Martin,Consumer,United States,North America,Furniture,Floating Wall Shelves Set,3.00,47.08,10,127.12,11.82,30.56,Bank Transfer,24.04%,9.30%
ORD-11968,13/12/2023,Karen Smith,Consumer,Spain,Europe,Furniture,Filing Cabinet 3-Drawer,5.00,109.55,10,492.98,16.35,147.98,Credit Card,30.02%,3.32%
ORD-10508,14/12/2023,William Chen,Consumer,France,Europe,Technology,Webcam HD 1080p,4.00,32.24,5,122.51,13.12,38.46,PayPal,31.39%,10.71%
ORD-11337,14/12/2023,Diego Anderson,Consumer,Nigeria,Middle East & Africa,Clothing & Accessories,Leather Wallet Minimalist,1.00,32.68,5,31.05,13.10,1.61,Credit Card,5.19%,42.19%
ORD-11463,16/12/2023,Ingrid Zhang,Corporate,Australia,Asia Pacific,Technology,Mechanical Gaming Keyboard,8.00,85.21,15,579.43,13.75,190.76,PayPal,32.92%,2.37%
ORD-11449,17/12/2023,Giulia Johnson,Corporate,South Korea,Asia Pacific,Technology,Wireless Bluetooth Headphones,3.00,166.63,0,499.89,14.84,210.11,Bank Transfer,42.03%,2.97%
ORD-10474,18/12/2023,Kenji Schmidt,Consumer,Canada,North America,Office Supplies,Sticky Notes Multicolor 6-Pack,10.00,9.33,15,79.30,10.95,26.36,Credit Card,33.24%,13.81%
ORD-10495,18/12/2023,Mary Laurent,Consumer,Canada,North America,Clothing & Accessories,Sports Water Bottle 750ml,5.00,8.10,20,32.40,16.70,-4.55,Cash on Delivery,-14.04%,51.54%
ORD-11233,18/12/2023,Maria Miller,Corporate,Canada,North America,Office Supplies,Whiteboard Markers Set 8,3.00,17.75,15,45.26,10.14,11.16,Credit Card,24.66%,22.40%
ORD-11248,18/12/2023,Amina Taylor,Home Office,Germany,Europe,Furniture,Folding Table Portable,4.00,59.95,5,227.81,13.86,70.07,PayPal,30.76%,6.08%
ORD-11998,18/12/2023,Zara Smith,Corporate,United States,North America,Office Supplies,Paper Clips Box 500pc,4.00,3.66,20,11.71,13.72,-8.60,Credit Card,-73.44%,117.16%
ORD-10126,20/12/2023,Diego Thomas,Consumer,Nigeria,Middle East & Africa,Clothing & Accessories,Leather Wallet Minimalist,6.00,64.86,20,311.33,25.84,90.91,PayPal,29.20%,8.30%
ORD-11345,20/12/2023,Isabella Johnson,Consumer,Saudi Arabia,Middle East & Africa,Furniture,Floating Wall Shelves Set,4.00,94.69,10,340.88,14.70,98.92,Credit Card,29.02%,4.31%
ORD-11967,20/12/2023,Elizabeth Harris,Home Office,Australia,Asia Pacific,Technology,Webcam HD 1080p,1.00,36.01,5,34.21,9.70,4.70,Credit Card,13.74%,28.35%
ORD-10197,21/12/2023,Sarah Rossi,Consumer,Mexico,North America,Office Supplies,Highlighters Neon Pack 6,1.00,6.89,15,5.86,6.74,-3.98,Cash on Delivery,-67.92%,115.02%
ORD-11579,21/12/2023,Felix Davis,Home Office,Mexico,North America,Technology,Portable External SSD 1TB,1.00,98.38,0,98.38,6.62,37.65,PayPal,38.27%,6.73%
ORD-10237,22/12/2023,Hans Rossi,Home Office,India,Asia Pacific,Technology,Tablet Stand Holder,5.00,27.72,5,131.67,17.42,38.02,Bank Transfer,28.88%,13.23%
ORD-10587,22/12/2023,James Ferrari,Consumer,Colombia,South America,Furniture,Corner L-Shaped Desk,3.00,371.61,15,947.61,15.39,263.32,Credit Card,27.79%,1.62%
ORD-10724,22/12/2023,Joseph Martinez,Consumer,South Korea,Asia Pacific,Furniture,Ergonomic Office Chair,2.00,288.74,20,461.98,11.82,103.67,Bank Transfer,22.44%,2.56%
ORD-10127,23/12/2023,David Leroy,Corporate,Saudi Arabia,Middle East & Africa,Office Supplies,Tape Dispenser Heavy Duty,12.00,11.81,15,120.46,22.68,34.01,PayPal,28.23%,18.83%
ORD-10230,23/12/2023,Ava Yamamoto,Corporate,India,Asia Pacific,Technology,Smart LED Desk Lamp,3.00,67.73,10,182.87,11.07,60.05,Credit Card,32.84%,6.05%
ORD-10318,23/12/2023,Priya Costa,Corporate,South Korea,Asia Pacific,Furniture,Mesh Back Task Chair,4.00,166.71,20,533.47,15.13,118.24,Credit Card,22.16%,2.84%
ORD-10827,24/12/2023,Priya Martin,Home Office,Mexico,North America,Technology,Tablet Stand Holder,1.00,41.24,10,37.12,5.87,8.57,PayPal,23.09%,15.81%
ORD-11663,24/12/2023,Olivia Patel,Home Office,France,Europe,Technology,Portable External SSD 1TB,5.00,81.10,10,364.95,17.85,124.07,Credit Card,34.00%,4.89%
ORD-10149,25/12/2023,Barbara Sharma,Corporate,United Kingdom,Europe,Furniture,Bookshelf 5-Tier,1.00,190.75,20,152.60,9.08,29.07,Credit Card,19.05%,5.95%
ORD-11020,25/12/2023,Liam Romano,Home Office,France,Europe,Technology,Laptop Stand Adjustable,1.00,69.13,15,58.76,7.83,12.91,Credit Card,21.97%,13.33%
ORD-10218,26/12/2023,Olga Davis,Consumer,India,Asia Pacific,Technology,USB-C Hub Multiport Adapter,1.00,51.57,20,41.26,10.55,2.35,Bank Transfer,5.70%,25.57%
ORD-10409,26/12/2023,Noah Ali,Consumer,Japan,Asia Pacific,Technology,Webcam HD 1080p,3.00,85.34,5,243.22,10.71,91.70,Credit Card,37.70%,4.40%
ORD-10439,26/12/2023,Ayumi Tanaka,Corporate,Colombia,South America,Office Supplies,Binder Clips Assorted 48pc,4.00,11.72,5,44.54,14.16,9.28,Bank Transfer,20.84%,31.79%
ORD-10591,26/12/2023,Isabella Anderson,Corporate,South Korea,Asia Pacific,Technology,USB-C Hub Multiport Adapter,1.00,53.57,25,40.18,11.21,-0.49,Cash on Delivery,-1.22%,27.90%
ORD-10825,26/12/2023,Raj Singh,Consumer,South Korea,Asia Pacific,Office Supplies,Paper Clips Box 500pc,2.00,8.93,0,17.86,10.04,-0.22,Credit Card,-1.23%,56.22%
ORD-11187,26/12/2023,Ali Weber,Corporate,China,Asia Pacific,Clothing & Accessories,Canvas Messenger Bag,5.00,57.59,5,273.55,16.19,113.38,PayPal,41.45%,5.92%
ORD-11830,26/12/2023,John Miller,Home Office,Canada,North America,Technology,Tablet Stand Holder,3.00,25.88,15,65.99,6.99,16.30,Credit Card,24.70%,10.59%
ORD-11418,27/12/2023,Ahmed Jackson,Consumer,Argentina,South America,Furniture,Floating Wall Shelves Set,2.00,85.83,15,145.91,13.60,29.31,PayPal,20.09%,9.32%
ORD-11457,27/12/2023,Hanna Dubois,Corporate,Australia,Asia Pacific,Furniture,Bookshelf 5-Tier,2.00,139.67,15,237.44,13.84,56.00,Credit Card,23.58%,5.83%
ORD-11996,27/12/2023,Priya Li,Consumer,Colombia,South America,Office Supplies,Highlighters Neon Pack 6,5.00,8.83,0,44.15,19.01,5.27,Bank Transfer,11.94%,43.06%
ORD-11147,28/12/2023,Priya Johansson,Consumer,India,Asia Pacific,Furniture,Filing Cabinet 3-Drawer,1.00,172.70,0,172.70,11.33,57.75,Bank Transfer,33.44%,6.56%
ORD-11437,31/12/2023,Sarah Johnson,Consumer,Germany,Europe,Furniture,Bookshelf 5-Tier,1.00,162.05,5,153.95,9.38,47.34,PayPal,30.75%,6.09%
ORD-10010,01/01/2024,James Li,Home Office,Mexico,North America,Technology,Portable External SSD 1TB,3.00,135.75,0,407.25,8.74,174.52,Credit Card,42.85%,2.15%
ORD-11510,01/01/2024,Olga Pereira,Consumer,Italy,Europe,Clothing & Accessories,Cotton Formal Shirt,2.00,50.45,0,100.90,10.54,39.91,PayPal,39.55%,10.45%
ORD-10052,03/01/2024,Ali Miller,Home Office,Canada,North America,Office Supplies,Desk Calendar 2025,11.00,9.84,10,97.42,25.84,22.87,Credit Card,23.48%,26.52%
ORD-10430,04/01/2024,Chen Johansson,Corporate,Colombia,South America,Furniture,Corner L-Shaped Desk,1.00,246.96,10,222.26,10.51,63.57,PayPal,28.60%,4.73%
ORD-11467,04/01/2024,Jamal Patel,Consumer,United Kingdom,Europe,Office Supplies,Stapler Full-Size,2.00,17.17,5,32.62,10.14,7.03,Bank Transfer,21.55%,31.09%
ORD-11720,04/01/2024,Diego Nilsson,Consumer,Italy,Europe,Office Supplies,Stapler Full-Size,1.00,11.89,0,11.89,7.53,-0.99,Bank Transfer,-8.33%,63.33%
ORD-10673,06/01/2024,Jessica Kim,Corporate,Brazil,South America,Office Supplies,Premium Notebook Set A5,5.00,17.43,0,87.15,13.79,34.14,Credit Card,39.17%,15.82%
ORD-10709,07/01/2024,Olga Ahmed,Consumer,Italy,Europe,Clothing & Accessories,Leather Belt Classic,3.00,22.55,10,60.89,12.39,14.67,Credit Card,24.09%,20.35%
ORD-10323,08/01/2024,Hans Costa,Consumer,Mexico,North America,Furniture,Bookshelf 5-Tier,2.00,161.39,5,306.64,8.36,104.61,Credit Card,34.11%,2.73%
ORD-10650,08/01/2024,Carlos Ahmed,Consumer,Canada,North America,Technology,Tablet Stand Holder,1.00,47.57,0,47.57,5.87,15.54,Bank Transfer,32.67%,12.34%
ORD-10718,08/01/2024,Ivan Li,Consumer,United States,North America,Furniture,Corner L-Shaped Desk,4.00,259.86,5,987.47,13.35,350.46,Credit Card,35.49%,1.35%
ORD-10962,09/01/2024,Ayumi Suzuki,Corporate,Colombia,South America,Clothing & Accessories,Sports Water Bottle 750ml,6.00,12.29,5,70.05,13.20,19.98,Bank Transfer,28.52%,18.84%
ORD-11993,09/01/2024,Hanna Taylor,Home Office,Mexico,North America,Furniture,Ergonomic Office Chair,3.00,192.53,0,577.59,10.09,220.95,Credit Card,38.25%,1.75%
ORD-10925,10/01/2024,Linda Müller,Corporate,Canada,North America,Office Supplies,Sticky Notes Multicolor 6-Pack,4.00,6.51,5,24.74,14.84,-1.82,Credit Card,-7.36%,59.98%
ORD-11362,10/01/2024,Priya Smith,Consumer,Spain,Europe,Technology,Wireless Ergonomic Mouse,1.00,32.02,5,30.42,8.28,4.53,Cash on Delivery,14.89%,27.22%
ORD-11372,10/01/2024,William Ahmed,Home Office,Mexico,North America,Technology,Wireless Bluetooth Headphones,2.00,155.87,15,264.98,6.43,87.09,PayPal,32.87%,2.43%
ORD-11551,11/01/2024,Nadia Martin,Home Office,China,Asia Pacific,Technology,Wireless Ergonomic Mouse,5.00,62.10,0,310.50,11.64,128.08,Bank Transfer,41.25%,3.75%
ORD-10476,13/01/2024,Jennifer Khan,Corporate,France,Europe,Office Supplies,Whiteboard Markers Set 8,1.00,21.65,10,19.48,9.45,0.29,PayPal,1.49%,48.51%
ORD-11431,13/01/2024,Karen Wang,Home Office,Colombia,South America,Clothing & Accessories,Polarized Sunglasses,1.00,21.54,15,18.31,12.49,-4.95,Credit Card,-27.03%,68.21%
ORD-11861,13/01/2024,Maria Khan,Home Office,South Africa,Middle East & Africa,Technology,Portable External SSD 1TB,2.00,75.67,0,151.34,12.13,55.97,Credit Card,36.98%,8.02%
ORD-11992,13/01/2024,Olivia Miller,Consumer,Mexico,North America,Clothing & Accessories,Cotton Formal Shirt,6.00,51.47,20,247.06,17.98,74.67,Bank Transfer,30.22%,7.28%
ORD-10152,14/01/2024,Ivan Dubois,Consumer,United Kingdom,Europe,Furniture,Filing Cabinet 3-Drawer,2.00,81.16,5,154.20,9.07,47.74,Credit Card,30.96%,5.88%
ORD-10672,14/01/2024,Thomas Miller,Consumer,South Korea,Asia Pacific,Office Supplies,Binder Clips Assorted 48pc,3.00,11.12,15,28.36,13.43,-0.08,PayPal,-0.28%,47.36%
ORD-10880,16/01/2024,Barbara Davis,Home Office,United States,North America,Office Supplies,Premium Notebook Set A5,5.00,21.03,0,105.15,11.25,46.58,Credit Card,44.30%,10.70%
ORD-11107,16/01/2024,Ayumi Martinez,Consumer,South Africa,Middle East & Africa,Furniture,Floating Wall Shelves Set,7.00,34.67,10,218.42,22.52,50.29,Bank Transfer,23.02%,10.31%
ORD-11424,17/01/2024,Felix Taylor,Home Office,Mexico,North America,Office Supplies,Highlighters Neon Pack 6,2.00,11.84,10,21.31,9.87,0.78,Credit Card,3.66%,46.32%
ORD-11592,17/01/2024,Mia Clark,Consumer,Japan,Asia Pacific,Technology,Smart LED Desk Lamp,4.00,27.55,20,88.16,14.39,13.16,Bank Transfer,14.93%,16.32%
ORD-10695,18/01/2024,William Kim,Consumer,South Korea,Asia Pacific,Office Supplies,Paper Clips Box 500pc,1.00,9.96,15,8.47,9.90,-5.91,Bank Transfer,-69.78%,116.88%
ORD-10116,19/01/2024,Ivan Smith,Corporate,Canada,North America,Technology,Webcam HD 1080p,3.00,34.06,10,91.96,12.43,23.33,PayPal,25.37%,13.52%
ORD-10775,19/01/2024,Susan Zhang,Consumer,Canada,North America,Furniture,Floating Wall Shelves Set,2.00,61.68,20,98.69,6.34,18.33,PayPal,18.57%,6.42%
ORD-11033,19/01/2024,Yuki Chen,Consumer,China,Asia Pacific,Office Supplies,Sticky Notes Multicolor 6-Pack,4.00,5.79,10,20.84,15.81,-5.39,PayPal,-25.86%,75.86%
ORD-10866,20/01/2024,Jamal Jones,Home Office,Mexico,North America,Technology,Wireless Ergonomic Mouse,1.00,36.55,5,34.72,5.81,8.81,Credit Card,25.37%,16.73%
ORD-11159,20/01/2024,James Kumar,Corporate,Mexico,North America,Technology,Smart LED Desk Lamp,4.00,35.55,5,135.09,11.22,45.66,Credit Card,33.80%,8.31%
ORD-10471,21/01/2024,Zara Müller,Corporate,Japan,Asia Pacific,Furniture,Standing Desk Converter,1.00,197.67,25,148.25,9.65,20.00,Credit Card,13.49%,6.51%
ORD-10549,21/01/2024,Thomas Rodriguez,Consumer,United States,North America,Technology,USB-C Hub Multiport Adapter,2.00,49.24,10,88.63,9.16,25.31,Credit Card,28.56%,10.34%
ORD-11273,21/01/2024,Richard Rodriguez,Corporate,United Kingdom,Europe,Clothing & Accessories,Canvas Messenger Bag,3.00,74.46,20,178.70,12.62,54.39,PayPal,30.44%,7.06%
ORD-10067,22/01/2024,Noah Leroy,Corporate,France,Europe,Technology,Smart LED Desk Lamp,5.00,36.68,0,183.40,16.95,65.58,Bank Transfer,35.76%,9.24%
ORD-10498,22/01/2024,Kenji White,Corporate,Canada,North America,Clothing & Accessories,Leather Wallet Minimalist,2.00,61.95,0,123.90,8.70,53.25,PayPal,42.98%,7.02%
ORD-10265,24/01/2024,Nadia Zhang,Consumer,South Korea,Asia Pacific,Office Supplies,Tape Dispenser Heavy Duty,3.00,18.85,20,45.24,12.65,7.14,Credit Card,15.78%,27.96%
ORD-10662,24/01/2024,Liam Tanaka,Corporate,United States,North America,Clothing & Accessories,Wool Blend Scarf,5.00,49.71,25,186.41,8.76,53.37,PayPal,28.63%,4.70%
ORD-11015,27/01/2024,Clara Rodriguez,Corporate,United States,North America,Clothing & Accessories,Travel Backpack 30L,3.00,59.07,20,141.77,11.25,41.92,Credit Card,29.57%,7.94%
ORD-11782,27/01/2024,Oscar Pereira,Corporate,China,Asia Pacific,Office Supplies,Premium Notebook Set A5,2.00,21.61,15,36.74,13.06,4.23,Bank Transfer,11.51%,35.55%
ORD-10032,28/01/2024,Oscar Khan,Consumer,United States,North America,Clothing & Accessories,Leather Belt Classic,2.00,39.62,5,75.28,6.00,29.66,Credit Card,39.40%,7.97%
ORD-10004,29/01/2024,Amir Garcia,Corporate,South Africa,Middle East & Africa,Technology,Mechanical Gaming Keyboard,12.00,150.50,20,1444.80,37.80,413.70,Credit Card,28.63%,2.62%
ORD-10051,30/01/2024,Chen Thompson,Consumer,Mexico,North America,Office Supplies,Desk Calendar 2025,5.00,8.68,0,43.40,13.40,10.47,Bank Transfer,24.12%,30.88%
ORD-10878,31/01/2024,Clara Sato,Home Office,Japan,Asia Pacific,Furniture,Monitor Riser Wood,2.00,29.62,5,56.28,10.79,9.95,PayPal,17.68%,19.17%
ORD-11208,31/01/2024,Thomas Suzuki,Corporate,United States,North America,Technology,Mechanical Gaming Keyboard,2.00,96.97,15,164.85,9.27,48.91,Bank Transfer,29.67%,5.62%
ORD-11547,31/01/2024,Mary Russo,Home Office,Argentina,South America,Office Supplies,Binder Clips Assorted 48pc,1.00,15.66,0,15.66,10.77,-2.16,Credit Card,-13.79%,68.77%
ORD-10100,02/02/2024,Fatima Jones,Corporate,Mexico,North America,Furniture,Bookshelf 5-Tier,1.00,93.08,5,88.43,6.70,25.88,Bank Transfer,29.27%,7.58%
ORD-10110,02/02/2024,Ayumi White,Corporate,Italy,Europe,Clothing & Accessories,Leather Wallet Minimalist,2.00,38.08,10,68.54,10.11,20.35,Cash on Delivery,29.69%,14.75%
ORD-10928,03/02/2024,Olga Pereira,Home Office,Australia,Asia Pacific,Office Supplies,Highlighters Neon Pack 6,1.00,13.92,5,13.22,10.04,-3.08,PayPal,-23.30%,75.95%
ORD-11928,03/02/2024,Kenji Dubois,Home Office,Spain,Europe,Furniture,Mesh Back Task Chair,2.00,297.80,0,595.60,11.67,226.57,PayPal,38.04%,1.96%
ORD-10440,04/02/2024,Marco Sharma,Corporate,Germany,Europe,Office Supplies,Desk Calendar 2025,1.00,10.39,0,10.39,7.64,-1.93,PayPal,-18.58%,73.53%
ORD-11047,04/02/2024,Yuki Ferrari,Corporate,United States,North America,Furniture,Filing Cabinet 3-Drawer,2.00,214.42,20,343.07,6.04,79.73,Credit Card,23.24%,1.76%
ORD-11456,04/02/2024,Ahmed Singh,Corporate,United States,North America,Technology,Portable External SSD 1TB,4.00,96.59,0,386.36,8.86,165.00,PayPal,42.71%,2.29%
ORD-10297,07/02/2024,Hans Patel,Corporate,South Korea,Asia Pacific,Clothing & Accessories,Canvas Messenger Bag,12.00,54.17,0,650.04,38.10,286.92,Bank Transfer,44.14%,5.86%
ORD-11139,07/02/2024,Priya Laurent,Consumer,Spain,Europe,Clothing & Accessories,Business Casual Blazer,4.00,90.04,5,342.15,13.31,148.76,Bank Transfer,43.48%,3.89%
ORD-11704,07/02/2024,Clara Miller,Consumer,Italy,Europe,Technology,Webcam HD 1080p,2.00,33.73,15,57.34,11.05,9.19,Credit Card,16.03%,19.27%
ORD-10031,08/02/2024,Yuki Martin,Consumer,Spain,Europe,Technology,Webcam HD 1080p,4.00,67.39,0,269.56,16.20,105.10,PayPal,38.99%,6.01%
ORD-10923,08/02/2024,Hans Martinez,Consumer,Japan,Asia Pacific,Furniture,Ergonomic Office Chair,6.00,443.99,15,2264.35,18.29,647.70,Credit Card,28.60%,0.81%
ORD-10958,10/02/2024,John Zhang,Home Office,United Kingdom,Europe,Technology,Wireless Bluetooth Headphones,1.00,216.25,5,205.44,7.52,78.98,PayPal,38.44%,3.66%
ORD-11599,10/02/2024,Nadia Martin,Consumer,South Korea,Asia Pacific,Clothing & Accessories,Business Casual Blazer,2.00,89.21,15,151.66,13.60,48.85,Credit Card,32.21%,8.97%
ORD-11625,11/02/2024,Jennifer Ali,Corporate,Argentina,South America,Furniture,Corner L-Shaped Desk,8.00,180.57,10,1300.10,17.58,415.78,Credit Card,31.98%,1.35%
ORD-11705,11/02/2024,Jennifer Martinez,Corporate,UAE,Middle East & Africa,Technology,Wireless Ergonomic Mouse,2.00,22.02,5,41.84,13.18,4.44,Cash on Delivery,10.61%,31.50%
ORD-10346,12/02/2024,Marco Hassan,Consumer,Mexico,North America,Office Supplies,Tape Dispenser Heavy Duty,5.00,10.97,5,52.11,14.23,13.20,PayPal,25.33%,27.31%
ORD-10338,13/02/2024,Maria Zhang,Corporate,Argentina,South America,Technology,Portable External SSD 1TB,1.00,78.61,5,74.68,11.74,19.70,Credit Card,26.38%,15.72%
ORD-10935,13/02/2024,Patricia Khan,Consumer,Spain,Europe,Office Supplies,Highlighters Neon Pack 6,1.00,12.56,0,12.56,8.15,-1.24,PayPal,-9.87%,64.89%
ORD-11263,14/02/2024,Susan Zhang,Consumer,Saudi Arabia,Middle East & Africa,Clothing & Accessories,Business Casual Blazer,4.00,108.96,0,435.84,18.91,199.01,Cash on Delivery,45.66%,4.34%
ORD-11724,14/02/2024,Lucas Rodriguez,Consumer,United States,North America,Furniture,Desk Organizer Set,4.00,40.58,5,154.20,13.86,42.95,PayPal,27.85%,8.99%
ORD-11580,15/02/2024,Chen Garcia,Consumer,China,Asia Pacific,Technology,Smart LED Desk Lamp,1.00,28.43,0,28.43,11.31,1.48,Cash on Delivery,5.21%,39.78%
ORD-10292,16/02/2024,Omar Costa,Corporate,Saudi Arabia,Middle East & Africa,Office Supplies,Whiteboard Markers Set 8,1.00,20.74,15,17.63,13.45,-5.15,Credit Card,-29.21%,76.29%
ORD-11565,17/02/2024,Omar Williams,Consumer,South Korea,Asia Pacific,Clothing & Accessories,Leather Belt Classic,5.00,48.34,25,181.28,14.29,46.14,Credit Card,25.45%,7.88%
ORD-10413,18/02/2024,Li Laurent,Consumer,United States,North America,Furniture,Ergonomic Office Chair,7.00,429.66,0,3007.62,13.26,1189.79,PayPal,39.56%,0.44%
ORD-10503,18/02/2024,Elizabeth Singh,Corporate,Australia,Asia Pacific,Furniture,Floating Wall Shelves Set,2.00,48.32,20,77.31,12.19,7.14,Cash on Delivery,9.24%,15.77%
ORD-10510,18/02/2024,Olivia Anderson,Corporate,Italy,Europe,Clothing & Accessories,Cotton Formal Shirt,3.00,62.02,5,176.76,8.79,74.94,Cash on Delivery,42.40%,4.97%
ORD-10165,21/02/2024,Hanna Leroy,Corporate,France,Europe,Technology,Wireless Ergonomic Mouse,1.00,62.36,15,53.01,7.88,10.83,Credit Card,20.43%,14.87%
ORD-10529,21/02/2024,Chen Santos,Corporate,Mexico,North America,Clothing & Accessories,Canvas Messenger Bag,3.00,43.72,0,131.16,11.64,53.94,PayPal,41.13%,8.87%
ORD-10819,21/02/2024,Oscar Wang,Home Office,United Kingdom,Europe,Clothing & Accessories,Sports Water Bottle 750ml,5.00,13.07,0,65.35,13.22,19.45,Bank Transfer,29.76%,20.23%
ORD-11638,21/02/2024,Maria Ferrari,Corporate,United States,North America,Furniture,Standing Desk Converter,1.00,246.49,10,221.84,6.91,67.04,Credit Card,30.22%,3.11%
ORD-11671,23/02/2024,Jennifer Tanaka,Consumer,Canada,North America,Clothing & Accessories,Sports Water Bottle 750ml,7.00,23.26,5,154.68,15.24,58.03,Credit Card,37.52%,9.85%
ORD-10156,25/02/2024,Karen Anderson,Consumer,United Kingdom,Europe,Furniture,Floating Wall Shelves Set,1.00,61.18,0,61.18,8.33,16.14,PayPal,26.38%,13.62%
ORD-10708,27/02/2024,Susan Li,Corporate,France,Europe,Technology,Portable External SSD 1TB,4.00,78.35,20,250.72,12.16,66.19,PayPal,26.40%,4.85%
ORD-11059,27/02/2024,Patricia Clark,Consumer,South Africa,Middle East & Africa,Office Supplies,Whiteboard Markers Set 8,2.00,13.33,15,22.66,15.68,-5.02,PayPal,-22.15%,69.20%
ORD-11676,27/02/2024,Giulia Anderson,Consumer,United States,North America,Office Supplies,Sticky Notes Multicolor 6-Pack,1.00,14.70,15,12.49,7.42,-1.54,Credit Card,-12.33%,59.41%
ORD-11280,02/03/2024,John Robinson,Corporate,France,Europe,Office Supplies,Highlighters Neon Pack 6,4.00,10.51,5,39.94,13.17,7.85,Credit Card,19.65%,32.97%
ORD-10947,03/03/2024,Kenji Davis,Home Office,Italy,Europe,Furniture,Mesh Back Task Chair,5.00,131.71,10,592.70,10.75,186.82,Cash on Delivery,31.52%,1.81%
ORD-10869,04/03/2024,Priya Nilsson,Corporate,Australia,Asia Pacific,Office Supplies,Sticky Notes Multicolor 6-Pack,5.00,5.00,0,25.00,13.15,0.60,Cash on Delivery,2.40%,52.60%
ORD-10005,05/03/2024,Chen Patel,Home Office,Canada,North America,Office Supplies,Ballpoint Pen Pack 12,1.00,12.92,10,11.63,5.83,-0.01,Credit Card,-0.09%,50.13%
ORD-10951,05/03/2024,Sarah Chen,Consumer,Mexico,North America,Office Supplies,Whiteboard Markers Set 8,6.00,15.88,5,90.52,10.10,37.54,PayPal,41.47%,11.16%
ORD-11594,05/03/2024,Michael Garcia,Consumer,United States,North America,Clothing & Accessories,Cotton Formal Shirt,5.00,32.04,5,152.19,8.49,63.60,Bank Transfer,41.79%,5.58%
ORD-11835,05/03/2024,Noah Clark,Corporate,UAE,Middle East & Africa,Technology,Wireless Bluetooth Headphones,3.00,187.55,15,478.25,15.41,153.38,Cash on Delivery,32.07%,3.22%
ORD-10706,06/03/2024,Priya Rodriguez,Consumer,China,Asia Pacific,Technology,Webcam HD 1080p,11.00,67.96,5,710.18,35.32,263.70,Cash on Delivery,37.13%,4.97%
ORD-11277,06/03/2024,Sakura Smith,Corporate,Brazil,South America,Furniture,Folding Table Portable,1.00,127.07,0,127.07,10.80,40.03,Credit Card,31.50%,8.50%
ORD-10437,07/03/2024,Nadia Harris,Corporate,China,Asia Pacific,Clothing & Accessories,Business Casual Blazer,5.00,110.65,0,553.25,13.18,263.44,Credit Card,47.62%,2.38%
ORD-10841,07/03/2024,Carlos Martinez,Consumer,Colombia,South America,Technology,Tablet Stand Holder,2.00,27.57,0,55.14,12.15,12.66,PayPal,22.96%,22.03%
ORD-10883,07/03/2024,Fatima Williams,Home Office,China,Asia Pacific,Furniture,Monitor Riser Wood,4.00,36.41,10,131.08,17.64,26.06,Bank Transfer,19.88%,13.46%
ORD-10273,08/03/2024,Clara Johnson,Consumer,China,Asia Pacific,Office Supplies,Desk Calendar 2025,4.00,7.72,15,26.25,14.00,-1.65,PayPal,-6.29%,53.33%
ORD-10893,08/03/2024,Elizabeth Sharma,Consumer,United Kingdom,Europe,Technology,Smart LED Desk Lamp,2.00,57.70,0,115.40,9.55,42.38,Bank Transfer,36.72%,8.28%
ORD-11361,08/03/2024,Olivia Sato,Consumer,United States,North America,Technology,Wireless Ergonomic Mouse,3.00,69.59,20,167.02,10.17,42.03,Cash on Delivery,25.16%,6.09%
ORD-10309,09/03/2024,William Clark,Consumer,India,Asia Pacific,Office Supplies,Tape Dispenser Heavy Duty,1.00,10.42,10,9.38,10.01,-5.32,Credit Card,-56.72%,106.72%
ORD-10531,10/03/2024,William Smith,Consumer,Nigeria,Middle East & Africa,Office Supplies,Stapler Full-Size,1.00,10.33,0,10.33,12.17,-6.49,Credit Card,-62.83%,117.81%
ORD-10537,10/03/2024,Maria Costa,Consumer,France,Europe,Clothing & Accessories,Sports Water Bottle 750ml,1.00,24.87,20,19.90,7.99,-0.53,PayPal,-2.66%,40.15%
ORD-11284,10/03/2024,Emma Moreau,Consumer,Germany,Europe,Technology,Laptop Stand Adjustable,5.00,73.85,0,369.25,19.40,146.76,Cash on Delivery,39.75%,5.25%
ORD-11143,13/03/2024,Layla Park,Corporate,Mexico,North America,Office Supplies,Ballpoint Pen Pack 12,8.00,16.12,10,116.06,20.61,37.42,Credit Card,32.24%,17.76%
ORD-11742,13/03/2024,James Wang,Home Office,China,Asia Pacific,Technology,Smart LED Desk Lamp,4.00,74.64,0,298.56,12.03,122.32,PayPal,40.97%,4.03%
ORD-11961,13/03/2024,Nadia Johansson,Home Office,Nigeria,Middle East & Africa,Furniture,Mesh Back Task Chair,4.00,119.66,10,430.78,18.85,124.75,PayPal,28.96%,4.38%
ORD-11956,16/03/2024,Hanna Müller,Consumer,Saudi Arabia,Middle East & Africa,Technology,Noise Cancelling Earbuds,3.00,187.16,0,561.48,15.51,237.16,Cash on Delivery,42.24%,2.76%
ORD-10573,17/03/2024,Hanna Brown,Home Office,France,Europe,Office Supplies,Premium Notebook Set A5,2.00,10.08,15,17.14,9.67,-1.60,PayPal,-9.33%,56.42%
ORD-11179,17/03/2024,Noah Müller,Consumer,Colombia,South America,Furniture,Folding Table Portable,2.00,115.30,5,219.07,13.43,67.28,Cash on Delivery,30.71%,6.13%
ORD-11997,17/03/2024,Barbara Sato,Consumer,United States,North America,Furniture,Mesh Back Task Chair,3.00,185.09,0,555.27,9.37,212.74,Credit Card,38.31%,1.69%
ORD-10084,18/03/2024,Wei Jones,Home Office,South Korea,Asia Pacific,Technology,USB-C Hub Multiport Adapter,3.00,55.49,5,158.15,16.40,50.19,Cash on Delivery,31.74%,10.37%
ORD-11941,18/03/2024,Ivan Patel,Consumer,Italy,Europe,Furniture,Monitor Riser Wood,1.00,53.47,0,53.47,8.83,12.56,PayPal,23.49%,16.51%
ORD-11174,19/03/2024,Fatima Singh,Corporate,Australia,Asia Pacific,Clothing & Accessories,Cotton Formal Shirt,3.00,24.44,25,54.99,12.17,6.16,PayPal,11.20%,22.13%
ORD-11802,19/03/2024,Giulia Nilsson,Consumer,Japan,Asia Pacific,Clothing & Accessories,Sports Water Bottle 750ml,11.00,15.11,10,149.59,21.86,44.63,Credit Card,29.83%,14.61%
ORD-11979,19/03/2024,Nadia Romano,Corporate,United Kingdom,Europe,Office Supplies,Sticky Notes Multicolor 6-Pack,2.00,4.03,5,7.66,10.73,-6.70,Cash on Delivery,-87.47%,140.08%
ORD-10425,21/03/2024,Amir Khan,Consumer,Japan,Asia Pacific,Clothing & Accessories,Business Casual Blazer,4.00,123.28,5,468.46,13.33,208.57,PayPal,44.52%,2.85%
ORD-10040,27/03/2024,Ava Clark,Corporate,Nigeria,Middle East & Africa,Technology,Wireless Ergonomic Mouse,2.00,21.45,15,36.46,13.62,-0.76,Credit Card,-2.08%,37.36%
ORD-10705,27/03/2024,Chen Dubois,Corporate,France,Europe,Technology,Laptop Stand Adjustable,1.00,34.41,5,32.69,7.58,6.18,Credit Card,18.90%,23.19%
ORD-11101,27/03/2024,Hans Harris,Consumer,United States,North America,Technology,Portable External SSD 1TB,6.00,99.17,15,505.77,13.35,165.16,Credit Card,32.66%,2.64%
ORD-11914,27/03/2024,Xiao Ali,Corporate,Saudi Arabia,Middle East & Africa,Furniture,Filing Cabinet 3-Drawer,7.00,140.89,15,838.30,16.01,230.55,PayPal,27.50%,1.91%
ORD-10154,28/03/2024,Jessica Patel,Home Office,Mexico,North America,Technology,USB-C Hub Multiport Adapter,12.00,40.47,5,461.36,27.85,166.41,Cash on Delivery,36.07%,6.04%
ORD-11326,28/03/2024,Patricia Rossi,Consumer,Argentina,South America,Furniture,Folding Table Portable,1.00,42.60,15,36.21,11.24,-0.59,Bank Transfer,-1.63%,31.04%
ORD-10379,30/03/2024,Felix Müller,Corporate,Japan,Asia Pacific,Office Supplies,Desk Calendar 2025,1.00,7.85,10,7.06,9.60,-6.07,Credit Card,-85.98%,135.98%
ORD-10754,30/03/2024,Chen Patel,Corporate,Germany,Europe,Furniture,Filing Cabinet 3-Drawer,6.00,203.47,10,1098.74,13.13,353.12,Credit Card,32.14%,1.20%
ORD-10394,31/03/2024,Oscar Kim,Home Office,Argentina,South America,Clothing & Accessories,Silk Tie Collection,8.00,14.51,20,92.86,27.87,6.95,PayPal,7.48%,30.01%
ORD-10464,31/03/2024,Ivan Zhang,Home Office,Canada,North America,Office Supplies,Desk Calendar 2025,7.00,18.79,5,124.95,9.12,56.64,Cash on Delivery,45.33%,7.30%
ORD-11428,31/03/2024,Mary Weber,Consumer,France,Europe,Office Supplies,Tape Dispenser Heavy Duty,1.00,18.75,0,18.75,9.22,1.09,PayPal,5.81%,49.17%
ORD-11969,31/03/2024,Nadia Laurent,Consumer,Australia,Asia Pacific,Technology,Noise Cancelling Earbuds,4.00,130.45,0,521.80,18.51,216.30,PayPal,41.45%,3.55%
ORD-11981,01/04/2024,Fatima Fischer,Home Office,Spain,Europe,Technology,Wireless Bluetooth Headphones,1.00,231.11,10,208.00,8.87,72.02,PayPal,34.63%,4.26%
ORD-10660,03/04/2024,Sarah Moreau,Corporate,France,Europe,Clothing & Accessories,Travel Backpack 30L,2.00,35.17,25,52.76,10.97,6.62,Bank Transfer,12.55%,20.79%
ORD-10768,03/04/2024,Jessica Costa,Consumer,Japan,Asia Pacific,Technology,Wireless Bluetooth Headphones,13.00,73.44,15,811.51,34.33,252.08,Credit Card,31.06%,4.23%
ORD-11299,03/04/2024,Isabella Yamamoto,Corporate,Italy,Europe,Office Supplies,Sticky Notes Multicolor 6-Pack,2.00,9.10,0,18.20,9.66,0.35,PayPal,1.92%,53.08%
ORD-10295,04/04/2024,Ayumi Miller,Corporate,South Korea,Asia Pacific,Office Supplies,Tape Dispenser Heavy Duty,3.00,14.61,15,37.26,14.68,2.86,PayPal,7.68%,39.40%
ORD-10832,04/04/2024,Karen Tanaka,Corporate,Japan,Asia Pacific,Office Supplies,Stapler Full-Size,5.00,15.19,10,68.36,12.71,21.47,Cash on Delivery,31.41%,18.59%
ORD-11250,04/04/2024,Emma Kim,Consumer,India,Asia Pacific,Technology,Portable External SSD 1TB,1.00,116.53,10,104.88,10.52,30.27,PayPal,28.86%,10.03%
ORD-11581,04/04/2024,Mia Smith,Consumer,France,Europe,Clothing & Accessories,Canvas Messenger Bag,5.00,45.28,25,169.80,12.55,44.05,Credit Card,25.94%,7.39%
ORD-10064,05/04/2024,Ahmed Clark,Corporate,Japan,Asia Pacific,Clothing & Accessories,Cotton Formal Shirt,1.00,43.07,20,34.46,10.50,2.43,Bank Transfer,7.05%,30.47%
ORD-10665,05/04/2024,Noah Martinez,Home Office,Mexico,North America,Office Supplies,Premium Notebook Set A5,5.00,23.69,15,100.68,14.77,32.61,Credit Card,32.39%,14.67%
ORD-10687,05/04/2024,Jennifer Ferrari,Consumer,Mexico,North America,Technology,Webcam HD 1080p,3.00,80.36,20,192.86,9.04,51.23,Credit Card,26.56%,4.69%
ORD-10806,06/04/2024,Sakura Thomas,Consumer,France,Europe,Technology,USB-C Hub Multiport Adapter,3.00,39.53,15,100.80,9.02,26.56,Credit Card,26.35%,8.95%
ORD-10813,06/04/2024,Raj Li,Consumer,Mexico,North America,Office Supplies,Binder Clips Assorted 48pc,5.00,10.25,15,43.56,9.78,10.72,Cash on Delivery,24.61%,22.45%
ORD-10956,06/04/2024,Sakura Rodriguez,Consumer,United States,North America,Office Supplies,Ballpoint Pen Pack 12,2.00,14.32,10,25.78,7.00,5.89,Credit Card,22.85%,27.15%
ORD-11558,06/04/2024,Chen Martin,Consumer,Germany,Europe,Office Supplies,Paper Clips Box 500pc,8.00,9.00,0,72.00,16.77,22.83,Credit Card,31.71%,23.29%
ORD-10078,07/04/2024,Olivia Nilsson,Consumer,Brazil,South America,Clothing & Accessories,Polarized Sunglasses,5.00,77.97,5,370.36,20.41,155.03,Credit Card,41.86%,5.51%
ORD-11634,07/04/2024,Olivia Robinson,Consumer,Japan,Asia Pacific,Clothing & Accessories,Travel Backpack 30L,3.00,70.34,10,189.92,14.67,69.74,Credit Card,36.72%,7.72%
ORD-10092,08/04/2024,Susan Hassan,Home Office,France,Europe,Clothing & Accessories,Sports Water Bottle 750ml,6.00,29.44,10,158.98,17.71,52.95,Credit Card,33.31%,11.14%
ORD-10964,08/04/2024,Richard Kumar,Consumer,South Korea,Asia Pacific,Clothing & Accessories,Leather Belt Classic,9.00,36.63,5,313.19,17.14,131.21,Credit Card,41.89%,5.47%
ORD-11344,08/04/2024,Amir Wang,Consumer,United States,North America,Office Supplies,Desk Calendar 2025,1.00,13.30,15,11.30,5.80,-0.48,Credit Card,-4.25%,51.33%
ORD-10991,09/04/2024,Marco Weber,Consumer,United States,North America,Furniture,Standing Desk Converter,5.00,184.93,5,878.42,7.70,315.93,PayPal,35.97%,0.88%
ORD-11785,09/04/2024,Michael Sharma,Home Office,United States,North America,Clothing & Accessories,Wool Blend Scarf,1.00,53.29,10,47.96,6.39,14.93,Credit Card,31.13%,13.32%
ORD-10250,10/04/2024,Richard Garcia,Corporate,Nigeria,Middle East & Africa,Office Supplies,Binder Clips Assorted 48pc,2.00,14.00,10,25.20,15.47,-2.87,PayPal,-11.39%,61.39%
ORD-11053,10/04/2024,Wei Müller,Consumer,India,Asia Pacific,Technology,Noise Cancelling Earbuds,4.00,43.88,10,157.97,14.83,46.60,Credit Card,29.50%,9.39%
ORD-11489,10/04/2024,Olga Anderson,Home Office,China,Asia Pacific,Technology,Noise Cancelling Earbuds,1.00,198.87,15,169.04,10.72,48.94,Credit Card,28.95%,6.34%
ORD-11767,10/04/2024,Robert Schmidt,Consumer,United Kingdom,Europe,Technology,Wireless Ergonomic Mouse,3.00,53.25,5,151.76,11.26,52.64,PayPal,34.69%,7.42%
ORD-10305,11/04/2024,Michael Taylor,Corporate,South Korea,Asia Pacific,Clothing & Accessories,Polarized Sunglasses,4.00,42.06,10,151.42,11.14,56.16,PayPal,37.09%,7.36%
ORD-11106,13/04/2024,Sakura Oliveira,Consumer,United Kingdom,Europe,Technology,USB-C Hub Multiport Adapter,4.00,24.16,0,96.64,9.63,33.86,Cash on Delivery,35.04%,9.96%
ORD-10006,14/04/2024,Hans Kumar,Consumer,Japan,Asia Pacific,Clothing & Accessories,Wool Blend Scarf,1.00,33.05,20,26.44,10.63,-0.71,Bank Transfer,-2.69%,40.20%
ORD-11141,14/04/2024,Hans Müller,Consumer,UAE,Middle East & Africa,Office Supplies,Stapler Full-Size,2.00,10.30,5,19.57,12.16,-1.86,Cash on Delivery,-9.50%,62.14%
ORD-11434,14/04/2024,Clara Singh,Consumer,Australia,Asia Pacific,Office Supplies,Highlighters Neon Pack 6,2.00,10.57,5,20.08,11.11,-0.54,PayPal,-2.69%,55.33%
ORD-10463,15/04/2024,Ahmed Johansson,Corporate,Brazil,South America,Technology,Noise Cancelling Earbuds,14.00,118.27,10,1490.20,40.44,539.08,Credit Card,36.18%,2.71%
ORD-11290,15/04/2024,Wei Johnson,Home Office,Australia,Asia Pacific,Technology,Smart LED Desk Lamp,9.00,38.81,5,331.83,21.13,118.59,Credit Card,35.74%,6.37%
ORD-10075,16/04/2024,Michael Ferrari,Corporate,South Africa,Middle East & Africa,Office Supplies,Whiteboard Markers Set 8,1.00,9.50,5,9.03,13.01,-8.26,Bank Transfer,-91.47%,144.08%
ORD-10460,16/04/2024,Kenji Romano,Corporate,France,Europe,Office Supplies,Whiteboard Markers Set 8,1.00,9.64,10,8.68,7.90,-3.56,Cash on Delivery,-41.01%,91.01%
ORD-11887,16/04/2024,Zara Chen,Corporate,Germany,Europe,Office Supplies,Tape Dispenser Heavy Duty,2.00,10.28,10,18.50,11.36,-2.11,Cash on Delivery,-11.41%,61.41%
ORD-10171,18/04/2024,Michael Kim,Consumer,Mexico,North America,Technology,USB-C Hub Multiport Adapter,3.00,20.41,5,58.17,10.21,14.28,PayPal,24.55%,17.55%
ORD-10354,18/04/2024,Amina Clark,Consumer,France,Europe,Office Supplies,Tape Dispenser Heavy Duty,2.00,14.35,10,25.83,9.58,3.33,Credit Card,12.89%,37.09%
ORD-11171,18/04/2024,Robert Chen,Consumer,China,Asia Pacific,Furniture,Ergonomic Office Chair,2.00,221.74,25,332.61,10.29,56.23,PayPal,16.91%,3.09%
ORD-10332,19/04/2024,Ali Thomas,Consumer,South Korea,Asia Pacific,Office Supplies,Premium Notebook Set A5,4.00,14.12,25,42.36,11.69,5.25,Credit Card,12.39%,27.60%
ORD-10420,19/04/2024,Layla Kumar,Corporate,Australia,Asia Pacific,Clothing & Accessories,Leather Belt Classic,4.00,49.44,25,148.32,14.14,35.30,PayPal,23.80%,9.53%
ORD-11259,20/04/2024,Karen Nilsson,Consumer,South Korea,Asia Pacific,Technology,Mechanical Gaming Keyboard,7.00,67.05,15,398.95,24.08,116.73,Bank Transfer,29.26%,6.04%
ORD-11678,20/04/2024,Mia Martin,Home Office,France,Europe,Office Supplies,Tape Dispenser Heavy Duty,2.00,20.62,15,35.05,11.25,5.24,PayPal,14.95%,32.10%
ORD-10236,21/04/2024,Priya Brown,Home Office,France,Europe,Clothing & Accessories,Cotton Formal Shirt,1.00,32.39,10,29.15,9.08,3.87,Bank Transfer,13.28%,31.15%
ORD-10407,21/04/2024,Isabella Laurent,Corporate,Germany,Europe,Office Supplies,Sticky Notes Multicolor 6-Pack,1.00,4.02,15,3.42,7.74,-6.13,Bank Transfer,-179.24%,226.32%
ORD-10575,21/04/2024,Barbara Nilsson,Corporate,Australia,Asia Pacific,Clothing & Accessories,Wool Blend Scarf,10.00,39.34,20,314.72,28.72,89.30,PayPal,28.37%,9.13%
ORD-11315,21/04/2024,Ahmed Santos,Home Office,Japan,Asia Pacific,Technology,Smart LED Desk Lamp,2.00,69.72,20,111.55,10.18,24.68,Credit Card,22.12%,9.13%
ORD-11548,21/04/2024,Fatima Williams,Home Office,United States,North America,Clothing & Accessories,Travel Backpack 30L,4.00,32.79,5,124.60,8.07,50.95,Credit Card,40.89%,6.48%
ORD-11607,21/04/2024,Sophie White,Corporate,Argentina,South America,Furniture,Standing Desk Converter,2.00,123.37,20,197.39,14.52,34.83,Credit Card,17.65%,7.36%
ORD-11675,22/04/2024,Karen Sato,Corporate,Brazil,South America,Furniture,Corner L-Shaped Desk,8.00,363.39,10,2616.41,27.16,844.98,Credit Card,32.30%,1.04%
ORD-10057,23/04/2024,Ali Wang,Consumer,UAE,Middle East & Africa,Clothing & Accessories,Travel Backpack 30L,8.00,82.89,5,629.96,23.71,274.69,PayPal,43.60%,3.76%
ORD-10438,23/04/2024,Omar Fischer,Corporate,South Korea,Asia Pacific,Furniture,Mesh Back Task Chair,1.00,189.66,20,151.73,9.52,28.41,Cash on Delivery,18.72%,6.27%
ORD-10616,23/04/2024,Felix White,Consumer,Australia,Asia Pacific,Furniture,Floating Wall Shelves Set,4.00,83.03,5,315.51,17.34,98.90,Credit Card,31.35%,5.50%
ORD-11373,23/04/2024,Layla Li,Consumer,Brazil,South America,Technology,Laptop Stand Adjustable,3.00,79.82,5,227.49,13.83,81.96,PayPal,36.03%,6.08%
ORD-11546,24/04/2024,Kenji Sharma,Corporate,Brazil,South America,Technology,Portable External SSD 1TB,2.00,128.49,20,205.58,11.38,52.86,Bank Transfer,25.71%,5.54%
ORD-11871,24/04/2024,Ethan Li,Home Office,Mexico,North America,Technology,Smart LED Desk Lamp,3.00,57.54,20,138.10,9.71,33.45,Credit Card,24.22%,7.03%
ORD-11999,25/04/2024,Linda Sato,Corporate,Mexico,North America,Furniture,Monitor Riser Wood,1.00,74.60,10,67.14,6.80,15.58,Credit Card,23.21%,10.13%
ORD-10034,26/04/2024,Ali Dubois,Corporate,Japan,Asia Pacific,Office Supplies,Sticky Notes Multicolor 6-Pack,1.00,12.87,0,12.87,11.47,-4.39,PayPal,-34.11%,89.12%
ORD-11583,26/04/2024,Wei Li,Consumer,South Africa,Middle East & Africa,Furniture,Mesh Back Task Chair,15.00,107.45,5,1531.16,23.40,540.71,Credit Card,35.31%,1.53%
ORD-11734,26/04/2024,Clara Romano,Consumer,United Kingdom,Europe,Technology,Webcam HD 1080p,3.00,72.81,10,196.59,11.86,64.59,Credit Card,32.86%,6.03%
ORD-10082,28/04/2024,Priya Williams,Corporate,Canada,North America,Clothing & Accessories,Cotton Formal Shirt,2.00,69.05,25,103.57,8.58,25.94,Credit Card,25.05%,8.28%
ORD-10361,28/04/2024,Lucas Brown,Home Office,United States,North America,Office Supplies,Whiteboard Markers Set 8,5.00,6.24,10,28.08,11.46,2.58,Credit Card,9.19%,40.81%
ORD-10515,28/04/2024,Oscar Thompson,Home Office,India,Asia Pacific,Furniture,Standing Desk Converter,1.00,137.49,15,116.87,10.12,24.26,PayPal,20.76%,8.66%
ORD-10640,28/04/2024,Wei Rodriguez,Consumer,China,Asia Pacific,Furniture,Mesh Back Task Chair,2.00,242.25,10,436.05,10.98,134.37,Credit Card,30.82%,2.52%
ORD-11108,28/04/2024,Carlos Robinson,Corporate,Brazil,South America,Technology,Mechanical Gaming Keyboard,1.00,128.34,15,109.09,11.04,27.46,Bank Transfer,25.17%,10.12%
ORD-11297,28/04/2024,Jessica Martin,Consumer,India,Asia Pacific,Furniture,Floating Wall Shelves Set,4.00,34.76,15,118.18,17.86,16.90,PayPal,14.30%,15.11%
ORD-10804,29/04/2024,Jamal Khan,Corporate,Colombia,South America,Technology,USB-C Hub Multiport Adapter,2.00,52.77,30,73.88,14.69,1.14,Credit Card,1.54%,19.88%
ORD-10342,30/04/2024,Lucas Russo,Home Office,Canada,North America,Technology,Tablet Stand Holder,1.00,28.72,5,27.28,6.34,5.14,Bank Transfer,18.84%,23.24%
ORD-10366,04/05/2024,Amir Li,Consumer,Canada,North America,Furniture,Standing Desk Converter,3.00,264.57,5,754.02,9.64,268.15,PayPal,35.56%,1.28%
ORD-10456,04/05/2024,Wei Martinez,Corporate,Italy,Europe,Clothing & Accessories,Travel Backpack 30L,3.00,85.33,15,217.59,12.17,77.42,Credit Card,35.58%,5.59%
ORD-10732,04/05/2024,Lucas Russo,Home Office,Italy,Europe,Technology,Tablet Stand Holder,10.00,39.28,10,353.52,31.89,105.59,Credit Card,29.87%,9.02%
ORD-11025,04/05/2024,Patricia Weber,Consumer,Mexico,North America,Office Supplies,Paper Clips Box 500pc,2.00,6.14,0,12.28,9.00,-2.25,Bank Transfer,-18.32%,73.29%
ORD-11198,04/05/2024,Olivia Williams,Consumer,India,Asia Pacific,Technology,Mechanical Gaming Keyboard,5.00,77.16,5,366.51,19.79,134.53,Credit Card,36.71%,5.40%
ORD-10167,05/05/2024,Amina Harris,Corporate,Australia,Asia Pacific,Office Supplies,Paper Clips Box 500pc,3.00,5.66,10,15.28,12.07,-4.43,PayPal,-28.99%,78.99%
ORD-10355,05/05/2024,Nadia Costa,Consumer,Canada,North America,Furniture,Folding Table Portable,4.00,112.68,0,450.72,12.94,167.35,Bank Transfer,37.13%,2.87%
ORD-11414,05/05/2024,Amir Yamamoto,Consumer,United Kingdom,Europe,Technology,Portable External SSD 1TB,2.00,72.30,10,130.14,11.95,38.66,Credit Card,29.71%,9.18%
ORD-10056,06/05/2024,Wei Patel,Consumer,China,Asia Pacific,Technology,Laptop Stand Adjustable,2.00,33.61,10,60.50,11.88,11.65,Credit Card,19.26%,19.64%
ORD-10373,07/05/2024,Oscar Kim,Corporate,South Africa,Middle East & Africa,Office Supplies,Sticky Notes Multicolor 6-Pack,3.00,8.13,15,20.73,14.66,-4.91,PayPal,-23.69%,70.72%
ORD-10728,07/05/2024,Layla Thomas,Corporate,Japan,Asia Pacific,Technology,Tablet Stand Holder,3.00,37.59,15,95.85,10.77,23.06,Credit Card,24.06%,11.24%
ORD-10072,08/05/2024,Maria Anderson,Consumer,Australia,Asia Pacific,Furniture,Folding Table Portable,3.00,52.88,0,158.64,12.03,51.43,Credit Card,32.42%,7.58%
ORD-10049,09/05/2024,Priya Leroy,Consumer,Brazil,South America,Office Supplies,Highlighters Neon Pack 6,1.00,9.55,5,9.07,11.92,-7.15,PayPal,-78.83%,131.42%
ORD-11626,09/05/2024,Kenji Anderson,Corporate,Australia,Asia Pacific,Clothing & Accessories,Business Casual Blazer,10.00,99.39,0,993.90,21.95,475.00,Cash on Delivery,47.79%,2.21%
ORD-10147,11/05/2024,Raj Rodriguez,Consumer,China,Asia Pacific,Technology,Noise Cancelling Earbuds,1.00,76.11,0,76.11,10.16,24.09,PayPal,31.65%,13.35%
ORD-10721,11/05/2024,Sarah Robinson,Consumer,Nigeria,Middle East & Africa,Technology,Mechanical Gaming Keyboard,1.00,57.26,20,45.81,12.91,1.41,Credit Card,3.08%,28.18%
ORD-11448,11/05/2024,Jessica Yamamoto,Corporate,China,Asia Pacific,Clothing & Accessories,Canvas Messenger Bag,2.00,42.93,5,81.57,13.52,25.12,Cash on Delivery,30.80%,16.57%
ORD-11817,11/05/2024,Ava Harris,Consumer,Italy,Europe,Technology,Tablet Stand Holder,4.00,37.01,0,148.04,12.78,53.84,Credit Card,36.37%,8.63%
ORD-11735,12/05/2024,James Ahmed,Corporate,United States,North America,Clothing & Accessories,Leather Wallet Minimalist,5.00,57.38,0,286.90,10.15,133.30,Cash on Delivery,46.46%,3.54%
ORD-10900,14/05/2024,Olga Thompson,Consumer,Spain,Europe,Clothing & Accessories,Sports Water Bottle 750ml,1.00,20.52,5,19.49,7.58,1.65,PayPal,8.47%,38.89%
ORD-11104,14/05/2024,Zara White,Consumer,UAE,Middle East & Africa,Office Supplies,Ballpoint Pen Pack 12,5.00,10.88,5,51.68,16.95,10.25,Credit Card,19.83%,32.80%
ORD-11572,15/05/2024,Priya Kumar,Consumer,United Kingdom,Europe,Clothing & Accessories,Cotton Formal Shirt,3.00,66.48,0,199.44,9.05,90.67,PayPal,45.46%,4.54%
ORD-11924,15/05/2024,Ethan Kumar,Corporate,Mexico,North America,Technology,Tablet Stand Holder,8.00,32.31,15,219.71,18.90,58.65,Credit Card,26.69%,8.60%
ORD-10835,16/05/2024,Ingrid Müller,Corporate,United States,North America,Office Supplies,Binder Clips Assorted 48pc,4.00,12.42,15,42.23,13.37,6.50,Credit Card,15.39%,31.66%
ORD-11432,16/05/2024,Mia Sharma,Consumer,Italy,Europe,Technology,Laptop Stand Adjustable,2.00,54.24,10,97.63,9.97,28.00,Credit Card,28.68%,10.21%
ORD-11877,16/05/2024,Karen Ferrari,Consumer,United States,North America,Furniture,Desk Organizer Set,1.00,49.78,15,42.31,6.63,5.81,PayPal,13.73%,15.67%
ORD-10224,17/05/2024,Sophie Schmidt,Consumer,Brazil,South America,Technology,Smart LED Desk Lamp,3.00,26.20,10,70.74,15.66,11.85,Credit Card,16.75%,22.14%
ORD-11144,17/05/2024,Sakura Smith,Corporate,Mexico,North America,Clothing & Accessories,Business Casual Blazer,8.00,50.94,15,346.39,11.70,130.93,Credit Card,37.80%,3.38%
ORD-10169,18/05/2024,Hanna Robinson,Consumer,Italy,Europe,Furniture,Desk Organizer Set,6.00,26.58,20,127.58,17.70,14.19,PayPal,11.12%,13.87%
ORD-10396,18/05/2024,John Laurent,Consumer,United Kingdom,Europe,Furniture,Mesh Back Task Chair,1.00,296.60,5,281.77,9.03,94.78,Cash on Delivery,33.64%,3.20%
ORD-11152,18/05/2024,Jessica Russo,Home Office,India,Asia Pacific,Furniture,Mesh Back Task Chair,6.00,151.62,0,909.72,15.60,348.29,Cash on Delivery,38.29%,1.71%
ORD-11650,18/05/2024,Mary Garcia,Home Office,United States,North America,Clothing & Accessories,Cotton Formal Shirt,3.00,34.37,10,92.80,11.23,30.02,PayPal,32.35%,12.10%
ORD-10582,19/05/2024,Robert Thompson,Corporate,Japan,Asia Pacific,Office Supplies,Desk Calendar 2025,2.00,10.26,0,20.52,12.54,-1.25,Credit Card,-6.09%,61.11%
ORD-11696,20/05/2024,Sophie Martin,Corporate,Canada,North America,Technology,Mechanical Gaming Keyboard,5.00,128.41,30,449.43,13.49,82.81,Credit Card,18.43%,3.00%
ORD-10796,21/05/2024,David Smith,Consumer,UAE,Middle East & Africa,Technology,Wireless Ergonomic Mouse,3.00,21.23,5,60.51,18.06,7.42,Credit Card,12.26%,29.85%
ORD-11791,21/05/2024,Mia Jones,Corporate,India,Asia Pacific,Office Supplies,Binder Clips Assorted 48pc,3.00,5.26,5,14.99,12.25,-4.36,Credit Card,-29.09%,81.72%
ORD-10104,22/05/2024,Olivia Wang,Consumer,Japan,Asia Pacific,Office Supplies,Highlighters Neon Pack 6,4.00,9.24,5,35.11,18.34,0.14,Credit Card,0.40%,52.24%
ORD-10291,23/05/2024,Emma Dubois,Home Office,Spain,Europe,Technology,Webcam HD 1080p,2.00,88.23,0,176.46,9.65,69.76,Bank Transfer,39.53%,5.47%
ORD-10016,24/05/2024,Richard Brown,Consumer,United Kingdom,Europe,Technology,Noise Cancelling Earbuds,2.00,111.78,0,223.56,9.00,91.60,Cash on Delivery,40.97%,4.03%
ORD-10359,24/05/2024,Marco Santos,Consumer,Mexico,North America,Furniture,Corner L-Shaped Desk,13.00,201.56,0,2620.28,30.62,1017.49,Credit Card,38.83%,1.17%
ORD-10989,24/05/2024,David Laurent,Consumer,United States,North America,Clothing & Accessories,Leather Belt Classic,1.00,48.43,20,38.74,6.96,7.57,Credit Card,19.54%,17.97%
ORD-11568,24/05/2024,James Brown,Consumer,Italy,Europe,Office Supplies,Binder Clips Assorted 48pc,3.00,9.99,10,26.97,8.52,4.96,PayPal,18.39%,31.59%
ORD-11021,25/05/2024,Oscar Anderson,Corporate,India,Asia Pacific,Clothing & Accessories,Leather Belt Classic,1.00,51.37,0,51.37,11.26,14.42,PayPal,28.07%,21.92%
ORD-11160,25/05/2024,Clara Romano,Consumer,India,Asia Pacific,Office Supplies,Ballpoint Pen Pack 12,2.00,14.19,10,25.54,10.01,2.76,Credit Card,10.81%,39.19%
ORD-11462,25/05/2024,Amina Russo,Corporate,India,Asia Pacific,Clothing & Accessories,Business Casual Blazer,4.00,59.09,5,224.54,11.63,94.73,Cash on Delivery,42.19%,5.18%
ORD-10631,26/05/2024,Michael Ferrari,Consumer,China,Asia Pacific,Furniture,Filing Cabinet 3-Drawer,1.00,114.00,0,114.00,9.53,36.07,Bank Transfer,31.64%,8.36%
ORD-10936,26/05/2024,Jamal Williams,Corporate,Italy,Europe,Technology,Tablet Stand Holder,1.00,38.44,0,38.44,8.19,9.11,PayPal,23.70%,21.31%
ORD-11287,26/05/2024,James White,Corporate,UAE,Middle East & Africa,Technology,Wireless Bluetooth Headphones,8.00,171.31,10,1233.43,22.94,456.73,Cash on Delivery,37.03%,1.86%
ORD-10059,27/05/2024,William Ferrari,Consumer,France,Europe,Technology,Mechanical Gaming Keyboard,6.00,175.05,10,945.27,21.41,346.19,Cash on Delivery,36.62%,2.26%
ORD-10335,27/05/2024,Olivia Davis,Home Office,Colombia,South America,Office Supplies,Binder Clips Assorted 48pc,5.00,11.19,15,47.56,22.11,0.27,PayPal,0.57%,46.49%
ORD-10595,27/05/2024,Richard Johnson,Consumer,South Africa,Middle East & Africa,Technology,Wireless Ergonomic Mouse,2.00,31.92,0,63.84,13.33,15.40,Bank Transfer,24.12%,20.88%
ORD-10614,27/05/2024,Lucas Williams,Corporate,France,Europe,Furniture,Monitor Riser Wood,3.00,35.49,0,106.47,13.63,28.96,Bank Transfer,27.20%,12.80%
ORD-10790,27/05/2024,Emma Nilsson,Corporate,China,Asia Pacific,Technology,Noise Cancelling Earbuds,2.00,71.92,5,136.65,13.71,43.83,PayPal,32.07%,10.03%
ORD-11173,27/05/2024,Barbara Ali,Home Office,Japan,Asia Pacific,Office Supplies,Tape Dispenser Heavy Duty,9.00,20.69,0,186.21,22.07,80.35,Credit Card,43.15%,11.85%
ORD-11324,27/05/2024,Omar Nilsson,Consumer,Spain,Europe,Technology,Portable External SSD 1TB,15.00,142.85,10,1928.48,22.72,727.25,Cash on Delivery,37.71%,1.18%
ORD-10364,28/05/2024,Yuki Johnson,Corporate,Germany,Europe,Clothing & Accessories,Leather Wallet Minimalist,3.00,50.33,10,135.89,11.44,48.95,PayPal,36.02%,8.42%
ORD-10445,28/05/2024,Giulia Miller,Consumer,Mexico,North America,Office Supplies,Premium Notebook Set A5,1.00,23.24,10,20.92,7.37,3.09,PayPal,14.77%,35.23%
ORD-10584,28/05/2024,Fatima Smith,Consumer,Argentina,South America,Clothing & Accessories,Polarized Sunglasses,6.00,79.95,0,479.70,23.09,216.76,Credit Card,45.19%,4.81%
ORD-11658,29/05/2024,Hanna Kim,Consumer,Saudi Arabia,Middle East & Africa,Office Supplies,Desk Calendar 2025,1.00,14.73,0,14.73,12.36,-4.26,Credit Card,-28.92%,83.91%
ORD-11765,29/05/2024,Emma Weber,Corporate,Colombia,South America,Office Supplies,Whiteboard Markers Set 8,4.00,15.35,10,55.26,13.12,14.51,Cash on Delivery,26.26%,23.74%
ORD-10441,30/05/2024,Susan Kumar,Consumer,Canada,North America,Technology,Wireless Bluetooth Headphones,1.00,171.98,10,154.78,7.29,52.90,Credit Card,34.18%,4.71%
ORD-10898,31/05/2024,Diego Schmidt,Consumer,South Africa,Middle East & Africa,Furniture,Monitor Riser Wood,1.00,67.18,0,67.18,12.09,14.78,PayPal,22.00%,18.00%
ORD-11164,31/05/2024,Sophie Weber,Consumer,United States,North America,Technology,Wireless Ergonomic Mouse,5.00,27.93,15,118.70,14.98,26.91,PayPal,22.67%,12.62%
ORD-11588,01/06/2024,Joseph Martinez,Consumer,Australia,Asia Pacific,Office Supplies,Whiteboard Markers Set 8,2.00,8.62,15,14.65,10.07,-3.18,Credit Card,-21.71%,68.74%
ORD-11686,02/06/2024,Li Khan,Home Office,Germany,Europe,Furniture,Floating Wall Shelves Set,7.00,77.63,15,461.90,11.64,124.21,Credit Card,26.89%,2.52%
ORD-10117,03/06/2024,Nadia Pereira,Consumer,India,Asia Pacific,Office Supplies,Whiteboard Markers Set 8,2.00,18.62,10,33.52,12.51,4.25,Bank Transfer,12.68%,37.32%
ORD-11074,03/06/2024,Wei Taylor,Home Office,Japan,Asia Pacific,Furniture,Standing Desk Converter,2.00,205.48,5,390.41,12.79,131.04,Credit Card,33.56%,3.28%
ORD-10345,04/06/2024,Michael Yamamoto,Consumer,United States,North America,Furniture,Standing Desk Converter,2.00,212.46,5,403.67,8.24,140.48,Cash on Delivery,34.80%,2.04%
ORD-11815,04/06/2024,Joseph Johansson,Consumer,Mexico,North America,Furniture,Mesh Back Task Chair,2.00,232.65,0,465.30,6.74,179.38,Credit Card,38.55%,1.45%
ORD-10157,05/06/2024,Xiao Kumar,Home Office,Australia,Asia Pacific,Clothing & Accessories,Silk Tie Collection,1.00,33.98,5,32.28,9.63,5.66,Cash on Delivery,17.53%,29.83%
ORD-11803,07/06/2024,Wei Costa,Home Office,Argentina,South America,Clothing & Accessories,Polarized Sunglasses,1.00,47.83,20,38.26,10.96,3.38,Credit Card,8.83%,28.65%
ORD-10734,08/06/2024,Elizabeth Taylor,Corporate,Italy,Europe,Office Supplies,Highlighters Neon Pack 6,1.00,10.50,0,10.50,8.64,-2.87,Credit Card,-27.33%,82.29%
ORD-10302,09/06/2024,Emma Tanaka,Home Office,Argentina,South America,Furniture,Monitor Riser Wood,3.00,26.36,15,67.22,14.59,5.18,PayPal,7.71%,21.70%
ORD-11365,09/06/2024,Olga Romano,Consumer,Canada,North America,Clothing & Accessories,Cotton Formal Shirt,3.00,63.86,5,182.00,10.77,75.44,PayPal,41.45%,5.92%
ORD-11759,09/06/2024,Amir Hassan,Consumer,United States,North America,Clothing & Accessories,Canvas Messenger Bag,3.00,29.47,10,79.57,12.10,23.26,Credit Card,29.23%,15.21%
ORD-11750,10/06/2024,Olga Robinson,Consumer,United States,North America,Clothing & Accessories,Cotton Formal Shirt,1.00,26.54,5,25.21,6.91,5.03,Cash on Delivery,19.95%,27.41%
ORD-10557,12/06/2024,Joseph Russo,Consumer,Australia,Asia Pacific,Clothing & Accessories,Wool Blend Scarf,5.00,49.62,10,223.29,20.46,78.78,Cash on Delivery,35.28%,9.16%
ORD-10897,12/06/2024,Karen Smith,Consumer,Colombia,South America,Technology,Tablet Stand Holder,3.00,44.11,0,132.33,13.19,46.36,Credit Card,35.03%,9.97%
ORD-11738,12/06/2024,Chen Tanaka,Corporate,China,Asia Pacific,Technology,Wireless Ergonomic Mouse,4.00,65.92,15,224.13,12.79,66.32,PayPal,29.59%,5.71%
ORD-11737,14/06/2024,Sarah Jackson,Corporate,South Africa,Middle East & Africa,Technology,Noise Cancelling Earbuds,2.00,187.45,15,318.66,15.26,97.21,Cash on Delivery,30.51%,4.79%
ORD-10547,15/06/2024,Olivia Pereira,Home Office,United States,North America,Clothing & Accessories,Cotton Formal Shirt,1.00,41.69,5,39.61,5.53,13.23,PayPal,33.40%,13.96%
ORD-10882,15/06/2024,Yuki Thompson,Home Office,Canada,North America,Office Supplies,Paper Clips Box 500pc,2.00,3.65,5,6.93,9.09,-5.45,PayPal,-78.64%,131.17%
ORD-11303,15/06/2024,Ahmed Singh,Corporate,Mexico,North America,Technology,Noise Cancelling Earbuds,5.00,190.99,5,907.20,14.34,367.64,Bank Transfer,40.52%,1.58%
ORD-11882,16/06/2024,Liam Kim,Consumer,Italy,Europe,Furniture,Floating Wall Shelves Set,2.00,50.55,0,101.10,11.26,29.18,PayPal,28.86%,11.14%
ORD-10227,18/06/2024,Linda Suzuki,Corporate,Canada,North America,Clothing & Accessories,Polarized Sunglasses,5.00,61.44,5,291.84,10.22,128.02,Credit Card,43.87%,3.50%
ORD-10556,18/06/2024,Pierre Jackson,Corporate,Argentina,South America,Furniture,Bookshelf 5-Tier,6.00,84.46,10,456.08,22.68,129.34,Credit Card,28.36%,4.97%
ORD-10884,18/06/2024,Barbara Dubois,Corporate,Canada,North America,Technology,Laptop Stand Adjustable,4.00,53.44,10,192.38,10.74,64.07,Credit Card,33.30%,5.58%
ORD-11188,19/06/2024,Xiao Johnson,Consumer,Mexico,North America,Clothing & Accessories,Polarized Sunglasses,2.00,39.41,5,74.88,8.06,27.41,PayPal,36.61%,10.76%
ORD-11340,19/06/2024,Carlos Thompson,Consumer,Argentina,South America,Technology,Wireless Bluetooth Headphones,1.00,214.30,5,203.59,11.22,74.50,Credit Card,36.59%,5.51%
ORD-11325,20/06/2024,Olga Suzuki,Consumer,Canada,North America,Technology,Portable External SSD 1TB,6.00,88.33,5,503.48,13.32,198.67,PayPal,39.46%,2.65%
ORD-11447,20/06/2024,Ali Sato,Corporate,Canada,North America,Clothing & Accessories,Canvas Messenger Bag,2.00,73.45,5,139.56,6.29,59.82,Cash on Delivery,42.86%,4.51%
ORD-10822,21/06/2024,Ethan Johnson,Home Office,India,Asia Pacific,Clothing & Accessories,Travel Backpack 30L,1.00,47.32,10,42.59,10.74,8.19,Cash on Delivery,19.23%,25.22%
ORD-11747,21/06/2024,Ava Patel,Home Office,Nigeria,Middle East & Africa,Clothing & Accessories,Cotton Formal Shirt,2.00,34.14,5,64.87,13.94,16.79,PayPal,25.88%,21.49%
ORD-11084,22/06/2024,Sakura Müller,Corporate,Spain,Europe,Furniture,Bookshelf 5-Tier,1.00,141.50,0,141.50,7.90,48.70,Credit Card,34.42%,5.58%
ORD-10983,23/06/2024,Nadia Zhang,Consumer,India,Asia Pacific,Furniture,Desk Organizer Set,9.00,55.50,5,474.52,19.93,154.89,Cash on Delivery,32.64%,4.20%
ORD-11777,23/06/2024,Nadia Anderson,Consumer,Spain,Europe,Office Supplies,Highlighters Neon Pack 6,3.00,8.11,15,20.68,14.26,-4.53,PayPal,-21.91%,68.96%
ORD-10278,24/06/2024,Marco Sharma,Consumer,Argentina,South America,Furniture,Standing Desk Converter,7.00,303.29,15,1804.58,18.54,512.22,PayPal,28.38%,1.03%
ORD-11466,24/06/2024,Oscar Miller,Corporate,Saudi Arabia,Middle East & Africa,Technology,Webcam HD 1080p,1.00,68.39,20,54.71,12.38,4.72,Bank Transfer,8.63%,22.63%
ORD-11816,24/06/2024,Omar Russo,Consumer,China,Asia Pacific,Office Supplies,Binder Clips Assorted 48pc,2.00,9.72,10,17.50,12.92,-4.17,PayPal,-23.83%,73.83%
ORD-10144,25/06/2024,Carlos Schmidt,Home Office,France,Europe,Office Supplies,Sticky Notes Multicolor 6-Pack,2.00,14.53,5,27.61,11.77,2.76,Cash on Delivery,10.00%,42.63%
ORD-10012,26/06/2024,Thomas Rodriguez,Corporate,Brazil,South America,Furniture,Folding Table Portable,1.00,78.08,10,70.27,11.96,11.46,Credit Card,16.31%,17.02%
ORD-11415,26/06/2024,Nadia Davis,Home Office,Mexico,North America,Office Supplies,Stapler Full-Size,5.00,9.54,0,47.70,11.65,14.59,Credit Card,30.59%,24.42%
ORD-11265,28/06/2024,Maria Hassan,Consumer,France,Europe,Furniture,Mesh Back Task Chair,3.00,122.50,0,367.50,9.35,137.65,Credit Card,37.46%,2.54%
ORD-11311,28/06/2024,Sophie Li,Consumer,Japan,Asia Pacific,Furniture,Monitor Riser Wood,2.00,33.34,0,66.68,11.35,15.32,Credit Card,22.98%,17.02%
ORD-11688,29/06/2024,Hans Schmidt,Consumer,Mexico,North America,Office Supplies,Binder Clips Assorted 48pc,8.00,14.05,0,112.40,18.76,43.06,PayPal,38.31%,16.69%
ORD-10121,30/06/2024,Maria Weber,Corporate,Spain,Europe,Clothing & Accessories,Polarized Sunglasses,3.00,22.89,20,54.94,11.77,8.83,Credit Card,16.07%,21.42%
ORD-11099,30/06/2024,Priya Robinson,Consumer,Mexico,North America,Clothing & Accessories,Wool Blend Scarf,1.00,52.83,10,47.55,6.13,15.00,Credit Card,31.55%,12.89%
ORD-11660,01/07/2024,Fatima Robinson,Corporate,France,Europe,Technology,Wireless Ergonomic Mouse,2.00,28.41,10,51.14,9.34,10.55,Credit Card,20.63%,18.26%
ORD-11768,01/07/2024,Joseph Singh,Consumer,Italy,Europe,Clothing & Accessories,Sports Water Bottle 750ml,1.00,23.88,5,22.69,9.01,1.74,Credit Card,7.67%,39.71%
ORD-10513,02/07/2024,Maria Rossi,Consumer,Australia,Asia Pacific,Clothing & Accessories,Sports Water Bottle 750ml,6.00,25.80,20,123.84,23.22,23.22,Bank Transfer,18.75%,18.75%
ORD-11850,02/07/2024,Omar Williams,Consumer,Mexico,North America,Furniture,Standing Desk Converter,7.00,157.04,0,1099.28,10.12,429.59,Credit Card,39.08%,0.92%
ORD-11411,03/07/2024,Raj Weber,Consumer,Spain,Europe,Office Supplies,Whiteboard Markers Set 8,2.00,21.15,0,42.30,9.48,13.78,PayPal,32.58%,22.41%
ORD-11498,03/07/2024,Omar Rodriguez,Corporate,Australia,Asia Pacific,Office Supplies,Desk Calendar 2025,2.00,16.71,10,30.08,13.99,1.05,Credit Card,3.49%,46.51%
ORD-11352,04/07/2024,Ayumi Moreau,Consumer,Spain,Europe,Office Supplies,Highlighters Neon Pack 6,4.00,4.42,5,16.80,13.49,-4.65,Credit Card,-27.68%,80.30%
ORD-10257,05/07/2024,Sarah Clark,Home Office,France,Europe,Office Supplies,Stapler Full-Size,1.00,15.39,0,15.39,9.15,-0.69,Bank Transfer,-4.48%,59.45%
ORD-10261,05/07/2024,Li Oliveira,Consumer,United States,North America,Office Supplies,Tape Dispenser Heavy Duty,5.00,8.34,15,35.45,7.59,9.10,Cash on Delivery,25.67%,21.41%
ORD-10581,05/07/2024,Pierre Weber,Corporate,United Kingdom,Europe,Technology,Wireless Ergonomic Mouse,1.00,47.66,0,47.66,8.77,12.68,Cash on Delivery,26.61%,18.40%
ORD-10691,05/07/2024,Felix Ahmed,Consumer,Germany,Europe,Technology,Wireless Ergonomic Mouse,2.00,52.81,0,105.62,10.99,36.54,Credit Card,34.60%,10.41%
ORD-11189,05/07/2024,Clara Tanaka,Corporate,United States,North America,Furniture,Desk Organizer Set,1.00,31.63,5,30.05,5.84,5.23,PayPal,17.40%,19.43%
ORD-10275,06/07/2024,Mary Clark,Consumer,Mexico,North America,Office Supplies,Desk Calendar 2025,7.00,11.86,5,78.87,17.15,24.36,Credit Card,30.89%,21.74%
ORD-11450,06/07/2024,Li Rossi,Corporate,Spain,Europe,Technology,USB-C Hub Multiport Adapter,1.00,24.66,20,19.73,8.64,-2.47,Credit Card,-12.52%,43.79%
ORD-11559,06/07/2024,Felix Smith,Consumer,Mexico,North America,Office Supplies,Desk Calendar 2025,8.00,19.36,10,139.39,9.27,60.42,Credit Card,43.35%,6.65%
ORD-11225,07/07/2024,Christopher Brown,Corporate,Canada,North America,Technology,Wireless Ergonomic Mouse,3.00,42.03,10,113.48,6.85,37.28,Cash on Delivery,32.85%,6.04%
ORD-11636,07/07/2024,Ingrid Davis,Consumer,Argentina,South America,Technology,Tablet Stand Holder,5.00,17.30,15,73.52,16.43,9.51,Cash on Delivery,12.94%,22.35%
ORD-11706,08/07/2024,Priya Oliveira,Consumer,United Kingdom,Europe,Furniture,Ergonomic Office Chair,10.00,305.38,5,2901.11,14.57,1054.26,Credit Card,36.34%,0.50%
ORD-10222,09/07/2024,Hanna White,Consumer,France,Europe,Clothing & Accessories,Travel Backpack 30L,3.00,59.82,20,143.57,9.58,44.26,Bank Transfer,30.83%,6.67%
ORD-10385,09/07/2024,Michael Schmidt,Corporate,Canada,North America,Office Supplies,Whiteboard Markers Set 8,1.00,19.83,20,15.86,6.80,0.14,Credit Card,0.88%,42.88%
ORD-11508,09/07/2024,Ivan Ahmed,Home Office,United States,North America,Clothing & Accessories,Canvas Messenger Bag,2.00,86.73,10,156.11,9.75,59.63,Credit Card,38.20%,6.25%
ORD-10641,10/07/2024,Sophie Clark,Consumer,Germany,Europe,Clothing & Accessories,Leather Wallet Minimalist,11.00,19.00,5,198.55,16.19,77.86,PayPal,39.21%,8.15%
ORD-11587,10/07/2024,Amina Clark,Home Office,Canada,North America,Clothing & Accessories,Canvas Messenger Bag,5.00,28.49,15,121.08,15.04,34.82,PayPal,28.76%,12.42%
ORD-10095,11/07/2024,Karen Anderson,Corporate,United States,North America,Furniture,Mesh Back Task Chair,2.00,191.99,5,364.78,9.02,125.37,Credit Card,34.37%,2.47%
ORD-11444,11/07/2024,Hans Fischer,Consumer,Australia,Asia Pacific,Office Supplies,Stapler Full-Size,3.00,9.42,0,28.26,15.80,-0.26,PayPal,-0.92%,55.91%
ORD-11549,11/07/2024,Priya Jones,Consumer,Australia,Asia Pacific,Technology,Mechanical Gaming Keyboard,2.00,70.74,15,120.26,13.36,29.09,PayPal,24.19%,11.11%
ORD-10516,12/07/2024,Olga Suzuki,Corporate,United States,North America,Technology,Portable External SSD 1TB,2.00,131.07,10,235.93,8.58,83.17,Credit Card,35.25%,3.64%
ORD-10586,13/07/2024,Olivia Patel,Consumer,Australia,Asia Pacific,Technology,Webcam HD 1080p,3.00,50.50,10,136.35,10.60,42.42,PayPal,31.11%,7.77%
ORD-10664,14/07/2024,John Ferrari,Consumer,United Kingdom,Europe,Clothing & Accessories,Travel Backpack 30L,6.00,68.26,5,389.08,18.45,165.85,Credit Card,42.63%,4.74%
ORD-11142,14/07/2024,Ayumi Harris,Consumer,United Kingdom,Europe,Furniture,Floating Wall Shelves Set,1.00,95.79,15,81.42,8.97,14.98,Bank Transfer,18.40%,11.02%
ORD-10824,15/07/2024,Pierre Rodriguez,Home Office,Mexico,North America,Technology,Mechanical Gaming Keyboard,2.00,150.27,10,270.49,6.15,99.04,Credit Card,36.62%,2.27%
ORD-11343,15/07/2024,Amina Romano,Corporate,UAE,Middle East & Africa,Clothing & Accessories,Leather Belt Classic,1.00,25.15,20,20.12,13.22,-5.67,Cash on Delivery,-28.18%,65.71%
ORD-11639,15/07/2024,Mia White,Corporate,Canada,North America,Furniture,Bookshelf 5-Tier,3.00,153.49,25,345.35,8.01,61.06,Credit Card,17.68%,2.32%
ORD-10131,16/07/2024,Ali Oliveira,Consumer,Mexico,North America,Technology,Portable External SSD 1TB,1.00,115.30,10,103.77,6.68,33.67,PayPal,32.45%,6.44%
ORD-10253,19/07/2024,David Garcia,Consumer,France,Europe,Furniture,Ergonomic Office Chair,4.00,425.29,5,1616.10,12.36,583.04,PayPal,36.08%,0.76%
ORD-11402,19/07/2024,Li Davis,Home Office,United States,North America,Technology,Smart LED Desk Lamp,1.00,44.59,0,44.59,7.24,12.83,Cash on Delivery,28.77%,16.24%
ORD-11398,21/07/2024,Mary Rodriguez,Consumer,United States,North America,Clothing & Accessories,Leather Belt Classic,1.00,23.76,10,21.38,6.50,3.00,Cash on Delivery,14.03%,30.40%
ORD-11857,23/07/2024,Mia Romano,Corporate,Japan,Asia Pacific,Technology,Wireless Bluetooth Headphones,3.00,215.99,10,583.17,14.33,212.46,PayPal,36.43%,2.46%
ORD-11690,24/07/2024,William Chen,Corporate,France,Europe,Office Supplies,Sticky Notes Multicolor 6-Pack,6.00,13.61,5,77.58,20.53,20.30,PayPal,26.17%,26.46%
ORD-10909,25/07/2024,Clara Leroy,Consumer,Australia,Asia Pacific,Furniture,Desk Organizer Set,4.00,43.36,10,156.10,16.06,35.98,PayPal,23.05%,10.29%
ORD-10138,26/07/2024,Ali Jones,Consumer,Spain,Europe,Clothing & Accessories,Travel Backpack 30L,1.00,84.43,25,63.32,8.29,12.81,Bank Transfer,20.23%,13.09%
ORD-11165,26/07/2024,Wei Sato,Consumer,Canada,North America,Technology,Wireless Bluetooth Headphones,5.00,142.01,0,710.05,12.04,307.48,Credit Card,43.30%,1.70%
ORD-10340,27/07/2024,Priya Weber,Consumer,South Korea,Asia Pacific,Furniture,Folding Table Portable,3.00,51.54,5,146.89,16.14,37.98,Credit Card,25.86%,10.99%
ORD-10388,27/07/2024,Linda Patel,Consumer,United Kingdom,Europe,Technology,Webcam HD 1080p,4.00,83.83,0,335.32,12.06,138.83,Cash on Delivery,41.40%,3.60%
ORD-10868,27/07/2024,Sakura Jones,Corporate,United States,North America,Technology,Tablet Stand Holder,5.00,19.09,10,85.91,15.16,18.25,Credit Card,21.24%,17.65%
ORD-11918,27/07/2024,Robert Khan,Consumer,Canada,North America,Technology,USB-C Hub Multiport Adapter,1.00,42.30,20,33.84,5.91,4.67,Credit Card,13.80%,17.46%
ORD-10590,28/07/2024,Hans White,Home Office,Brazil,South America,Furniture,Folding Table Portable,1.00,58.82,15,50.00,11.29,3.42,Cash on Delivery,6.84%,22.58%
ORD-11153,28/07/2024,Sarah Chen,Consumer,Germany,Europe,Furniture,Mesh Back Task Chair,11.00,296.08,5,3094.04,23.46,1116.45,Bank Transfer,36.08%,0.76%
ORD-11654,29/07/2024,Christopher Schmidt,Consumer,Canada,North America,Furniture,Mesh Back Task Chair,1.00,264.50,25,198.38,7.24,32.44,Credit Card,16.35%,3.65%
ORD-11982,29/07/2024,William Moreau,Consumer,United States,North America,Furniture,Floating Wall Shelves Set,1.00,43.48,0,43.48,6.89,10.50,Bank Transfer,24.15%,15.85%
ORD-10263,01/08/2024,Felix Romano,Consumer,France,Europe,Technology,Laptop Stand Adjustable,2.00,51.50,0,103.00,9.30,37.05,Credit Card,35.97%,9.03%
ORD-10066,02/08/2024,Hanna Ali,Home Office,United Kingdom,Europe,Office Supplies,Stapler Full-Size,4.00,14.54,15,49.44,12.57,10.70,PayPal,21.64%,25.42%
ORD-10799,03/08/2024,Susan Schmidt,Consumer,United Kingdom,Europe,Furniture,Folding Table Portable,3.00,75.05,0,225.15,12.40,77.66,PayPal,34.49%,5.51%
ORD-11203,03/08/2024,Amir Ali,Consumer,India,Asia Pacific,Clothing & Accessories,Travel Backpack 30L,4.00,39.58,5,150.40,11.02,60.22,PayPal,40.04%,7.33%
ORD-11849,04/08/2024,Christopher Leroy,Consumer,United States,North America,Technology,Portable External SSD 1TB,7.00,102.39,5,680.89,13.51,273.18,PayPal,40.12%,1.98%
ORD-10867,05/08/2024,Hans Hassan,Corporate,Argentina,South America,Clothing & Accessories,Polarized Sunglasses,2.00,54.24,15,92.21,12.61,25.36,Credit Card,27.50%,13.68%
ORD-11698,05/08/2024,Layla Zhang,Corporate,United States,North America,Office Supplies,Stapler Full-Size,2.00,7.92,0,15.84,8.07,0.64,PayPal,4.04%,50.95%
ORD-10213,06/08/2024,Sarah Harris,Consumer,Mexico,North America,Office Supplies,Premium Notebook Set A5,4.00,22.41,5,85.16,11.14,33.68,PayPal,39.55%,13.08%
ORD-10311,06/08/2024,Noah Hassan,Consumer,Japan,Asia Pacific,Office Supplies,Sticky Notes Multicolor 6-Pack,2.00,7.50,10,13.50,11.22,-4.47,PayPal,-33.11%,83.11%
ORD-11049,06/08/2024,Priya Schmidt,Consumer,Australia,Asia Pacific,Technology,USB-C Hub Multiport Adapter,1.00,34.53,0,34.53,10.15,5.39,PayPal,15.61%,29.39%
ORD-10018,07/08/2024,Amir Smith,Home Office,Canada,North America,Furniture,Floating Wall Shelves Set,3.00,76.33,0,228.99,7.81,83.79,Credit Card,36.59%,3.41%
ORD-10475,07/08/2024,Chen Anderson,Corporate,Mexico,North America,Technology,USB-C Hub Multiport Adapter,4.00,57.77,15,196.42,8.23,61.10,Credit Card,31.11%,4.19%
ORD-11726,08/08/2024,Raj Patel,Corporate,Canada,North America,Office Supplies,Stapler Full-Size,2.00,10.66,5,20.25,8.06,2.60,Credit Card,12.84%,39.80%
ORD-11892,08/08/2024,Mary Oliveira,Consumer,South Korea,Asia Pacific,Clothing & Accessories,Travel Backpack 30L,3.00,40.65,5,115.85,13.02,41.86,PayPal,36.13%,11.24%
ORD-10294,09/08/2024,Christopher Brown,Corporate,United States,North America,Office Supplies,Desk Calendar 2025,4.00,17.75,5,67.45,13.03,22.47,Credit Card,33.31%,19.32%
ORD-10910,09/08/2024,Felix White,Home Office,Italy,Europe,Clothing & Accessories,Leather Wallet Minimalist,7.00,22.85,5,151.95,10.55,61.42,Bank Transfer,40.42%,6.94%
ORD-10714,10/08/2024,Hans Johnson,Consumer,France,Europe,Technology,Smart LED Desk Lamp,4.00,59.34,20,189.89,12.93,46.41,Cash on Delivery,24.44%,6.81%
ORD-10716,10/08/2024,Ivan Martinez,Home Office,South Korea,Asia Pacific,Furniture,Standing Desk Converter,3.00,167.77,5,478.14,12.09,164.06,Cash on Delivery,34.31%,2.53%
ORD-10810,12/08/2024,Nadia Wang,Consumer,Saudi Arabia,Middle East & Africa,Technology,Tablet Stand Holder,3.00,24.66,10,66.58,14.37,11.52,PayPal,17.30%,21.58%
ORD-10786,13/08/2024,Jessica Suzuki,Corporate,India,Asia Pacific,Technology,Wireless Bluetooth Headphones,4.00,147.28,10,530.21,12.20,193.99,Cash on Delivery,36.59%,2.30%
ORD-10919,13/08/2024,Priya Ferrari,Consumer,Mexico,North America,Technology,Webcam HD 1080p,4.00,63.81,5,242.48,12.73,89.37,PayPal,36.86%,5.25%
ORD-11751,13/08/2024,Elizabeth Singh,Home Office,Mexico,North America,Office Supplies,Whiteboard Markers Set 8,1.00,9.65,10,8.69,5.86,-1.51,PayPal,-17.38%,67.43%
ORD-10058,14/08/2024,Raj Santos,Consumer,Canada,North America,Furniture,Corner L-Shaped Desk,4.00,347.26,20,1111.23,11.00,266.81,PayPal,24.01%,0.99%
ORD-11383,14/08/2024,Thomas Wang,Home Office,United States,North America,Furniture,Desk Organizer Set,1.00,53.78,5,51.09,6.42,12.40,Bank Transfer,24.27%,12.57%
ORD-11622,14/08/2024,Zara Anderson,Corporate,United Kingdom,Europe,Technology,Noise Cancelling Earbuds,3.00,104.66,0,313.98,9.55,131.74,Credit Card,41.96%,3.04%
ORD-11976,14/08/2024,Jennifer Anderson,Corporate,Mexico,North America,Office Supplies,Ballpoint Pen Pack 12,5.00,8.93,20,35.72,9.26,6.37,PayPal,17.83%,25.92%
ORD-11301,15/08/2024,Emma Suzuki,Consumer,South Korea,Asia Pacific,Office Supplies,Ballpoint Pen Pack 12,2.00,17.94,0,35.88,12.85,6.88,Cash on Delivery,19.18%,35.81%
ORD-11719,15/08/2024,Sarah Patel,Home Office,United States,North America,Furniture,Standing Desk Converter,3.00,305.72,10,825.44,9.96,265.18,PayPal,32.13%,1.21%
ORD-10448,16/08/2024,Lucas Moreau,Home Office,Italy,Europe,Office Supplies,Desk Calendar 2025,10.00,13.76,10,123.84,17.98,43.94,Credit Card,35.48%,14.52%
ORD-10748,16/08/2024,Richard Patel,Consumer,Japan,Asia Pacific,Clothing & Accessories,Silk Tie Collection,3.00,20.47,5,58.34,11.67,15.97,PayPal,27.37%,20.00%
ORD-11186,16/08/2024,Karen Hassan,Consumer,South Korea,Asia Pacific,Office Supplies,Paper Clips Box 500pc,3.00,4.11,0,12.33,14.51,-7.73,PayPal,-62.69%,117.68%
ORD-11446,16/08/2024,Wei Suzuki,Consumer,Argentina,South America,Clothing & Accessories,Travel Backpack 30L,6.00,98.00,15,499.80,20.34,185.46,Credit Card,37.11%,4.07%
ORD-11697,16/08/2024,Thomas Yamamoto,Consumer,United States,North America,Technology,Wireless Ergonomic Mouse,1.00,66.50,10,59.85,6.99,16.28,Credit Card,27.20%,11.68%
ORD-10315,18/08/2024,Jamal Sharma,Corporate,Germany,Europe,Technology,Noise Cancelling Earbuds,2.00,121.67,10,219.01,10.65,74.52,Bank Transfer,34.03%,4.86%
ORD-11942,18/08/2024,Lucas Laurent,Consumer,Colombia,South America,Technology,Smart LED Desk Lamp,4.00,63.57,0,254.28,18.63,95.80,Credit Card,37.68%,7.33%
ORD-11094,19/08/2024,Xiao Romano,Corporate,Mexico,North America,Office Supplies,Sticky Notes Multicolor 6-Pack,4.00,10.58,5,40.20,14.10,7.06,Bank Transfer,17.56%,35.07%
ORD-10248,20/08/2024,Amina Thomas,Consumer,Mexico,North America,Clothing & Accessories,Leather Wallet Minimalist,2.00,57.19,5,108.66,7.96,43.51,PayPal,40.04%,7.33%
ORD-11240,20/08/2024,Olga Li,Corporate,South Korea,Asia Pacific,Office Supplies,Paper Clips Box 500pc,2.00,9.18,15,15.61,12.05,-4.70,PayPal,-30.11%,77.19%
ORD-10818,22/08/2024,Kenji Wang,Consumer,Spain,Europe,Clothing & Accessories,Silk Tie Collection,2.00,32.02,10,57.64,10.01,15.61,Credit Card,27.08%,17.37%
ORD-11132,24/08/2024,Jamal Nilsson,Consumer,Argentina,South America,Office Supplies,Binder Clips Assorted 48pc,8.00,9.60,15,65.28,27.55,3.17,PayPal,4.86%,42.20%
ORD-10608,25/08/2024,Sophie Williams,Corporate,South Korea,Asia Pacific,Office Supplies,Whiteboard Markers Set 8,4.00,9.95,5,37.81,12.01,7.89,PayPal,20.87%,31.76%
ORD-10629,25/08/2024,Ahmed Anderson,Home Office,China,Asia Pacific,Technology,Smart LED Desk Lamp,4.00,33.42,0,133.68,13.19,46.97,PayPal,35.14%,9.87%
ORD-11246,25/08/2024,Felix Schmidt,Corporate,Canada,North America,Technology,Mechanical Gaming Keyboard,1.00,132.41,10,119.17,6.65,39.69,Credit Card,33.31%,5.58%
ORD-10245,26/08/2024,Hans Anderson,Consumer,Japan,Asia Pacific,Technology,Portable External SSD 1TB,1.00,145.65,0,145.65,10.25,55.29,Bank Transfer,37.96%,7.04%
ORD-10613,26/08/2024,Ingrid Martin,Corporate,United Kingdom,Europe,Clothing & Accessories,Sports Water Bottle 750ml,1.00,20.03,5,19.03,7.96,1.06,Credit Card,5.57%,41.83%
ORD-11635,26/08/2024,Yuki Kim,Corporate,United States,North America,Clothing & Accessories,Polarized Sunglasses,3.00,74.99,0,224.97,11.37,101.12,Credit Card,44.95%,5.05%
ORD-10108,28/08/2024,Diego Thomas,Consumer,United States,North America,Clothing & Accessories,Cotton Formal Shirt,3.00,45.38,10,122.53,9.66,44.80,PayPal,36.56%,7.88%
ORD-10563,28/08/2024,Karen Rossi,Consumer,South Korea,Asia Pacific,Furniture,Floating Wall Shelves Set,4.00,91.15,5,346.37,13.75,113.86,Bank Transfer,32.87%,3.97%
ORD-11347,28/08/2024,Amina Wang,Consumer,United States,North America,Technology,Smart LED Desk Lamp,2.00,64.84,20,103.74,6.94,25.48,PayPal,24.56%,6.69%
ORD-11480,29/08/2024,Richard Costa,Consumer,Mexico,North America,Furniture,Standing Desk Converter,3.00,277.81,15,708.42,9.76,198.60,PayPal,28.03%,1.38%
ORD-11823,29/08/2024,Oscar Johansson,Consumer,China,Asia Pacific,Office Supplies,Stapler Full-Size,4.00,15.31,15,52.05,17.07,7.42,Bank Transfer,14.26%,32.80%
ORD-11613,30/08/2024,Ingrid Laurent,Consumer,Canada,North America,Clothing & Accessories,Canvas Messenger Bag,2.00,57.71,5,109.65,6.72,45.22,Credit Card,41.24%,6.13%
ORD-10055,31/08/2024,Hans Park,Corporate,Italy,Europe,Clothing & Accessories,Polarized Sunglasses,4.00,36.93,15,125.56,14.92,36.78,Cash on Delivery,29.29%,11.88%
ORD-11966,01/09/2024,Wei Thompson,Consumer,India,Asia Pacific,Office Supplies,Tape Dispenser Heavy Duty,1.00,20.09,15,17.08,10.58,-2.54,Credit Card,-14.87%,61.94%
ORD-10403,03/09/2024,Ethan Williams,Consumer,Mexico,North America,Furniture,Standing Desk Converter,2.00,112.26,0,224.52,8.69,81.12,PayPal,36.13%,3.87%
ORD-10140,04/09/2024,Sarah Khan,Home Office,Italy,Europe,Office Supplies,Tape Dispenser Heavy Duty,3.00,22.08,10,59.62,10.30,19.51,Bank Transfer,32.72%,17.28%
ORD-11959,04/09/2024,Ali Patel,Consumer,Saudi Arabia,Middle East & Africa,Technology,Tablet Stand Holder,8.00,29.90,0,239.20,15.61,92.03,PayPal,38.47%,6.53%
ORD-10929,05/09/2024,Noah Dubois,Consumer,Mexico,North America,Technology,Noise Cancelling Earbuds,2.00,79.84,10,143.71,7.24,48.65,PayPal,33.85%,5.04%
ORD-11370,05/09/2024,Ivan Müller,Consumer,France,Europe,Clothing & Accessories,Sports Water Bottle 750ml,2.00,12.30,0,24.60,11.20,1.10,Credit Card,4.47%,45.53%
ORD-11534,05/09/2024,Jessica Williams,Consumer,United States,North America,Technology,Wireless Ergonomic Mouse,1.00,30.33,5,28.81,6.89,5.24,Bank Transfer,18.19%,23.92%
ORD-10174,06/09/2024,Clara Schmidt,Corporate,Brazil,South America,Office Supplies,Ballpoint Pen Pack 12,6.00,13.50,15,68.85,14.12,18.28,Credit Card,26.55%,20.51%
ORD-10848,06/09/2024,Pierre Patel,Consumer,Germany,Europe,Clothing & Accessories,Canvas Messenger Bag,3.00,68.42,10,184.73,12.09,70.01,PayPal,37.90%,6.54%
ORD-11023,06/09/2024,Olivia Garcia,Home Office,United States,North America,Office Supplies,Desk Calendar 2025,8.00,7.55,20,48.32,12.15,8.99,PayPal,18.61%,25.14%
ORD-11314,06/09/2024,David Suzuki,Consumer,UAE,Middle East & Africa,Technology,Laptop Stand Adjustable,5.00,57.26,10,257.67,17.08,83.12,Bank Transfer,32.26%,6.63%
ORD-11582,06/09/2024,Christopher Müller,Consumer,Mexico,North America,Furniture,Ergonomic Office Chair,1.00,187.47,0,187.47,6.23,68.76,Bank Transfer,36.68%,3.32%
ORD-10544,07/09/2024,William Robinson,Consumer,Canada,North America,Technology,USB-C Hub Multiport Adapter,2.00,50.79,0,101.58,7.71,38.00,PayPal,37.41%,7.59%
ORD-11124,07/09/2024,Omar Weber,Home Office,Brazil,South America,Clothing & Accessories,Canvas Messenger Bag,1.00,31.92,0,31.92,12.07,3.89,Cash on Delivery,12.19%,37.81%
ORD-10493,09/09/2024,Linda Fischer,Consumer,United States,North America,Office Supplies,Ballpoint Pen Pack 12,8.00,15.17,0,121.36,23.42,43.33,Credit Card,35.70%,19.30%
ORD-10208,10/09/2024,Ivan Thomas,Home Office,Colombia,South America,Technology,Portable External SSD 1TB,2.00,68.40,0,136.80,13.66,47.90,PayPal,35.01%,9.99%
ORD-10484,10/09/2024,Maria Costa,Consumer,Japan,Asia Pacific,Clothing & Accessories,Canvas Messenger Bag,5.00,57.12,0,285.60,19.41,123.39,Credit Card,43.20%,6.80%
ORD-10857,10/09/2024,Layla Johansson,Consumer,United Kingdom,Europe,Technology,Mechanical Gaming Keyboard,10.00,62.96,10,566.64,19.53,200.83,PayPal,35.44%,3.45%
ORD-10901,10/09/2024,Richard Tanaka,Corporate,India,Asia Pacific,Furniture,Ergonomic Office Chair,5.00,214.38,15,911.12,18.93,249.05,Credit Card,27.33%,2.08%
ORD-11644,11/09/2024,Joseph Romano,Consumer,Brazil,South America,Office Supplies,Highlighters Neon Pack 6,2.00,8.93,10,16.07,14.32,-6.29,Credit Card,-39.14%,89.11%
ORD-11672,11/09/2024,Liam Nilsson,Home Office,United Kingdom,Europe,Office Supplies,Desk Calendar 2025,4.00,17.60,0,70.40,14.18,24.54,PayPal,34.86%,20.14%
ORD-11073,12/09/2024,Elizabeth Chen,Home Office,Canada,North America,Clothing & Accessories,Sports Water Bottle 750ml,9.00,22.04,0,198.36,9.79,89.39,Credit Card,45.06%,4.94%
ORD-11058,13/09/2024,Omar Costa,Corporate,Mexico,North America,Furniture,Ergonomic Office Chair,1.00,376.74,20,301.39,7.19,68.16,Credit Card,22.62%,2.39%
ORD-10370,14/09/2024,Linda Santos,Corporate,United Kingdom,Europe,Technology,Mechanical Gaming Keyboard,1.00,174.88,15,148.65,8.56,43.91,Credit Card,29.54%,5.76%
ORD-11781,14/09/2024,Ingrid White,Consumer,Australia,Asia Pacific,Office Supplies,Highlighters Neon Pack 6,1.00,13.21,5,12.55,10.34,-3.73,Credit Card,-29.72%,82.39%
ORD-11939,14/09/2024,Amir Moreau,Home Office,India,Asia Pacific,Technology,Webcam HD 1080p,2.00,43.13,0,86.26,11.52,27.30,PayPal,31.65%,13.35%
ORD-10184,15/09/2024,Isabella Ferrari,Corporate,Germany,Europe,Technology,Smart LED Desk Lamp,4.00,41.61,20,133.15,11.64,29.97,Credit Card,22.51%,8.74%
ORD-10229,15/09/2024,Xiao Martin,Home Office,Mexico,North America,Clothing & Accessories,Travel Backpack 30L,6.00,33.23,5,189.41,9.09,80.63,Credit Card,42.57%,4.80%
ORD-10286,15/09/2024,Oscar Williams,Corporate,United States,North America,Clothing & Accessories,Sports Water Bottle 750ml,4.00,12.55,25,37.65,9.91,2.64,Credit Card,7.01%,26.32%
ORD-10426,15/09/2024,Ayumi Thomas,Consumer,South Africa,Middle East & Africa,Clothing & Accessories,Polarized Sunglasses,8.00,62.50,25,375.00,24.32,100.68,PayPal,26.85%,6.49%
ORD-11799,15/09/2024,Jamal Pereira,Consumer,United States,North America,Technology,Smart LED Desk Lamp,2.00,31.01,10,55.82,6.85,14.86,Bank Transfer,26.62%,12.27%
ORD-11951,15/09/2024,William Romano,Consumer,Canada,North America,Furniture,Desk Organizer Set,4.00,29.07,10,104.65,12.59,22.29,Cash on Delivery,21.30%,12.03%
ORD-10466,16/09/2024,Zara Harris,Corporate,Canada,North America,Technology,Wireless Ergonomic Mouse,5.00,62.90,0,314.50,12.05,129.47,Bank Transfer,41.17%,3.83%
ORD-11433,16/09/2024,Pierre Smith,Consumer,Spain,Europe,Office Supplies,Tape Dispenser Heavy Duty,1.00,13.51,10,12.16,7.94,-1.86,Credit Card,-15.30%,65.30%
ORD-11473,16/09/2024,Zara Clark,Consumer,Brazil,South America,Furniture,Floating Wall Shelves Set,3.00,64.94,20,155.86,11.57,27.40,PayPal,17.58%,7.42%
ORD-11491,16/09/2024,Carlos Yamamoto,Consumer,Mexico,North America,Clothing & Accessories,Cotton Formal Shirt,1.00,20.04,0,20.04,6.51,3.51,Credit Card,17.51%,32.49%
ORD-11504,16/09/2024,Yuki Pereira,Corporate,Canada,North America,Office Supplies,Tape Dispenser Heavy Duty,4.00,17.37,15,59.06,9.10,18.69,Cash on Delivery,31.65%,15.41%
ORD-11938,16/09/2024,Isabella Johansson,Corporate,South Africa,Middle East & Africa,Furniture,Folding Table Portable,2.00,73.07,15,124.22,13.98,22.56,Credit Card,18.16%,11.25%
ORD-10262,17/09/2024,Carlos Ferrari,Home Office,Mexico,North America,Office Supplies,Paper Clips Box 500pc,2.00,5.97,5,11.34,7.01,-1.04,PayPal,-9.17%,61.82%
ORD-10998,18/09/2024,Diego Miller,Consumer,Italy,Europe,Furniture,Monitor Riser Wood,4.00,67.40,5,256.12,9.33,85.03,Cash on Delivery,33.20%,3.64%
ORD-10050,19/09/2024,Robert Garcia,Consumer,Germany,Europe,Office Supplies,Whiteboard Markers Set 8,3.00,13.57,5,38.67,12.98,7.37,Credit Card,19.06%,33.57%
ORD-10697,19/09/2024,Sakura Garcia,Home Office,Spain,Europe,Office Supplies,Sticky Notes Multicolor 6-Pack,2.00,6.44,0,12.88,9.71,-2.63,Credit Card,-20.42%,75.39%
ORD-10329,20/09/2024,Amina Taylor,Consumer,India,Asia Pacific,Office Supplies,Binder Clips Assorted 48pc,6.00,13.09,10,70.69,20.97,14.38,PayPal,20.34%,29.66%
ORD-10011,21/09/2024,James Ferrari,Consumer,Canada,North America,Technology,Mechanical Gaming Keyboard,9.00,164.14,0,1477.26,18.25,646.52,Credit Card,43.76%,1.24%
ORD-10931,21/09/2024,Maria Thomas,Corporate,China,Asia Pacific,Furniture,Desk Organizer Set,3.00,49.49,15,126.20,16.07,21.05,Credit Card,16.68%,12.73%
ORD-10141,22/09/2024,Mia Ali,Corporate,Colombia,South America,Office Supplies,Premium Notebook Set A5,2.00,18.15,15,30.85,14.89,-0.38,PayPal,-1.23%,48.27%
ORD-10648,22/09/2024,Omar Dubois,Home Office,Australia,Asia Pacific,Office Supplies,Ballpoint Pen Pack 12,3.00,6.42,15,16.37,15.39,-7.69,Credit Card,-46.98%,94.01%
ORD-11925,23/09/2024,Sarah Miller,Corporate,Colombia,South America,Technology,Smart LED Desk Lamp,3.00,55.32,10,149.36,16.68,41.40,PayPal,27.72%,11.17%
ORD-10076,24/09/2024,Sarah Patel,Consumer,Japan,Asia Pacific,Office Supplies,Premium Notebook Set A5,5.00,17.85,0,89.25,14.45,34.64,Bank Transfer,38.81%,16.19%
ORD-11440,24/09/2024,Wei Patel,Corporate,Colombia,South America,Technology,Tablet Stand Holder,5.00,18.67,5,88.68,14.38,22.96,Cash on Delivery,25.89%,16.22%
ORD-11573,24/09/2024,Mia Chen,Consumer,Spain,Europe,Technology,Wireless Bluetooth Headphones,2.00,83.77,15,142.41,8.05,42.21,Credit Card,29.64%,5.65%
ORD-11870,25/09/2024,Isabella Jones,Corporate,Spain,Europe,Technology,Wireless Ergonomic Mouse,4.00,48.97,20,156.70,10.82,38.15,Credit Card,24.35%,6.90%
ORD-11920,26/09/2024,Pierre Jones,Corporate,United Kingdom,Europe,Clothing & Accessories,Sports Water Bottle 750ml,1.00,29.28,15,24.89,9.40,0.85,Credit Card,3.42%,37.77%
ORD-10106,27/09/2024,Karen Ali,Consumer,India,Asia Pacific,Clothing & Accessories,Polarized Sunglasses,4.00,26.00,0,104.00,15.47,36.53,PayPal,35.13%,14.88%
ORD-11522,27/09/2024,Amir Anderson,Corporate,United Kingdom,Europe,Technology,Smart LED Desk Lamp,4.00,31.83,5,120.95,12.01,38.91,Bank Transfer,32.17%,9.93%
ORD-10223,28/09/2024,Jennifer Yamamoto,Consumer,France,Europe,Furniture,Floating Wall Shelves Set,2.00,61.97,0,123.94,11.14,38.44,Bank Transfer,31.02%,8.99%
ORD-11955,28/09/2024,Olivia Jones,Consumer,United Kingdom,Europe,Furniture,Desk Organizer Set,6.00,47.45,5,270.47,21.01,78.64,Credit Card,29.08%,7.77%
ORD-10258,29/09/2024,Mia Santos,Consumer,Japan,Asia Pacific,Office Supplies,Binder Clips Assorted 48pc,6.00,6.49,15,33.10,12.35,3.23,Credit Card,9.76%,37.31%
ORD-10879,29/09/2024,Carlos Patel,Corporate,UAE,Middle East & Africa,Technology,Webcam HD 1080p,3.00,37.06,20,88.94,13.02,14.77,Cash on Delivery,16.61%,14.64%
ORD-11947,30/09/2024,Olivia Johnson,Corporate,Brazil,South America,Technology,Mechanical Gaming Keyboard,1.00,165.01,10,148.51,11.03,46.72,PayPal,31.46%,7.43%
ORD-11826,01/10/2024,Robert Leroy,Home Office,France,Europe,Clothing & Accessories,Polarized Sunglasses,3.00,66.59,5,189.78,13.14,76.75,Credit Card,40.44%,6.92%
ORD-10296,02/10/2024,Michael Tanaka,Consumer,Colombia,South America,Clothing & Accessories,Business Casual Blazer,1.00,41.43,10,37.29,12.06,4.51,Cash on Delivery,12.09%,32.34%
ORD-11399,02/10/2024,Thomas Chen,Home Office,Mexico,North America,Furniture,Mesh Back Task Chair,1.00,160.45,5,152.43,5.89,50.27,PayPal,32.98%,3.86%
ORD-10312,03/10/2024,Lucas Nilsson,Consumer,United Kingdom,Europe,Technology,Mechanical Gaming Keyboard,4.00,142.59,0,570.36,11.88,244.78,PayPal,42.92%,2.08%
ORD-10512,03/10/2024,Omar Dubois,Home Office,Spain,Europe,Technology,Smart LED Desk Lamp,3.00,37.56,10,101.41,11.79,27.65,Cash on Delivery,27.27%,11.63%
ORD-10767,03/10/2024,Omar Thompson,Consumer,United Kingdom,Europe,Furniture,Ergonomic Office Chair,4.00,287.66,5,1093.11,15.79,386.94,Cash on Delivery,35.40%,1.44%
ORD-11092,03/10/2024,Raj Thompson,Home Office,China,Asia Pacific,Clothing & Accessories,Wool Blend Scarf,3.00,55.82,5,159.09,12.34,63.02,Bank Transfer,39.61%,7.76%
ORD-11797,03/10/2024,Hanna Sato,Consumer,United States,North America,Office Supplies,Sticky Notes Multicolor 6-Pack,6.00,7.06,20,33.89,9.61,5.22,Bank Transfer,15.40%,28.36%
ORD-10517,04/10/2024,Diego Johansson,Consumer,UAE,Middle East & Africa,Office Supplies,Ballpoint Pen Pack 12,2.00,16.71,5,31.75,14.63,2.08,Credit Card,6.55%,46.08%
ORD-10999,04/10/2024,Layla Romano,Corporate,China,Asia Pacific,Office Supplies,Tape Dispenser Heavy Duty,10.00,8.48,10,76.32,21.04,17.12,PayPal,22.43%,27.57%
ORD-11749,04/10/2024,Ivan Williams,Corporate,India,Asia Pacific,Technology,Portable External SSD 1TB,5.00,113.75,5,540.31,19.74,207.76,Bank Transfer,38.45%,3.65%
ORD-11228,05/10/2024,Sakura Thomas,Consumer,United States,North America,Furniture,Bookshelf 5-Tier,8.00,88.37,5,671.61,16.48,230.95,Cash on Delivery,34.39%,2.45%
ORD-10412,06/10/2024,Nadia Taylor,Corporate,South Africa,Middle East & Africa,Office Supplies,Paper Clips Box 500pc,3.00,5.90,5,16.82,15.21,-6.36,Cash on Delivery,-37.81%,90.43%
ORD-10504,06/10/2024,John Suzuki,Home Office,Canada,North America,Clothing & Accessories,Leather Wallet Minimalist,1.00,37.98,10,34.18,7.22,7.97,Credit Card,23.32%,21.12%
ORD-10988,06/10/2024,Oscar Martinez,Corporate,Colombia,South America,Clothing & Accessories,Travel Backpack 30L,5.00,34.24,10,154.08,20.25,48.23,Credit Card,31.30%,13.14%
ORD-11136,06/10/2024,Emma Müller,Consumer,Italy,Europe,Clothing & Accessories,Travel Backpack 30L,1.00,99.45,15,84.53,7.83,26.98,Credit Card,31.92%,9.26%
ORD-11883,06/10/2024,Mia Costa,Consumer,Germany,Europe,Technology,Smart LED Desk Lamp,10.00,53.93,5,512.33,19.66,196.06,Cash on Delivery,38.27%,3.84%
ORD-10119,08/10/2024,Zara Thomas,Consumer,United States,North America,Clothing & Accessories,Sports Water Bottle 750ml,6.00,16.76,5,95.53,8.44,36.81,PayPal,38.53%,8.83%
ORD-10021,09/10/2024,Giulia Yamamoto,Consumer,Australia,Asia Pacific,Clothing & Accessories,Cotton Formal Shirt,4.00,20.47,10,73.69,11.80,20.95,PayPal,28.43%,16.01%
ORD-10663,09/10/2024,Hans Miller,Consumer,Italy,Europe,Technology,Portable External SSD 1TB,3.00,135.35,5,385.75,12.11,150.31,Credit Card,38.97%,3.14%
ORD-11018,09/10/2024,Liam Schmidt,Consumer,Australia,Asia Pacific,Office Supplies,Stapler Full-Size,4.00,13.90,0,55.60,11.78,18.80,Credit Card,33.81%,21.19%
ORD-11739,09/10/2024,Olivia Sharma,Consumer,Mexico,North America,Technology,Wireless Bluetooth Headphones,4.00,58.38,0,233.52,13.39,91.69,PayPal,39.26%,5.73%
ORD-11774,09/10/2024,John Wang,Home Office,Australia,Asia Pacific,Clothing & Accessories,Sports Water Bottle 750ml,2.00,21.81,10,39.26,12.21,5.24,Bank Transfer,13.35%,31.10%
ORD-11881,09/10/2024,Mia Jones,Home Office,France,Europe,Clothing & Accessories,Silk Tie Collection,8.00,48.56,5,369.06,24.35,150.47,PayPal,40.77%,6.60%
ORD-11965,09/10/2024,Layla Patel,Consumer,Mexico,North America,Furniture,Corner L-Shaped Desk,1.00,371.21,10,334.09,5.60,105.76,Credit Card,31.66%,1.68%
ORD-10520,10/10/2024,Linda Weber,Corporate,Japan,Asia Pacific,Furniture,Corner L-Shaped Desk,10.00,345.30,20,2762.40,32.74,657.86,Credit Card,23.81%,1.19%
ORD-10877,10/10/2024,Yuki Sharma,Corporate,Mexico,North America,Clothing & Accessories,Leather Belt Classic,3.00,51.23,25,115.27,9.60,28.82,Cash on Delivery,25.00%,8.33%
ORD-11475,10/10/2024,Maria Yamamoto,Consumer,China,Asia Pacific,Furniture,Monitor Riser Wood,8.00,35.17,5,267.29,25.72,72.75,Credit Card,27.22%,9.62%
ORD-10523,11/10/2024,Omar Jackson,Home Office,Canada,North America,Clothing & Accessories,Polarized Sunglasses,2.00,66.94,0,133.88,9.12,57.82,PayPal,43.19%,6.81%
ORD-10833,11/10/2024,Michael Ferrari,Consumer,Italy,Europe,Technology,Tablet Stand Holder,1.00,26.72,0,26.72,9.04,2.98,Credit Card,11.15%,33.83%
ORD-10871,11/10/2024,Nadia Wang,Consumer,Spain,Europe,Furniture,Folding Table Portable,9.00,115.80,20,833.76,26.50,181.94,Bank Transfer,21.82%,3.18%
ORD-11209,11/10/2024,Nadia Martinez,Corporate,Mexico,North America,Office Supplies,Paper Clips Box 500pc,2.00,9.28,20,14.85,8.04,-1.54,Credit Card,-10.37%,54.14%
ORD-11542,11/10/2024,Raj Schmidt,Consumer,China,Asia Pacific,Office Supplies,Premium Notebook Set A5,3.00,17.78,0,53.34,13.47,15.87,Credit Card,29.75%,25.25%
ORD-11783,13/10/2024,Li Miller,Consumer,United Kingdom,Europe,Furniture,Ergonomic Office Chair,4.00,275.12,5,1045.46,13.94,371.23,PayPal,35.51%,1.33%
ORD-11994,13/10/2024,Richard Santos,Consumer,India,Asia Pacific,Technology,Webcam HD 1080p,5.00,53.38,10,240.21,11.59,81.82,Bank Transfer,34.06%,4.82%
ORD-10391,14/10/2024,Jessica Taylor,Consumer,UAE,Middle East & Africa,Clothing & Accessories,Polarized Sunglasses,2.00,77.59,10,139.66,15.29,46.78,PayPal,33.50%,10.95%
ORD-11714,14/10/2024,Wei Li,Consumer,China,Asia Pacific,Office Supplies,Highlighters Neon Pack 6,6.00,7.00,5,39.90,18.09,2.91,Credit Card,7.29%,45.34%
ORD-11851,14/10/2024,Patricia Santos,Home Office,China,Asia Pacific,Clothing & Accessories,Leather Wallet Minimalist,1.00,61.38,10,55.24,10.68,13.87,Cash on Delivery,25.11%,19.33%
ORD-10162,15/10/2024,Linda Rodriguez,Corporate,Mexico,North America,Office Supplies,Whiteboard Markers Set 8,7.00,9.79,30,47.97,15.80,1.33,PayPal,2.77%,32.94%
ORD-10416,15/10/2024,Wei Khan,Consumer,Mexico,North America,Office Supplies,Ballpoint Pen Pack 12,1.00,8.54,0,8.54,7.42,-2.72,PayPal,-31.85%,86.89%
ORD-10038,16/10/2024,Kenji Jones,Corporate,Canada,North America,Clothing & Accessories,Cotton Formal Shirt,1.00,26.92,15,22.88,6.91,2.51,Credit Card,10.97%,30.20%
ORD-10168,17/10/2024,Isabella Schmidt,Consumer,Argentina,South America,Clothing & Accessories,Wool Blend Scarf,1.00,29.08,15,24.72,11.98,-1.80,Credit Card,-7.28%,48.46%
ORD-10580,17/10/2024,Maria Johnson,Corporate,United States,North America,Technology,Webcam HD 1080p,9.00,45.48,20,327.46,10.43,91.90,Credit Card,28.06%,3.19%
ORD-11269,17/10/2024,Sophie Johansson,Corporate,Saudi Arabia,Middle East & Africa,Office Supplies,Paper Clips Box 500pc,1.00,4.87,15,4.14,12.43,-10.48,Bank Transfer,-253.14%,300.24%
ORD-11341,18/10/2024,Li Müller,Corporate,Japan,Asia Pacific,Technology,Tablet Stand Holder,3.00,19.93,25,44.84,13.57,-1.61,Credit Card,-3.59%,30.26%
ORD-10939,19/10/2024,Lucas Park,Consumer,Saudi Arabia,Middle East & Africa,Furniture,Corner L-Shaped Desk,1.00,239.53,25,179.65,12.02,23.91,PayPal,13.31%,6.69%
ORD-11623,19/10/2024,Ivan Romano,Consumer,China,Asia Pacific,Office Supplies,Stapler Full-Size,1.00,17.33,25,13.00,11.28,-6.08,Credit Card,-46.77%,86.77%
ORD-11874,19/10/2024,Thomas Johnson,Corporate,United States,North America,Furniture,Ergonomic Office Chair,1.00,292.37,15,248.51,5.62,67.47,Credit Card,27.15%,2.26%
ORD-11864,21/10/2024,Zara Hassan,Consumer,United States,North America,Office Supplies,Desk Calendar 2025,1.00,13.36,0,13.36,7.32,0.03,Credit Card,0.22%,54.79%
ORD-10540,23/10/2024,Thomas Jackson,Home Office,South Africa,Middle East & Africa,Office Supplies,Ballpoint Pen Pack 12,3.00,12.11,0,36.33,14.03,5.95,Credit Card,16.38%,38.62%
ORD-11054,23/10/2024,Ingrid Martinez,Home Office,Canada,North America,Furniture,Mesh Back Task Chair,5.00,94.04,5,446.69,14.20,150.37,PayPal,33.66%,3.18%
ORD-10443,24/10/2024,Elizabeth Patel,Consumer,Argentina,South America,Technology,Laptop Stand Adjustable,1.00,40.25,5,38.24,12.49,3.61,Credit Card,9.44%,32.66%
ORD-10449,24/10/2024,Susan Patel,Corporate,Italy,Europe,Technology,Tablet Stand Holder,2.00,24.54,15,41.72,10.57,4.16,PayPal,9.97%,25.34%
ORD-11822,25/10/2024,Hanna Thomas,Corporate,Germany,Europe,Technology,Portable External SSD 1TB,2.00,96.97,15,164.85,8.99,49.19,PayPal,29.84%,5.45%
ORD-11836,25/10/2024,Richard Jackson,Home Office,United Kingdom,Europe,Office Supplies,Ballpoint Pen Pack 12,7.00,16.12,15,95.91,12.12,33.01,Cash on Delivery,34.42%,12.64%
ORD-10453,26/10/2024,Olivia Nilsson,Home Office,Australia,Asia Pacific,Technology,Tablet Stand Holder,2.00,36.84,20,58.94,10.85,7.57,Credit Card,12.84%,18.41%
ORD-10707,26/10/2024,Giulia Li,Consumer,South Africa,Middle East & Africa,Clothing & Accessories,Business Casual Blazer,1.00,130.63,20,104.50,11.85,27.34,Cash on Delivery,26.16%,11.34%
ORD-11037,26/10/2024,Fatima Williams,Corporate,Italy,Europe,Clothing & Accessories,Polarized Sunglasses,7.00,46.74,10,294.46,12.49,118.38,Bank Transfer,40.20%,4.24%
ORD-11807,26/10/2024,Amina Harris,Consumer,United States,North America,Technology,Laptop Stand Adjustable,2.00,38.76,5,73.64,6.68,24.32,Credit Card,33.03%,9.07%
ORD-10088,27/10/2024,David Rodriguez,Consumer,South Korea,Asia Pacific,Furniture,Folding Table Portable,3.00,87.75,10,236.93,11.10,67.88,Bank Transfer,28.65%,4.68%
ORD-10693,27/10/2024,Hanna Weber,Corporate,China,Asia Pacific,Office Supplies,Binder Clips Assorted 48pc,8.00,10.52,20,67.33,19.22,10.24,Credit Card,15.21%,28.55%
ORD-10912,27/10/2024,William Ferrari,Corporate,United Kingdom,Europe,Office Supplies,Desk Calendar 2025,3.00,13.97,0,41.91,10.72,12.33,Bank Transfer,29.42%,25.58%
ORD-11170,27/10/2024,Ava Miller,Consumer,China,Asia Pacific,Technology,Webcam HD 1080p,5.00,51.41,5,244.20,16.43,86.39,PayPal,35.38%,6.73%
ORD-11627,27/10/2024,Giulia Brown,Consumer,Spain,Europe,Technology,Tablet Stand Holder,4.00,23.76,0,95.04,14.61,28.16,Cash on Delivery,29.63%,15.37%
ORD-11615,28/10/2024,Marco Rodriguez,Consumer,Australia,Asia Pacific,Clothing & Accessories,Silk Tie Collection,1.00,47.84,5,45.45,11.34,10.19,PayPal,22.42%,24.95%
ORD-11267,29/10/2024,Li Rossi,Corporate,Brazil,South America,Technology,USB-C Hub Multiport Adapter,3.00,45.95,15,117.17,15.95,25.40,Cash on Delivery,21.68%,13.61%
ORD-11455,29/10/2024,Omar Thomas,Consumer,Italy,Europe,Clothing & Accessories,Sports Water Bottle 750ml,7.00,16.16,0,113.12,13.07,43.49,Bank Transfer,38.45%,11.55%
ORD-10659,30/10/2024,Barbara Miller,Consumer,China,Asia Pacific,Clothing & Accessories,Canvas Messenger Bag,2.00,39.32,5,74.71,13.59,21.80,Credit Card,29.18%,18.19%
ORD-10944,30/10/2024,Mary White,Consumer,United States,North America,Furniture,Filing Cabinet 3-Drawer,3.00,210.89,5,601.04,11.78,209.66,Cash on Delivery,34.88%,1.96%
ORD-11319,30/10/2024,Raj Sato,Corporate,Brazil,South America,Office Supplies,Binder Clips Assorted 48pc,9.00,11.89,10,96.31,25.60,22.56,PayPal,23.42%,26.58%
ORD-10217,31/10/2024,Layla Garcia,Corporate,United States,North America,Furniture,Standing Desk Converter,2.00,177.54,25,266.31,6.95,46.31,Credit Card,17.39%,2.61%
ORD-10621,31/10/2024,David Schmidt,Consumer,Germany,Europe,Clothing & Accessories,Polarized Sunglasses,12.00,42.25,0,507.00,23.04,230.46,Bank Transfer,45.46%,4.54%
ORD-10765,31/10/2024,Priya Sato,Consumer,Spain,Europe,Office Supplies,Sticky Notes Multicolor 6-Pack,2.00,10.34,10,18.61,11.42,-2.12,Cash on Delivery,-11.39%,61.36%
ORD-11451,31/10/2024,Carlos Davis,Home Office,Australia,Asia Pacific,Furniture,Floating Wall Shelves Set,2.00,54.34,10,97.81,11.65,20.95,Credit Card,21.42%,11.91%
ORD-11502,31/10/2024,Fatima Singh,Corporate,UAE,Middle East & Africa,Clothing & Accessories,Cotton Formal Shirt,12.00,61.78,5,704.29,20.35,313.26,PayPal,44.48%,2.89%
ORD-11716,31/10/2024,Barbara Moreau,Home Office,South Africa,Middle East & Africa,Office Supplies,Desk Calendar 2025,2.00,17.35,0,34.70,14.15,4.94,PayPal,14.24%,40.78%
ORD-11618,01/11/2024,Christopher Fischer,Consumer,United Kingdom,Europe,Office Supplies,Highlighters Neon Pack 6,2.00,8.29,0,16.58,8.77,0.35,PayPal,2.11%,52.90%
ORD-11146,02/11/2024,James Harris,Consumer,India,Asia Pacific,Furniture,Floating Wall Shelves Set,5.00,83.62,5,397.19,12.72,133.61,PayPal,33.64%,3.20%
ORD-11252,02/11/2024,Layla Garcia,Consumer,France,Europe,Technology,Mechanical Gaming Keyboard,2.00,144.76,15,246.09,11.27,75.58,PayPal,30.71%,4.58%
ORD-10389,05/11/2024,Ingrid Sato,Consumer,Canada,North America,Furniture,Bookshelf 5-Tier,1.00,88.95,5,84.50,7.10,24.03,Cash on Delivery,28.44%,8.40%
ORD-10405,05/11/2024,Zara Fischer,Consumer,India,Asia Pacific,Furniture,Floating Wall Shelves Set,1.00,44.69,0,44.69,10.64,7.24,Cash on Delivery,16.20%,23.81%
ORD-10539,05/11/2024,Chen Patel,Home Office,Japan,Asia Pacific,Clothing & Accessories,Travel Backpack 30L,2.00,106.07,10,190.93,12.94,71.92,Cash on Delivery,37.67%,6.78%
ORD-10924,05/11/2024,Sakura Ahmed,Corporate,United Kingdom,Europe,Furniture,Monitor Riser Wood,3.00,55.43,15,141.35,13.74,27.84,Cash on Delivery,19.70%,9.72%
ORD-11853,05/11/2024,Elizabeth Johnson,Home Office,Canada,North America,Technology,Laptop Stand Adjustable,7.00,58.73,0,411.11,19.17,165.83,Bank Transfer,40.34%,4.66%
ORD-10061,06/11/2024,Ethan Sato,Consumer,China,Asia Pacific,Furniture,Corner L-Shaped Desk,9.00,215.11,15,1645.59,23.40,460.60,PayPal,27.99%,1.42%
ORD-10014,07/11/2024,Elizabeth Wang,Corporate,United States,North America,Technology,Mechanical Gaming Keyboard,3.00,86.20,10,232.74,10.84,79.67,Cash on Delivery,34.23%,4.66%
ORD-10865,07/11/2024,Mia Laurent,Corporate,Germany,Europe,Clothing & Accessories,Leather Belt Classic,4.00,21.57,10,77.65,11.54,22.97,Credit Card,29.58%,14.86%
ORD-11296,07/11/2024,Linda Thompson,Consumer,France,Europe,Office Supplies,Premium Notebook Set A5,5.00,20.84,0,104.20,15.39,41.92,PayPal,40.23%,14.77%
ORD-10193,08/11/2024,Fatima Zhang,Consumer,United States,North America,Office Supplies,Highlighters Neon Pack 6,2.00,6.32,0,12.64,8.56,-1.61,PayPal,-12.74%,67.72%
ORD-10433,09/11/2024,Mary Fischer,Consumer,Colombia,South America,Furniture,Monitor Riser Wood,1.00,40.91,20,32.73,12.00,-3.82,Bank Transfer,-11.67%,36.66%
ORD-10638,09/11/2024,Hanna Sharma,Home Office,China,Asia Pacific,Furniture,Filing Cabinet 3-Drawer,8.00,171.68,10,1236.10,16.97,395.07,PayPal,31.96%,1.37%
ORD-10785,09/11/2024,Ayumi Laurent,Consumer,Argentina,South America,Furniture,Mesh Back Task Chair,2.00,288.51,0,577.02,13.32,217.49,Bank Transfer,37.69%,2.31%
ORD-10794,09/11/2024,Noah Ferrari,Consumer,Canada,North America,Clothing & Accessories,Cotton Formal Shirt,4.00,57.02,10,205.27,7.42,83.81,Credit Card,40.83%,3.61%
ORD-11629,09/11/2024,Thomas Costa,Consumer,Italy,Europe,Clothing & Accessories,Leather Wallet Minimalist,3.00,58.15,5,165.73,14.36,64.14,PayPal,38.70%,8.66%
ORD-11790,09/11/2024,Wei Wang,Consumer,Japan,Asia Pacific,Office Supplies,Paper Clips Box 500pc,14.00,7.50,0,105.00,20.90,36.85,Credit Card,35.10%,19.90%
ORD-10120,10/11/2024,Ali Hassan,Home Office,Mexico,North America,Technology,Webcam HD 1080p,2.00,56.22,5,106.82,9.83,35.15,Credit Card,32.91%,9.20%
ORD-10415,13/11/2024,Layla Williams,Corporate,Japan,Asia Pacific,Furniture,Ergonomic Office Chair,5.00,186.09,15,790.88,11.72,220.89,Bank Transfer,27.93%,1.48%
ORD-10633,13/11/2024,Wei Moreau,Consumer,Germany,Europe,Technology,Smart LED Desk Lamp,1.00,57.70,0,57.70,7.94,18.02,PayPal,31.23%,13.76%
ORD-10715,14/11/2024,Hans Miller,Home Office,United States,North America,Technology,Laptop Stand Adjustable,4.00,74.26,0,297.04,11.24,122.43,PayPal,41.22%,3.78%
ORD-11371,15/11/2024,Omar Yamamoto,Home Office,France,Europe,Technology,Wireless Ergonomic Mouse,4.00,66.35,5,252.13,12.59,93.57,Credit Card,37.11%,4.99%
ORD-11223,16/11/2024,Nadia Dubois,Consumer,United States,North America,Clothing & Accessories,Business Casual Blazer,1.00,45.27,5,43.01,6.72,13.65,Credit Card,31.74%,15.62%
ORD-11617,16/11/2024,Felix Romano,Corporate,Mexico,North America,Office Supplies,Sticky Notes Multicolor 6-Pack,2.00,6.86,0,13.72,8.10,-0.55,Bank Transfer,-4.01%,59.04%
ORD-10150,17/11/2024,Zara Williams,Consumer,Japan,Asia Pacific,Technology,Noise Cancelling Earbuds,7.00,123.89,0,867.23,19.56,370.69,Credit Card,42.74%,2.26%
ORD-10151,17/11/2024,Joseph Ali,Consumer,France,Europe,Office Supplies,Stapler Full-Size,1.00,15.77,10,14.19,8.78,-1.69,PayPal,-11.91%,61.87%
ORD-10400,17/11/2024,Ahmed Tanaka,Corporate,United States,North America,Office Supplies,Desk Calendar 2025,1.00,8.27,15,7.03,5.60,-2.29,Credit Card,-32.57%,79.66%
ORD-10830,17/11/2024,Ivan Robinson,Consumer,France,Europe,Clothing & Accessories,Wool Blend Scarf,11.00,36.18,10,358.18,16.03,143.16,Credit Card,39.97%,4.48%
ORD-11902,17/11/2024,Christopher Miller,Consumer,Australia,Asia Pacific,Office Supplies,Ballpoint Pen Pack 12,3.00,13.86,0,41.58,13.05,9.82,PayPal,23.62%,31.39%
ORD-10243,18/11/2024,Pierre Hassan,Home Office,United States,North America,Furniture,Monitor Riser Wood,4.00,36.53,5,138.81,13.30,37.84,Bank Transfer,27.26%,9.58%
ORD-10048,19/11/2024,Sophie Kim,Consumer,Australia,Asia Pacific,Technology,Webcam HD 1080p,1.00,40.91,15,34.77,10.18,2.09,Cash on Delivery,6.01%,29.28%
ORD-10401,20/11/2024,Ayumi Robinson,Corporate,United States,North America,Technology,Wireless Ergonomic Mouse,3.00,62.77,0,188.31,11.80,72.94,Credit Card,38.73%,6.27%
ORD-11327,20/11/2024,Amir Johansson,Consumer,Australia,Asia Pacific,Office Supplies,Premium Notebook Set A5,4.00,9.84,10,35.42,13.78,3.93,Cash on Delivery,11.10%,38.90%
ORD-11039,21/11/2024,Li Miller,Consumer,France,Europe,Technology,Wireless Ergonomic Mouse,2.00,39.61,20,63.38,10.20,9.61,Credit Card,15.16%,16.09%
ORD-11369,21/11/2024,Lucas Müller,Consumer,China,Asia Pacific,Clothing & Accessories,Leather Belt Classic,1.00,31.83,15,27.06,11.46,-0.32,PayPal,-1.18%,42.35%
ORD-11506,21/11/2024,Clara Miller,Corporate,South Africa,Middle East & Africa,Furniture,Standing Desk Converter,5.00,239.49,5,1137.58,17.88,401.23,PayPal,35.27%,1.57%
ORD-11590,21/11/2024,James Oliveira,Corporate,United States,North America,Office Supplies,Paper Clips Box 500pc,6.00,6.50,20,31.20,16.69,-3.04,PayPal,-9.74%,53.49%
ORD-11943,21/11/2024,Sophie Pereira,Home Office,Spain,Europe,Clothing & Accessories,Business Casual Blazer,5.00,79.16,15,336.43,12.69,125.84,Credit Card,37.40%,3.77%
ORD-11207,22/11/2024,Oscar Zhang,Consumer,United Kingdom,Europe,Technology,Smart LED Desk Lamp,10.00,46.43,10,417.87,22.39,140.11,Credit Card,33.53%,5.36%
ORD-11758,22/11/2024,Priya Smith,Consumer,Italy,Europe,Furniture,Mesh Back Task Chair,6.00,259.75,0,1558.50,10.69,612.71,Credit Card,39.31%,0.69%
ORD-10469,24/11/2024,Carlos Sharma,Corporate,Mexico,North America,Technology,Laptop Stand Adjustable,5.00,60.70,15,257.97,16.21,74.84,Bank Transfer,29.01%,6.28%
ORD-10669,24/11/2024,Ava Fischer,Consumer,Mexico,North America,Office Supplies,Desk Calendar 2025,2.00,14.78,0,29.56,6.96,9.30,PayPal,31.46%,23.55%
ORD-11335,24/11/2024,Ivan Martin,Consumer,Italy,Europe,Office Supplies,Sticky Notes Multicolor 6-Pack,1.00,13.30,0,13.30,7.89,-0.57,Cash on Delivery,-4.29%,59.32%
ORD-10533,25/11/2024,Jennifer Romano,Consumer,Canada,North America,Clothing & Accessories,Leather Belt Classic,4.00,18.59,5,70.64,9.08,24.38,Credit Card,34.51%,12.85%
ORD-10567,25/11/2024,Jessica Müller,Consumer,Australia,Asia Pacific,Clothing & Accessories,Travel Backpack 30L,7.00,75.25,10,474.07,19.97,190.72,PayPal,40.23%,4.21%
ORD-10093,26/11/2024,Raj Johnson,Consumer,India,Asia Pacific,Furniture,Bookshelf 5-Tier,3.00,181.78,5,518.07,11.35,179.52,PayPal,34.65%,2.19%
ORD-11257,26/11/2024,Olivia Zhang,Home Office,Mexico,North America,Office Supplies,Binder Clips Assorted 48pc,5.00,15.61,5,74.15,14.63,24.40,PayPal,32.91%,19.73%
ORD-11445,26/11/2024,Ava Rodriguez,Corporate,France,Europe,Office Supplies,Premium Notebook Set A5,2.00,11.05,5,21.00,8.64,2.41,PayPal,11.48%,41.14%
ORD-10239,28/11/2024,James Ali,Home Office,United States,North America,Office Supplies,Whiteboard Markers Set 8,1.00,6.95,10,6.25,5.78,-2.66,Credit Card,-42.56%,92.48%
ORD-11043,28/11/2024,Liam Patel,Home Office,Argentina,South America,Office Supplies,Whiteboard Markers Set 8,7.00,17.17,20,96.15,24.44,17.62,PayPal,18.33%,25.42%
ORD-11113,28/11/2024,Oscar Anderson,Corporate,United Kingdom,Europe,Clothing & Accessories,Cotton Formal Shirt,2.00,50.22,10,90.40,9.49,30.69,Credit Card,33.95%,10.50%
ORD-10046,29/11/2024,Ethan Moreau,Consumer,Spain,Europe,Technology,Smart LED Desk Lamp,1.00,66.12,20,52.90,8.77,7.76,Bank Transfer,14.67%,16.58%
ORD-10543,30/11/2024,Maria Suzuki,Corporate,Mexico,North America,Clothing & Accessories,Silk Tie Collection,4.00,36.61,25,109.83,11.22,25.39,PayPal,23.12%,10.22%
ORD-10602,30/11/2024,Sakura Thomas,Corporate,United States,North America,Technology,Wireless Ergonomic Mouse,12.00,54.74,10,591.19,18.95,210.96,PayPal,35.68%,3.21%
ORD-10969,30/11/2024,Jessica Moreau,Corporate,United Kingdom,Europe,Clothing & Accessories,Business Casual Blazer,7.00,81.97,0,573.79,17.03,269.87,PayPal,47.03%,2.97%
ORD-11869,30/11/2024,Linda Smith,Consumer,Mexico,North America,Furniture,Mesh Back Task Chair,6.00,120.71,5,688.05,16.62,236.87,Credit Card,34.43%,2.42%
ORD-10491,01/12/2024,Sarah Santos,Consumer,Colombia,South America,Technology,Portable External SSD 1TB,6.00,62.59,0,375.54,23.28,145.71,Credit Card,38.80%,6.20%
ORD-11211,02/12/2024,James Johansson,Corporate,Germany,Europe,Technology,Wireless Ergonomic Mouse,8.00,63.14,15,429.35,19.46,132.07,PayPal,30.76%,4.53%
ORD-10436,03/12/2024,Pierre Weber,Consumer,United Kingdom,Europe,Clothing & Accessories,Leather Belt Classic,6.00,38.82,15,197.98,19.03,62.49,PayPal,31.56%,9.61%
ORD-10701,03/12/2024,Yuki Thomas,Corporate,Brazil,South America,Furniture,Corner L-Shaped Desk,1.00,446.58,15,379.59,10.59,101.05,Credit Card,26.62%,2.79%
ORD-11338,03/12/2024,Nadia Harris,Home Office,Mexico,North America,Clothing & Accessories,Silk Tie Collection,3.00,24.35,15,62.09,8.10,17.46,Cash on Delivery,28.12%,13.05%
ORD-11778,05/12/2024,Clara Garcia,Consumer,Japan,Asia Pacific,Office Supplies,Stapler Full-Size,6.00,7.36,10,39.74,18.57,1.30,Bank Transfer,3.27%,46.73%
ORD-11973,05/12/2024,Lucas Sato,Corporate,Canada,North America,Furniture,Standing Desk Converter,3.00,250.01,10,675.03,7.92,217.09,PayPal,32.16%,1.17%
ORD-11980,06/12/2024,Ingrid Yamamoto,Corporate,Japan,Asia Pacific,Office Supplies,Desk Calendar 2025,1.00,16.46,25,12.35,11.48,-6.54,PayPal,-52.96%,92.96%
ORD-10073,08/12/2024,Xiao Robinson,Corporate,Canada,North America,Clothing & Accessories,Canvas Messenger Bag,2.00,66.53,5,126.41,9.38,50.50,Credit Card,39.95%,7.42%
ORD-10134,08/12/2024,Wei Ali,Corporate,France,Europe,Clothing & Accessories,Leather Belt Classic,3.00,45.43,0,136.29,9.95,58.19,Credit Card,42.70%,7.30%
ORD-11792,08/12/2024,Jamal Wang,Consumer,United States,North America,Office Supplies,Stapler Full-Size,2.00,11.64,0,23.28,8.51,4.29,Credit Card,18.43%,36.55%
ORD-10160,09/12/2024,Ivan Moreau,Consumer,Canada,North America,Technology,Mechanical Gaming Keyboard,4.00,171.86,0,687.44,13.48,295.87,PayPal,43.04%,1.96%
ORD-10178,09/12/2024,Sarah Johansson,Home Office,South Korea,Asia Pacific,Technology,Smart LED Desk Lamp,1.00,36.61,10,32.95,10.73,2.08,PayPal,6.31%,32.56%
ORD-10690,09/12/2024,Maria Yamamoto,Consumer,Canada,North America,Clothing & Accessories,Polarized Sunglasses,3.00,25.68,0,77.04,10.44,28.08,Credit Card,36.45%,13.55%
ORD-10812,09/12/2024,Linda Harris,Consumer,UAE,Middle East & Africa,Clothing & Accessories,Polarized Sunglasses,4.00,55.09,0,220.36,17.41,92.77,Cash on Delivery,42.10%,7.90%
ORD-11514,10/12/2024,Ivan Park,Consumer,China,Asia Pacific,Office Supplies,Whiteboard Markers Set 8,1.00,14.87,10,13.38,10.11,-3.42,PayPal,-25.56%,75.56%
ORD-11709,10/12/2024,Elizabeth Leroy,Corporate,France,Europe,Furniture,Standing Desk Converter,6.00,282.23,5,1608.71,20.02,572.66,Credit Card,35.60%,1.24%
ORD-10624,11/12/2024,Jennifer Zhang,Consumer,Australia,Asia Pacific,Office Supplies,Paper Clips Box 500pc,6.00,5.74,15,29.27,16.98,-3.21,Credit Card,-10.97%,58.01%
ORD-10742,11/12/2024,Nadia Santos,Consumer,South Korea,Asia Pacific,Office Supplies,Desk Calendar 2025,12.00,10.53,20,101.09,32.83,11.40,Bank Transfer,11.28%,32.48%
ORD-11067,11/12/2024,Mia Li,Corporate,Mexico,North America,Furniture,Folding Table Portable,3.00,76.16,5,217.06,8.25,71.72,Bank Transfer,33.04%,3.80%
ORD-10494,13/12/2024,Ethan Johnson,Consumer,South Africa,Middle East & Africa,Furniture,Floating Wall Shelves Set,4.00,84.66,5,321.71,13.55,104.98,Bank Transfer,32.63%,4.21%
ORD-11384,13/12/2024,Ahmed Ali,Consumer,Mexico,North America,Clothing & Accessories,Cotton Formal Shirt,12.00,44.66,5,509.12,14.12,227.04,Credit Card,44.59%,2.77%
ORD-10645,14/12/2024,Ahmed Thomas,Corporate,Colombia,South America,Furniture,Corner L-Shaped Desk,2.00,329.54,0,659.08,12.54,251.09,PayPal,38.10%,1.90%
ORD-10666,14/12/2024,Ahmed Johnson,Corporate,Italy,Europe,Office Supplies,Binder Clips Assorted 48pc,5.00,5.79,5,27.50,18.73,-4.26,Bank Transfer,-15.49%,68.11%
ORD-10759,14/12/2024,Thomas Thompson,Consumer,United States,North America,Office Supplies,Paper Clips Box 500pc,6.00,6.27,5,35.74,19.36,-0.55,Cash on Delivery,-1.54%,54.17%
ORD-11276,14/12/2024,Barbara Johnson,Corporate,China,Asia Pacific,Office Supplies,Ballpoint Pen Pack 12,3.00,8.94,15,22.80,14.91,-4.18,Credit Card,-18.33%,65.39%
ORD-11950,14/12/2024,Isabella White,Corporate,India,Asia Pacific,Technology,Laptop Stand Adjustable,5.00,39.27,30,137.44,19.48,9.97,Bank Transfer,7.25%,14.17%
ORD-10994,15/12/2024,Jessica Nilsson,Home Office,Brazil,South America,Office Supplies,Stapler Full-Size,7.00,13.74,5,91.37,21.95,26.14,Cash on Delivery,28.61%,24.02%
ORD-11908,15/12/2024,Zara Weber,Consumer,Japan,Asia Pacific,Office Supplies,Highlighters Neon Pack 6,4.00,12.49,5,47.46,14.76,10.22,Bank Transfer,21.53%,31.10%
ORD-10741,16/12/2024,Ivan Ali,Home Office,United States,North America,Clothing & Accessories,Leather Wallet Minimalist,4.00,38.77,0,155.08,12.57,64.97,Credit Card,41.89%,8.11%
ORD-11476,16/12/2024,Ava Rossi,Consumer,Italy,Europe,Furniture,Bookshelf 5-Tier,1.00,173.33,10,156.00,8.65,43.35,Cash on Delivery,27.79%,5.54%
ORD-10260,17/12/2024,Ayumi Taylor,Home Office,Spain,Europe,Furniture,Monitor Riser Wood,4.00,66.19,5,251.52,12.09,80.57,Credit Card,32.03%,4.81%
ORD-10967,18/12/2024,Ahmed Sharma,Consumer,China,Asia Pacific,Technology,Portable External SSD 1TB,2.00,72.64,10,130.75,12.34,38.51,PayPal,29.45%,9.44%
ORD-11242,18/12/2024,Clara Müller,Consumer,Mexico,North America,Furniture,Mesh Back Task Chair,10.00,253.85,0,2538.50,22.56,992.84,Cash on Delivery,39.11%,0.89%
ORD-10029,20/12/2024,Clara Ali,Consumer,Canada,North America,Office Supplies,Binder Clips Assorted 48pc,6.00,12.47,5,71.08,8.33,29.08,Cash on Delivery,40.91%,11.72%
ORD-10815,21/12/2024,Sarah Davis,Consumer,South Africa,Middle East & Africa,Technology,Smart LED Desk Lamp,1.00,70.90,0,70.90,11.52,20.39,PayPal,28.76%,16.25%
ORD-11948,21/12/2024,Ingrid Santos,Consumer,France,Europe,Office Supplies,Ballpoint Pen Pack 12,1.00,6.45,5,6.13,7.56,-4.33,Cash on Delivery,-70.64%,123.33%
ORD-10588,23/12/2024,Patricia Costa,Home Office,United Kingdom,Europe,Clothing & Accessories,Polarized Sunglasses,2.00,69.30,0,138.60,11.07,58.23,PayPal,42.01%,7.99%
ORD-10761,23/12/2024,Liam Russo,Consumer,Germany,Europe,Furniture,Standing Desk Converter,7.00,212.35,20,1189.16,14.04,283.25,PayPal,23.82%,1.18%
ORD-11477,23/12/2024,Karen Romano,Consumer,Canada,North America,Furniture,Folding Table Portable,2.00,76.20,5,144.78,8.88,44.46,Credit Card,30.71%,6.13%
ORD-11880,24/12/2024,Richard Park,Consumer,Nigeria,Middle East & Africa,Technology,Smart LED Desk Lamp,1.00,44.65,5,42.42,13.09,4.77,Credit Card,11.24%,30.86%
ORD-11764,25/12/2024,Mary Clark,Consumer,United States,North America,Office Supplies,Binder Clips Assorted 48pc,3.00,13.27,25,29.86,12.34,-0.39,Credit Card,-1.31%,41.33%
ORD-11426,26/12/2024,Jamal Chen,Corporate,Saudi Arabia,Middle East & Africa,Technology,Mechanical Gaming Keyboard,1.00,105.02,10,94.52,11.57,25.19,Credit Card,26.65%,12.24%
ORD-11195,27/12/2024,Nadia Robinson,Home Office,China,Asia Pacific,Clothing & Accessories,Wool Blend Scarf,7.00,49.09,0,343.63,18.15,153.66,Credit Card,44.72%,5.28%
ORD-11309,27/12/2024,Giulia Johansson,Consumer,Japan,Asia Pacific,Furniture,Corner L-Shaped Desk,4.00,416.86,0,1667.44,13.27,653.71,Cash on Delivery,39.20%,0.80%
ORD-10654,30/12/2024,Pierre Ahmed,Corporate,United Kingdom,Europe,Clothing & Accessories,Cotton Formal Shirt,7.00,20.15,10,126.94,22.20,34.22,Cash on Delivery,26.96%,17.49%
ORD-11517,30/12/2024,Zara Davis,Home Office,UAE,Middle East & Africa,Office Supplies,Stapler Full-Size,2.00,12.97,15,22.05,14.41,-4.03,Credit Card,-18.28%,65.35%
ORD-10241,31/12/2024,Liam Taylor,Corporate,South Korea,Asia Pacific,Technology,Tablet Stand Holder,2.00,47.58,15,80.89,11.18,17.37,Credit Card,21.47%,13.82%
ORD-10808,31/12/2024,Yuki Costa,Consumer,South Africa,Middle East & Africa,Office Supplies,Tape Dispenser Heavy Duty,5.00,22.51,5,106.92,19.75,36.52,Cash on Delivery,34.16%,18.47%
ORD-10899,01/01/2025,Ayumi Khan,Consumer,United States,North America,Furniture,Mesh Back Task Chair,1.00,142.21,0,142.21,6.95,49.93,PayPal,35.11%,4.89%
ORD-11129,01/01/2025,Jamal Taylor,Consumer,Canada,North America,Technology,USB-C Hub Multiport Adapter,2.00,60.18,0,120.36,8.33,45.83,Cash on Delivery,38.08%,6.92%
ORD-10026,02/01/2025,Layla Ahmed,Home Office,Japan,Asia Pacific,Technology,Laptop Stand Adjustable,3.00,44.45,15,113.35,16.34,23.67,Bank Transfer,20.88%,14.42%
ORD-11083,02/01/2025,Ivan Jones,Consumer,Mexico,North America,Furniture,Filing Cabinet 3-Drawer,7.00,234.12,0,1638.84,10.77,644.77,PayPal,39.34%,0.66%
ORD-10948,03/01/2025,Jessica Anderson,Corporate,Canada,North America,Furniture,Filing Cabinet 3-Drawer,1.00,115.76,10,104.18,6.46,28.26,PayPal,27.13%,6.20%
ORD-11036,03/01/2025,David Rossi,Consumer,Nigeria,Middle East & Africa,Furniture,Corner L-Shaped Desk,3.00,219.08,5,624.38,16.97,213.07,Credit Card,34.13%,2.72%
ORD-11331,03/01/2025,Thomas Thomas,Home Office,Mexico,North America,Office Supplies,Premium Notebook Set A5,2.00,23.83,0,47.66,8.87,17.34,Bank Transfer,36.38%,18.61%
ORD-10975,04/01/2025,Oscar Nilsson,Consumer,France,Europe,Furniture,Filing Cabinet 3-Drawer,5.00,127.03,5,603.39,16.49,205.81,PayPal,34.11%,2.73%
ORD-10074,05/01/2025,Nadia Oliveira,Consumer,Mexico,North America,Clothing & Accessories,Canvas Messenger Bag,6.00,26.43,5,150.65,8.10,63.26,Cash on Delivery,41.99%,5.38%
ORD-11866,05/01/2025,Oscar Schmidt,Corporate,Japan,Asia Pacific,Office Supplies,Binder Clips Assorted 48pc,1.00,9.21,20,7.37,11.17,-7.94,Credit Card,-107.73%,151.56%
ORD-10807,06/01/2025,Richard Jackson,Consumer,United States,North America,Office Supplies,Ballpoint Pen Pack 12,4.00,9.43,20,30.18,12.83,0.38,PayPal,1.26%,42.51%
ORD-11852,06/01/2025,James Johansson,Home Office,Mexico,North America,Office Supplies,Premium Notebook Set A5,3.00,18.18,0,54.54,7.27,22.73,PayPal,41.68%,13.33%
ORD-10259,08/01/2025,Sakura Costa,Consumer,United States,North America,Technology,Wireless Ergonomic Mouse,4.00,45.26,0,181.04,7.24,74.23,Credit Card,41.00%,4.00%
ORD-10973,08/01/2025,Richard Rossi,Consumer,Brazil,South America,Office Supplies,Stapler Full-Size,2.00,12.48,10,22.46,12.39,-1.16,Bank Transfer,-5.16%,55.16%
ORD-10497,09/01/2025,Liam Davis,Consumer,Italy,Europe,Office Supplies,Premium Notebook Set A5,3.00,9.40,5,26.79,11.24,2.86,Bank Transfer,10.68%,41.96%
ORD-11804,09/01/2025,Jamal Kim,Consumer,Canada,North America,Office Supplies,Ballpoint Pen Pack 12,3.00,9.86,10,26.62,7.69,5.62,Credit Card,21.11%,28.89%
ORD-11381,10/01/2025,Sophie Ahmed,Corporate,United Kingdom,Europe,Technology,Smart LED Desk Lamp,3.00,73.19,10,197.61,12.36,64.49,Credit Card,32.63%,6.25%
ORD-10668,11/01/2025,Christopher Jackson,Consumer,Japan,Asia Pacific,Office Supplies,Desk Calendar 2025,12.00,11.27,10,121.72,19.04,41.82,Credit Card,34.36%,15.64%
ORD-10970,12/01/2025,Diego Kim,Consumer,United Kingdom,Europe,Clothing & Accessories,Leather Wallet Minimalist,10.00,56.84,5,539.98,24.76,231.02,Cash on Delivery,42.78%,4.59%
ORD-11364,12/01/2025,Barbara Khan,Consumer,United States,North America,Clothing & Accessories,Leather Wallet Minimalist,3.00,17.66,0,52.98,6.70,19.79,Credit Card,37.35%,12.65%
ORD-10699,14/01/2025,Priya Ferrari,Consumer,Canada,North America,Technology,Wireless Bluetooth Headphones,5.00,185.01,0,925.05,11.11,405.16,Bank Transfer,43.80%,1.20%
ORD-11901,16/01/2025,Emma Müller,Corporate,Germany,Europe,Clothing & Accessories,Travel Backpack 30L,5.00,82.49,10,371.20,12.32,152.66,Credit Card,41.13%,3.32%
ORD-11236,17/01/2025,Clara Laurent,Corporate,United States,North America,Furniture,Bookshelf 5-Tier,6.00,71.81,5,409.32,15.55,135.25,Credit Card,33.04%,3.80%
ORD-10215,18/01/2025,Liam Rodriguez,Consumer,Nigeria,Middle East & Africa,Technology,Wireless Ergonomic Mouse,5.00,67.72,0,338.60,14.18,138.19,Credit Card,40.81%,4.19%
ORD-10702,19/01/2025,Marco Kim,Home Office,Argentina,South America,Office Supplies,Binder Clips Assorted 48pc,2.00,5.74,20,9.18,13.02,-9.01,Credit Card,-98.15%,141.83%
ORD-11730,19/01/2025,Robert Rodriguez,Consumer,Japan,Asia Pacific,Technology,Webcam HD 1080p,4.00,87.29,0,349.16,12.84,144.28,Bank Transfer,41.32%,3.68%
ORD-11359,20/01/2025,Michael Nilsson,Corporate,Argentina,South America,Technology,Noise Cancelling Earbuds,2.00,95.46,10,171.83,14.34,52.48,Credit Card,30.54%,8.35%
ORD-11600,20/01/2025,Ali Leroy,Consumer,South Korea,Asia Pacific,Furniture,Floating Wall Shelves Set,1.00,32.20,0,32.20,11.24,1.64,Credit Card,5.09%,34.91%
ORD-11282,21/01/2025,Amir Rodriguez,Consumer,Saudi Arabia,Middle East & Africa,Furniture,Mesh Back Task Chair,1.00,266.33,10,239.70,12.81,67.09,Bank Transfer,27.99%,5.34%
ORD-11421,22/01/2025,Karen Santos,Consumer,United Kingdom,Europe,Furniture,Ergonomic Office Chair,8.00,162.73,5,1236.75,21.92,433.73,Bank Transfer,35.07%,1.77%
ORD-10655,24/01/2025,Patricia Ferrari,Consumer,Germany,Europe,Office Supplies,Highlighters Neon Pack 6,4.00,9.15,0,36.60,14.10,6.03,Cash on Delivery,16.48%,38.52%
ORD-11194,24/01/2025,Robert Harris,Home Office,China,Asia Pacific,Clothing & Accessories,Polarized Sunglasses,2.00,31.26,15,53.14,10.33,11.55,Cash on Delivery,21.74%,19.44%
ORD-11403,24/01/2025,Hanna Weber,Consumer,Canada,North America,Furniture,Mesh Back Task Chair,5.00,186.71,15,793.52,11.33,222.06,Bank Transfer,27.98%,1.43%
ORD-11606,24/01/2025,Mary Khan,Home Office,United States,North America,Furniture,Desk Organizer Set,4.00,49.36,20,157.95,12.59,26.90,PayPal,17.03%,7.97%
ORD-10601,25/01/2025,Christopher Martinez,Consumer,India,Asia Pacific,Furniture,Bookshelf 5-Tier,3.00,68.02,15,173.45,15.65,35.36,PayPal,20.39%,9.02%
ORD-10022,26/01/2025,Giulia Rodriguez,Home Office,Saudi Arabia,Middle East & Africa,Furniture,Floating Wall Shelves Set,4.00,79.25,20,253.60,18.23,45.17,Credit Card,17.81%,7.19%
ORD-10249,26/01/2025,Barbara Sharma,Corporate,Canada,North America,Technology,Wireless Ergonomic Mouse,1.00,43.25,5,41.09,5.62,11.68,Bank Transfer,28.43%,13.68%
ORD-11042,26/01/2025,Thomas Laurent,Consumer,China,Asia Pacific,Furniture,Ergonomic Office Chair,2.00,306.48,0,612.96,11.30,233.88,Credit Card,38.16%,1.84%
ORD-11893,26/01/2025,Michael Davis,Home Office,Mexico,North America,Technology,Tablet Stand Holder,2.00,52.22,15,88.77,9.88,21.45,Cash on Delivery,24.16%,11.13%
ORD-11930,26/01/2025,Isabella Tanaka,Consumer,Germany,Europe,Furniture,Desk Organizer Set,1.00,16.32,10,14.69,9.37,-4.47,Credit Card,-30.43%,63.78%
ORD-11957,26/01/2025,Barbara Singh,Consumer,United States,North America,Technology,Portable External SSD 1TB,6.00,92.96,0,557.76,10.11,240.88,Bank Transfer,43.19%,1.81%
ORD-11351,29/01/2025,Raj Garcia,Consumer,Argentina,South America,Technology,Laptop Stand Adjustable,7.00,63.72,20,356.83,27.31,84.20,Credit Card,23.60%,7.65%
ORD-11115,30/01/2025,Kenji Martin,Consumer,Italy,Europe,Furniture,Mesh Back Task Chair,1.00,291.52,0,291.52,8.78,107.83,Credit Card,36.99%,3.01%
ORD-11122,01/02/2025,Isabella Davis,Consumer,France,Europe,Clothing & Accessories,Canvas Messenger Bag,3.00,62.51,20,150.02,12.95,43.31,PayPal,28.87%,8.63%
ORD-11138,02/02/2025,Mary Patel,Consumer,Spain,Europe,Technology,Noise Cancelling Earbuds,1.00,72.27,10,65.04,9.22,16.07,Bank Transfer,24.71%,14.18%
ORD-10308,03/02/2025,Christopher Clark,Corporate,Colombia,South America,Technology,Noise Cancelling Earbuds,1.00,62.62,10,56.36,11.29,10.63,PayPal,18.86%,20.03%
ORD-10644,03/02/2025,Mia Weber,Consumer,Italy,Europe,Furniture,Folding Table Portable,7.00,46.41,25,243.65,12.24,36.49,Cash on Delivery,14.98%,5.02%
ORD-10805,05/02/2025,Marco Davis,Consumer,Australia,Asia Pacific,Clothing & Accessories,Leather Belt Classic,4.00,27.85,5,105.83,18.91,31.22,PayPal,29.50%,17.87%
ORD-10993,05/02/2025,Maria Moreau,Consumer,Germany,Europe,Clothing & Accessories,Leather Belt Classic,6.00,35.29,5,201.15,17.46,77.82,Cash on Delivery,38.69%,8.68%
ORD-11056,05/02/2025,James Patel,Corporate,Mexico,North America,Technology,Mechanical Gaming Keyboard,2.00,148.04,5,281.28,9.59,108.85,Credit Card,38.70%,3.41%
ORD-11509,05/02/2025,Priya Singh,Consumer,Italy,Europe,Clothing & Accessories,Polarized Sunglasses,5.00,26.79,0,133.95,18.60,48.37,PayPal,36.11%,13.89%
ORD-11689,07/02/2025,Ayumi Smith,Consumer,China,Asia Pacific,Clothing & Accessories,Canvas Messenger Bag,2.00,27.73,10,49.91,11.70,10.48,PayPal,21.00%,23.44%
ORD-11732,07/02/2025,Emma Clark,Consumer,Mexico,North America,Office Supplies,Whiteboard Markers Set 8,4.00,9.42,5,35.80,14.51,4.33,Cash on Delivery,12.09%,40.53%
ORD-10604,08/02/2025,Li Harris,Consumer,India,Asia Pacific,Technology,Wireless Bluetooth Headphones,1.00,119.38,0,119.38,9.73,43.99,Credit Card,36.85%,8.15%
ORD-11436,08/02/2025,Noah Suzuki,Consumer,Japan,Asia Pacific,Technology,Webcam HD 1080p,3.00,57.05,15,145.48,10.86,40.49,Bank Transfer,27.83%,7.46%
ORD-10802,10/02/2025,Omar Yamamoto,Consumer,Nigeria,Middle East & Africa,Office Supplies,Desk Calendar 2025,8.00,14.06,15,95.61,23.41,21.58,Credit Card,22.57%,24.48%
ORD-11496,10/02/2025,Robert Wang,Home Office,Canada,North America,Clothing & Accessories,Polarized Sunglasses,5.00,51.10,10,229.95,11.04,91.16,Bank Transfer,39.64%,4.80%
ORD-10611,11/02/2025,Ayumi Pereira,Consumer,Canada,North America,Clothing & Accessories,Wool Blend Scarf,1.00,26.45,15,22.48,6.09,3.17,PayPal,14.10%,27.09%
ORD-11694,11/02/2025,Chen Rossi,Corporate,Canada,North America,Office Supplies,Stapler Full-Size,1.00,15.54,25,11.65,6.71,-2.05,Cash on Delivery,-17.60%,57.60%
ORD-10506,12/02/2025,Ahmed Dubois,Consumer,Mexico,North America,Furniture,Monitor Riser Wood,1.00,42.63,0,42.63,7.17,9.88,Credit Card,23.18%,16.82%
ORD-10509,12/02/2025,Robert Chen,Consumer,Canada,North America,Furniture,Standing Desk Converter,1.00,302.08,10,271.87,6.17,84.45,PayPal,31.06%,2.27%
ORD-11744,14/02/2025,Kenji Smith,Consumer,Germany,Europe,Furniture,Desk Organizer Set,3.00,22.63,5,64.50,12.28,11.49,Credit Card,17.81%,19.04%
ORD-11876,14/02/2025,Jessica Moreau,Consumer,United States,North America,Furniture,Monitor Riser Wood,2.00,60.59,0,121.18,7.99,40.48,Credit Card,33.40%,6.59%
ORD-10814,15/02/2025,Patricia Park,Corporate,Mexico,North America,Office Supplies,Tape Dispenser Heavy Duty,2.00,16.20,10,29.16,6.50,8.08,Bank Transfer,27.71%,22.29%
ORD-11350,15/02/2025,James Ahmed,Home Office,Canada,North America,Technology,Wireless Bluetooth Headphones,1.00,230.10,5,218.59,7.29,84.74,Credit Card,38.77%,3.34%
ORD-11408,17/02/2025,Oscar Martinez,Corporate,Japan,Asia Pacific,Technology,Webcam HD 1080p,7.00,78.30,15,465.88,25.97,138.45,Credit Card,29.72%,5.57%
ORD-11839,18/02/2025,Li Suzuki,Consumer,Italy,Europe,Furniture,Folding Table Portable,3.00,46.46,20,111.50,8.73,19.14,PayPal,17.17%,7.83%
ORD-10079,19/02/2025,Jessica Schmidt,Consumer,India,Asia Pacific,Clothing & Accessories,Cotton Formal Shirt,3.00,53.74,10,145.10,16.16,48.33,Credit Card,33.31%,11.14%
ORD-11001,20/02/2025,Isabella Jackson,Corporate,Japan,Asia Pacific,Office Supplies,Paper Clips Box 500pc,1.00,3.03,20,2.42,11.16,-10.10,Cash on Delivery,-417.36%,461.16%
ORD-11801,20/02/2025,Thomas Tanaka,Consumer,India,Asia Pacific,Office Supplies,Whiteboard Markers Set 8,1.00,15.32,0,15.32,10.87,-2.44,Credit Card,-15.93%,70.95%
ORD-11897,20/02/2025,Mary Miller,Home Office,France,Europe,Technology,Wireless Ergonomic Mouse,1.00,47.45,20,37.96,8.72,3.14,Credit Card,8.27%,22.97%
ORD-11919,20/02/2025,Sakura Harris,Consumer,Germany,Europe,Office Supplies,Sticky Notes Multicolor 6-Pack,1.00,12.93,0,12.93,8.94,-1.83,PayPal,-14.15%,69.14%
ORD-10730,21/02/2025,Richard Dubois,Home Office,Mexico,North America,Clothing & Accessories,Business Casual Blazer,1.00,71.91,5,68.31,7.27,25.09,Credit Card,36.73%,10.64%
ORD-11412,21/02/2025,Raj Yamamoto,Consumer,South Korea,Asia Pacific,Technology,Mechanical Gaming Keyboard,1.00,167.77,0,167.77,10.07,65.43,Credit Card,39.00%,6.00%
ORD-10873,22/02/2025,Ethan Li,Consumer,China,Asia Pacific,Clothing & Accessories,Business Casual Blazer,2.00,61.54,0,123.08,12.34,49.20,Credit Card,39.97%,10.03%
ORD-11472,22/02/2025,Amir Taylor,Consumer,France,Europe,Technology,Mechanical Gaming Keyboard,1.00,146.20,5,138.89,7.89,50.59,Cash on Delivery,36.42%,5.68%
ORD-11818,24/02/2025,Clara Costa,Corporate,Germany,Europe,Furniture,Desk Organizer Set,1.00,40.32,10,36.29,9.29,2.81,Cash on Delivery,7.74%,25.60%
ORD-10035,25/02/2025,Elizabeth Schmidt,Consumer,China,Asia Pacific,Technology,Wireless Bluetooth Headphones,6.00,228.00,15,1162.80,21.34,389.06,Credit Card,33.46%,1.84%
ORD-11120,25/02/2025,Raj Martinez,Consumer,Brazil,South America,Technology,Wireless Bluetooth Headphones,9.00,107.10,0,963.90,24.75,409.00,PayPal,42.43%,2.57%
ORD-10647,26/02/2025,Ahmed Smith,Consumer,Mexico,North America,Office Supplies,Ballpoint Pen Pack 12,1.00,11.74,5,11.15,7.16,-1.29,Credit Card,-11.57%,64.22%
ORD-11796,26/02/2025,Karen Suzuki,Home Office,Japan,Asia Pacific,Technology,Noise Cancelling Earbuds,2.00,182.51,5,346.77,10.49,135.52,Bank Transfer,39.08%,3.03%
ORD-10657,27/02/2025,Jamal Singh,Home Office,Colombia,South America,Technology,USB-C Hub Multiport Adapter,7.00,59.14,15,351.88,23.53,100.66,Credit Card,28.61%,6.69%
ORD-11443,28/02/2025,Ayumi Clark,Home Office,United States,North America,Furniture,Ergonomic Office Chair,2.00,239.93,0,479.86,6.98,184.96,Credit Card,38.54%,1.45%
ORD-10481,01/03/2025,Lucas Yamamoto,Consumer,South Africa,Middle East & Africa,Technology,Webcam HD 1080p,2.00,48.49,10,87.28,12.86,21.08,Cash on Delivery,24.15%,14.73%
ORD-11017,01/03/2025,Olga Taylor,Home Office,United States,North America,Technology,Tablet Stand Holder,4.00,45.77,10,164.77,13.41,50.67,Credit Card,30.75%,8.14%
ORD-11755,03/03/2025,Emma Dubois,Consumer,France,Europe,Office Supplies,Sticky Notes Multicolor 6-Pack,6.00,14.68,15,74.87,15.34,19.89,Credit Card,26.57%,20.49%
ORD-10317,05/03/2025,Ingrid Williams,Corporate,France,Europe,Furniture,Ergonomic Office Chair,4.00,163.97,0,655.88,16.75,245.60,PayPal,37.45%,2.55%
ORD-11275,05/03/2025,Jennifer Thomas,Consumer,Brazil,South America,Clothing & Accessories,Travel Backpack 30L,3.00,55.66,5,158.63,16.73,58.41,Cash on Delivery,36.82%,10.55%
ORD-11471,05/03/2025,Joseph Weber,Consumer,Canada,North America,Technology,Noise Cancelling Earbuds,1.00,112.70,5,107.06,6.08,38.99,Credit Card,36.42%,5.68%
ORD-11595,05/03/2025,Hanna Williams,Corporate,Mexico,North America,Technology,Webcam HD 1080p,4.00,71.02,15,241.47,7.41,77.82,PayPal,32.23%,3.07%
ORD-11821,06/03/2025,Olivia Zhang,Consumer,Mexico,North America,Office Supplies,Paper Clips Box 500pc,3.00,3.72,0,11.16,9.25,-3.11,PayPal,-27.87%,82.89%
ORD-10905,07/03/2025,Chen Romano,Consumer,South Korea,Asia Pacific,Office Supplies,Whiteboard Markers Set 8,2.00,11.45,5,21.75,11.85,-0.40,Bank Transfer,-1.84%,54.48%
ORD-11427,07/03/2025,Michael Leroy,Home Office,United States,North America,Office Supplies,Ballpoint Pen Pack 12,6.00,14.94,15,76.19,10.40,25.45,Credit Card,33.40%,13.65%
ORD-11511,07/03/2025,Kenji Johansson,Consumer,Italy,Europe,Technology,Webcam HD 1080p,1.00,52.34,5,49.72,7.84,13.09,Bank Transfer,26.33%,15.77%
ORD-11727,08/03/2025,Robert Patel,Corporate,South Korea,Asia Pacific,Furniture,Filing Cabinet 3-Drawer,6.00,128.18,5,730.63,15.96,253.22,Cash on Delivery,34.66%,2.18%
ORD-10519,09/03/2025,Jessica Park,Home Office,Spain,Europe,Office Supplies,Binder Clips Assorted 48pc,1.00,7.40,0,7.40,8.05,-3.98,PayPal,-53.78%,108.78%
ORD-11845,09/03/2025,Maria Müller,Corporate,United States,North America,Office Supplies,Whiteboard Markers Set 8,1.00,12.48,10,11.23,5.52,0.09,Credit Card,0.80%,49.15%
ORD-11166,10/03/2025,Hans Müller,Consumer,Nigeria,Middle East & Africa,Furniture,Corner L-Shaped Desk,1.00,418.59,0,418.59,12.47,154.97,Credit Card,37.02%,2.98%
ORD-10619,11/03/2025,John Rodriguez,Consumer,Argentina,South America,Technology,Smart LED Desk Lamp,2.00,28.19,5,53.56,12.32,10.23,Cash on Delivery,19.10%,23.00%
ORD-11249,12/03/2025,Susan White,Home Office,Brazil,South America,Technology,Wireless Ergonomic Mouse,9.00,45.95,20,330.84,24.56,78.83,Credit Card,23.83%,7.42%
ORD-11308,14/03/2025,Ivan Leroy,Home Office,Mexico,North America,Clothing & Accessories,Leather Wallet Minimalist,1.00,48.23,0,48.23,6.21,17.90,Bank Transfer,37.11%,12.88%
ORD-10159,15/03/2025,Sarah Sharma,Home Office,Mexico,North America,Office Supplies,Sticky Notes Multicolor 6-Pack,5.00,13.18,20,52.72,12.13,10.93,Bank Transfer,20.73%,23.01%
ORD-10247,15/03/2025,Giulia Singh,Consumer,United States,North America,Clothing & Accessories,Leather Belt Classic,1.00,17.18,0,17.18,7.15,1.44,PayPal,8.38%,41.62%
ORD-10444,15/03/2025,Giulia Taylor,Consumer,Germany,Europe,Furniture,Bookshelf 5-Tier,2.00,135.69,10,244.24,8.42,72.99,PayPal,29.88%,3.45%
ORD-10136,16/03/2025,Xiao Weber,Home Office,United Kingdom,Europe,Clothing & Accessories,Silk Tie Collection,1.00,34.17,5,32.46,8.70,6.68,Bank Transfer,20.58%,26.80%
ORD-10387,16/03/2025,Jennifer Harris,Home Office,Italy,Europe,Technology,Webcam HD 1080p,2.00,51.32,20,82.11,11.91,13.75,Credit Card,16.75%,14.50%
ORD-10751,16/03/2025,Pierre Leroy,Home Office,Mexico,North America,Clothing & Accessories,Travel Backpack 30L,9.00,64.33,5,550.02,22.61,237.92,PayPal,43.26%,4.11%
ORD-11820,17/03/2025,Mia Anderson,Consumer,France,Europe,Furniture,Filing Cabinet 3-Drawer,3.00,137.47,10,371.17,12.70,111.02,PayPal,29.91%,3.42%
ORD-10538,18/03/2025,Richard Ali,Consumer,Japan,Asia Pacific,Clothing & Accessories,Cotton Formal Shirt,1.00,61.85,0,61.85,11.16,19.77,PayPal,31.96%,18.04%
ORD-11584,18/03/2025,Richard Zhang,Corporate,Saudi Arabia,Middle East & Africa,Technology,Smart LED Desk Lamp,4.00,67.37,10,242.53,15.81,78.51,PayPal,32.37%,6.52%
ORD-11281,19/03/2025,Ali Taylor,Consumer,Mexico,North America,Technology,Webcam HD 1080p,3.00,81.59,5,232.53,7.31,90.60,PayPal,38.96%,3.14%
ORD-10348,20/03/2025,Olivia White,Consumer,India,Asia Pacific,Furniture,Desk Organizer Set,3.00,48.66,5,138.68,11.50,39.59,Cash on Delivery,28.55%,8.29%
ORD-10585,20/03/2025,Ahmed Zhang,Corporate,United States,North America,Clothing & Accessories,Sports Water Bottle 750ml,7.00,29.97,5,199.30,15.57,78.84,Bank Transfer,39.56%,7.81%
ORD-10889,21/03/2025,Layla Johansson,Corporate,Nigeria,Middle East & Africa,Technology,USB-C Hub Multiport Adapter,1.00,29.02,5,27.57,11.87,-0.26,Cash on Delivery,-0.94%,43.05%
ORD-10987,22/03/2025,Patricia Wang,Corporate,Germany,Europe,Furniture,Floating Wall Shelves Set,2.00,78.80,5,149.72,11.19,43.97,PayPal,29.37%,7.47%
ORD-11487,22/03/2025,Sakura Zhang,Consumer,Spain,Europe,Technology,Webcam HD 1080p,2.00,67.91,0,135.82,8.98,52.14,PayPal,38.39%,6.61%
ORD-11238,25/03/2025,Carlos Jones,Home Office,Mexico,North America,Office Supplies,Premium Notebook Set A5,3.00,17.48,10,47.20,7.91,15.69,PayPal,33.24%,16.76%
ORD-10894,26/03/2025,John Martin,Home Office,Germany,Europe,Clothing & Accessories,Leather Wallet Minimalist,2.00,55.31,10,99.56,10.62,33.63,PayPal,33.78%,10.67%
ORD-11005,26/03/2025,Emma Anderson,Home Office,Mexico,North America,Technology,Tablet Stand Holder,5.00,25.46,5,120.94,16.36,34.56,Credit Card,28.58%,13.53%
ORD-11310,26/03/2025,Hans Ali,Corporate,Italy,Europe,Office Supplies,Stapler Full-Size,4.00,19.04,5,72.35,13.88,24.20,Credit Card,33.45%,19.18%
ORD-11862,26/03/2025,Thomas Clark,Consumer,Germany,Europe,Furniture,Desk Organizer Set,2.00,29.19,20,46.70,11.71,-0.04,Credit Card,-0.09%,25.07%
ORD-11221,27/03/2025,Olivia Kim,Consumer,South Africa,Middle East & Africa,Technology,Portable External SSD 1TB,2.00,136.48,15,232.02,15.42,66.47,Bank Transfer,28.65%,6.65%
ORD-11757,27/03/2025,Oscar Thompson,Consumer,South Korea,Asia Pacific,Office Supplies,Whiteboard Markers Set 8,2.00,20.22,25,30.33,10.69,1.44,PayPal,4.75%,35.25%
ORD-11860,27/03/2025,Hans Patel,Consumer,Canada,North America,Technology,Tablet Stand Holder,2.00,48.96,5,93.02,9.10,30.06,PayPal,32.32%,9.78%
ORD-10337,28/03/2025,Mary Chen,Home Office,United States,North America,Clothing & Accessories,Cotton Formal Shirt,1.00,47.73,5,45.34,5.94,15.54,PayPal,34.27%,13.10%
ORD-11695,29/03/2025,Sophie Jackson,Consumer,Australia,Asia Pacific,Furniture,Corner L-Shaped Desk,1.00,268.81,20,215.05,10.37,43.39,Credit Card,20.18%,4.82%
ORD-10774,30/03/2025,Lucas Tanaka,Home Office,Saudi Arabia,Middle East & Africa,Technology,USB-C Hub Multiport Adapter,9.00,50.88,10,412.13,17.34,142.93,PayPal,34.68%,4.21%
ORD-11193,30/03/2025,Raj Harris,Consumer,Mexico,North America,Technology,USB-C Hub Multiport Adapter,4.00,43.48,10,156.53,9.46,51.41,Credit Card,32.84%,6.04%
ORD-10331,31/03/2025,Giulia White,Consumer,Australia,Asia Pacific,Furniture,Folding Table Portable,5.00,45.17,0,225.85,16.44,73.90,Credit Card,32.72%,7.28%
ORD-10704,31/03/2025,Fatima Müller,Corporate,Italy,Europe,Technology,Wireless Bluetooth Headphones,1.00,77.80,15,66.13,9.26,14.08,Bank Transfer,21.29%,14.00%
ORD-11754,31/03/2025,Sakura Chen,Corporate,India,Asia Pacific,Office Supplies,Stapler Full-Size,11.00,14.79,25,122.02,23.11,25.70,Bank Transfer,21.06%,18.94%
ORD-10976,01/04/2025,Ahmed Jackson,Corporate,South Africa,Middle East & Africa,Office Supplies,Desk Calendar 2025,6.00,17.83,5,101.63,21.40,32.09,Bank Transfer,31.58%,21.06%
ORD-10087,02/04/2025,Omar Schmidt,Corporate,Canada,North America,Furniture,Standing Desk Converter,8.00,222.57,0,1780.56,10.29,701.93,PayPal,39.42%,0.58%
ORD-11637,02/04/2025,Sarah Brown,Consumer,Canada,North America,Technology,Wireless Ergonomic Mouse,3.00,42.99,0,128.97,6.89,51.15,Credit Card,39.66%,5.34%
ORD-11935,02/04/2025,Isabella Thompson,Consumer,Japan,Asia Pacific,Office Supplies,Stapler Full-Size,14.00,11.48,0,160.72,39.83,48.57,PayPal,30.22%,24.78%
ORD-10541,04/04/2025,Clara Garcia,Consumer,Canada,North America,Technology,USB-C Hub Multiport Adapter,3.00,25.43,5,72.48,11.34,19.18,Credit Card,26.46%,15.65%
ORD-11429,04/04/2025,Olga Wang,Corporate,France,Europe,Furniture,Desk Organizer Set,2.00,34.92,0,69.84,11.92,16.02,Cash on Delivery,22.94%,17.07%
ORD-11614,04/04/2025,Carlos Ali,Consumer,South Korea,Asia Pacific,Clothing & Accessories,Leather Wallet Minimalist,3.00,24.30,5,69.25,10.77,22.03,PayPal,31.81%,15.55%
ORD-11856,04/04/2025,Kenji Martin,Home Office,Colombia,South America,Office Supplies,Premium Notebook Set A5,2.00,13.42,5,25.50,12.38,1.04,PayPal,4.08%,48.55%
ORD-10255,05/04/2025,Diego Rossi,Corporate,Canada,North America,Technology,Tablet Stand Holder,2.00,42.23,10,76.01,9.52,20.04,PayPal,26.36%,12.52%
ORD-10906,05/04/2025,Wei Moreau,Corporate,India,Asia Pacific,Technology,Tablet Stand Holder,4.00,53.71,10,193.36,13.76,61.44,Credit Card,31.77%,7.12%
ORD-11368,05/04/2025,Elizabeth Williams,Consumer,Canada,North America,Technology,USB-C Hub Multiport Adapter,7.00,23.09,0,161.63,20.84,51.89,Bank Transfer,32.10%,12.89%
ORD-10300,06/04/2025,David Johansson,Corporate,Spain,Europe,Technology,Mechanical Gaming Keyboard,4.00,164.84,5,626.39,11.35,252.39,Cash on Delivery,40.29%,1.81%
ORD-10803,06/04/2025,Emma Romano,Home Office,Spain,Europe,Technology,Wireless Bluetooth Headphones,1.00,219.67,0,219.67,7.71,91.14,Cash on Delivery,41.49%,3.51%
ORD-10264,07/04/2025,Omar Thomas,Consumer,Japan,Asia Pacific,Office Supplies,Desk Calendar 2025,4.00,16.10,25,48.30,13.08,6.24,PayPal,12.92%,27.08%
ORD-10615,07/04/2025,Giulia Smith,Corporate,Canada,North America,Clothing & Accessories,Travel Backpack 30L,1.00,90.62,15,77.03,7.48,24.24,Cash on Delivery,31.47%,9.71%
ORD-11666,07/04/2025,Xiao Rodriguez,Corporate,Germany,Europe,Office Supplies,Ballpoint Pen Pack 12,2.00,9.78,15,16.63,10.08,-2.25,Bank Transfer,-13.53%,60.61%
ORD-10778,08/04/2025,Raj Harris,Consumer,United States,North America,Furniture,Standing Desk Converter,6.00,154.97,10,836.84,13.94,265.01,Credit Card,31.67%,1.67%
ORD-11647,08/04/2025,Emma Chen,Consumer,China,Asia Pacific,Office Supplies,Premium Notebook Set A5,2.00,20.57,5,39.08,12.63,7.94,Bank Transfer,20.32%,32.32%
ORD-11591,09/04/2025,Priya Romano,Home Office,Italy,Europe,Technology,Wireless Bluetooth Headphones,1.00,116.20,0,116.20,7.59,44.70,Credit Card,38.47%,6.53%
ORD-11057,10/04/2025,Ali Müller,Consumer,South Korea,Asia Pacific,Technology,Laptop Stand Adjustable,5.00,27.29,10,122.80,20.24,27.51,Credit Card,22.40%,16.48%
ORD-11127,10/04/2025,Diego Weber,Home Office,Germany,Europe,Furniture,Filing Cabinet 3-Drawer,4.00,128.70,0,514.80,10.27,195.65,Credit Card,38.01%,1.99%
ORD-11410,10/04/2025,William Wang,Home Office,Nigeria,Middle East & Africa,Technology,Portable External SSD 1TB,3.00,93.28,10,251.86,18.00,79.95,PayPal,31.74%,7.15%
ORD-10123,11/04/2025,Priya Patel,Home Office,Brazil,South America,Furniture,Bookshelf 5-Tier,1.00,193.39,10,174.05,12.06,45.96,Credit Card,26.41%,6.93%
ORD-11126,11/04/2025,David Park,Consumer,Nigeria,Middle East & Africa,Clothing & Accessories,Leather Belt Classic,11.00,31.57,5,329.91,24.65,131.63,Credit Card,39.90%,7.47%
ORD-11157,11/04/2025,James Miller,Home Office,Canada,North America,Furniture,Monitor Riser Wood,9.00,33.73,15,258.03,13.96,61.93,Credit Card,24.00%,5.41%
ORD-11219,11/04/2025,Olga Ali,Consumer,Saudi Arabia,Middle East & Africa,Office Supplies,Whiteboard Markers Set 8,1.00,14.71,10,13.24,11.69,-5.07,PayPal,-38.29%,88.29%
ORD-11438,11/04/2025,Olga Russo,Consumer,Italy,Europe,Technology,Noise Cancelling Earbuds,1.00,115.93,5,110.13,9.29,37.08,Credit Card,33.67%,8.44%
ORD-11493,11/04/2025,Amina Khan,Corporate,Japan,Asia Pacific,Clothing & Accessories,Leather Wallet Minimalist,1.00,39.65,0,39.65,11.01,8.81,Bank Transfer,22.22%,27.77%
ORD-10684,12/04/2025,Ingrid Clark,Corporate,Canada,North America,Office Supplies,Ballpoint Pen Pack 12,1.00,13.25,5,12.59,5.69,0.94,PayPal,7.47%,45.19%
ORD-11089,12/04/2025,Hans Zhang,Home Office,Spain,Europe,Office Supplies,Desk Calendar 2025,3.00,9.38,5,26.73,8.95,5.12,PayPal,19.15%,33.48%
ORD-11190,12/04/2025,Jennifer Leroy,Corporate,Japan,Asia Pacific,Technology,Smart LED Desk Lamp,4.00,55.11,10,198.40,13.84,63.32,Cash on Delivery,31.92%,6.98%
ORD-11312,12/04/2025,Ahmed Hassan,Corporate,Mexico,North America,Technology,Noise Cancelling Earbuds,3.00,60.01,10,162.03,11.24,51.77,Credit Card,31.95%,6.94%
ORD-11485,12/04/2025,Joseph Garcia,Consumer,China,Asia Pacific,Office Supplies,Stapler Full-Size,2.00,19.70,10,35.46,10.39,7.34,Credit Card,20.70%,29.30%
ORD-10148,13/04/2025,Sarah Smith,Home Office,Brazil,South America,Office Supplies,Highlighters Neon Pack 6,1.00,8.77,20,7.02,11.14,-8.07,PayPal,-114.96%,158.69%
ORD-10679,13/04/2025,Sophie Jones,Consumer,Spain,Europe,Technology,Laptop Stand Adjustable,2.00,44.96,0,89.92,11.48,28.98,Credit Card,32.23%,12.77%
ORD-11027,13/04/2025,Amir Ali,Consumer,Italy,Europe,Office Supplies,Desk Calendar 2025,4.00,19.20,10,69.12,12.91,21.65,Credit Card,31.32%,18.68%
ORD-10990,14/04/2025,Richard Yamamoto,Corporate,Argentina,South America,Furniture,Corner L-Shaped Desk,2.00,165.71,0,331.42,12.42,120.15,Bank Transfer,36.25%,3.75%
ORD-11848,14/04/2025,Richard Weber,Consumer,Canada,North America,Technology,Noise Cancelling Earbuds,1.00,155.22,15,131.94,6.82,39.75,Credit Card,30.13%,5.17%
ORD-10080,16/04/2025,Hans Sharma,Consumer,South Africa,Middle East & Africa,Technology,Wireless Bluetooth Headphones,2.00,238.98,5,454.06,12.39,178.79,Cash on Delivery,39.38%,2.73%
ORD-10187,17/04/2025,Wei Müller,Corporate,UAE,Middle East & Africa,Office Supplies,Desk Calendar 2025,1.00,14.87,15,12.64,12.93,-6.98,Bank Transfer,-55.22%,102.29%
ORD-10198,17/04/2025,Mary Weber,Consumer,Nigeria,Middle East & Africa,Office Supplies,Binder Clips Assorted 48pc,2.00,12.81,0,25.62,14.26,-0.17,Bank Transfer,-0.66%,55.66%
ORD-11003,18/04/2025,Layla Jackson,Home Office,India,Asia Pacific,Office Supplies,Binder Clips Assorted 48pc,2.00,14.06,15,23.90,10.76,0.49,Bank Transfer,2.05%,45.02%
ORD-11524,18/04/2025,Olivia Anderson,Consumer,Mexico,North America,Office Supplies,Paper Clips Box 500pc,1.00,9.33,0,9.33,6.05,-0.92,Cash on Delivery,-9.86%,64.84%
ORD-11540,18/04/2025,Noah Moreau,Home Office,India,Asia Pacific,Clothing & Accessories,Business Casual Blazer,10.00,147.28,0,1472.80,27.39,709.01,PayPal,48.14%,1.86%
ORD-11554,18/04/2025,Hanna Li,Consumer,China,Asia Pacific,Clothing & Accessories,Travel Backpack 30L,2.00,32.49,5,61.73,11.25,17.99,Credit Card,29.14%,18.22%
ORD-11278,19/04/2025,Wei Anderson,Consumer,Australia,Asia Pacific,Furniture,Bookshelf 5-Tier,4.00,67.49,10,242.96,11.71,69.27,Credit Card,28.51%,4.82%
ORD-11829,19/04/2025,Nadia Wang,Consumer,Spain,Europe,Furniture,Ergonomic Office Chair,7.00,294.09,0,2058.63,15.10,808.35,PayPal,39.27%,0.73%
ORD-10966,20/04/2025,Wei Li,Corporate,Brazil,South America,Technology,Wireless Ergonomic Mouse,5.00,61.12,20,244.48,22.01,54.39,Credit Card,22.25%,9.00%
ORD-11078,20/04/2025,Layla Leroy,Corporate,Saudi Arabia,Middle East & Africa,Technology,USB-C Hub Multiport Adapter,4.00,46.70,0,186.80,17.05,67.01,Credit Card,35.87%,9.13%
ORD-11656,20/04/2025,Hans Kumar,Consumer,Brazil,South America,Technology,Tablet Stand Holder,4.00,25.36,20,81.15,14.40,10.96,Cash on Delivery,13.51%,17.74%
ORD-10634,21/04/2025,Priya Sharma,Corporate,United States,North America,Furniture,Folding Table Portable,13.00,84.96,15,938.81,32.07,244.05,Cash on Delivery,26.00%,3.42%
ORD-11841,21/04/2025,Pierre Garcia,Home Office,United States,North America,Office Supplies,Binder Clips Assorted 48pc,1.00,15.62,0,15.62,6.60,1.99,Bank Transfer,12.74%,42.25%
ORD-10172,22/04/2025,Amina Singh,Consumer,Mexico,North America,Technology,Noise Cancelling Earbuds,3.00,155.55,0,466.65,9.51,200.48,PayPal,42.96%,2.04%
ORD-10626,22/04/2025,David Chen,Corporate,Argentina,South America,Clothing & Accessories,Sports Water Bottle 750ml,2.00,10.67,15,18.14,13.02,-5.55,Bank Transfer,-30.60%,71.78%
ORD-11577,22/04/2025,Xiao White,Corporate,Germany,Europe,Furniture,Filing Cabinet 3-Drawer,3.00,138.55,0,415.65,9.02,157.24,PayPal,37.83%,2.17%
ORD-10027,24/04/2025,Pierre Pereira,Consumer,China,Asia Pacific,Technology,Webcam HD 1080p,2.00,76.94,10,138.49,12.94,40.92,Credit Card,29.55%,9.34%
ORD-11416,25/04/2025,Liam Clark,Consumer,Nigeria,Middle East & Africa,Technology,Wireless Ergonomic Mouse,10.00,31.30,10,281.70,16.36,93.19,PayPal,33.08%,5.81%
ORD-11879,25/04/2025,Giulia Miller,Consumer,Australia,Asia Pacific,Furniture,Standing Desk Converter,2.00,320.60,0,641.20,12.10,244.38,Credit Card,38.11%,1.89%
ORD-10854,26/04/2025,Ingrid Robinson,Home Office,Argentina,South America,Technology,Mechanical Gaming Keyboard,1.00,172.20,0,172.20,12.38,65.11,Credit Card,37.81%,7.19%
ORD-10244,27/04/2025,Michael Tanaka,Consumer,Germany,Europe,Furniture,Mesh Back Task Chair,2.00,163.76,15,278.39,11.15,70.73,PayPal,25.41%,4.01%
ORD-10756,27/04/2025,Lucas Costa,Consumer,United States,North America,Technology,Laptop Stand Adjustable,2.00,36.57,15,62.17,8.53,13.41,PayPal,21.57%,13.72%
ORD-10289,28/04/2025,Chen Santos,Corporate,Japan,Asia Pacific,Technology,Tablet Stand Holder,7.00,19.93,10,125.56,20.75,28.08,PayPal,22.36%,16.53%
ORD-10982,28/04/2025,Sophie Johnson,Home Office,Italy,Europe,Office Supplies,Stapler Full-Size,1.00,9.50,10,8.55,8.30,-4.03,PayPal,-47.13%,97.08%
ORD-11772,28/04/2025,Christopher Tanaka,Home Office,South Africa,Middle East & Africa,Office Supplies,Stapler Full-Size,8.00,17.87,20,114.37,18.77,31.27,PayPal,27.34%,16.41%
ORD-10371,30/04/2025,Sophie Rossi,Corporate,Mexico,North America,Office Supplies,Stapler Full-Size,3.00,11.65,15,29.71,11.80,2.18,Credit Card,7.34%,39.72%
ORD-10856,30/04/2025,Raj Pereira,Consumer,Mexico,North America,Technology,Noise Cancelling Earbuds,1.00,136.78,10,123.10,7.09,40.78,Credit Card,33.13%,5.76%
ORD-10191,01/05/2025,Karen Hassan,Home Office,France,Europe,Clothing & Accessories,Cotton Formal Shirt,9.00,25.80,0,232.20,17.11,98.99,PayPal,42.63%,7.37%
ORD-11469,01/05/2025,Jennifer Harris,Corporate,Colombia,South America,Clothing & Accessories,Travel Backpack 30L,8.00,34.00,30,190.40,15.18,39.22,Cash on Delivery,20.60%,7.97%
ORD-11952,01/05/2025,Hanna Rodriguez,Consumer,United Kingdom,Europe,Furniture,Filing Cabinet 3-Drawer,2.00,155.18,25,232.77,8.56,37.99,Credit Card,16.32%,3.68%
ORD-11041,02/05/2025,Christopher Harris,Corporate,Germany,Europe,Furniture,Monitor Riser Wood,2.00,59.73,5,113.49,10.47,31.34,PayPal,27.61%,9.23%
ORD-11317,02/05/2025,John Pereira,Consumer,United States,North America,Furniture,Standing Desk Converter,5.00,217.51,15,924.42,16.81,255.08,Credit Card,27.59%,1.82%
ORD-11405,03/05/2025,Layla Ferrari,Corporate,South Korea,Asia Pacific,Furniture,Monitor Riser Wood,2.00,60.60,10,109.08,10.52,25.84,Credit Card,23.69%,9.64%
ORD-11819,03/05/2025,Mia Johansson,Consumer,Japan,Asia Pacific,Furniture,Standing Desk Converter,5.00,166.65,5,791.59,13.99,277.65,Bank Transfer,35.07%,1.77%
ORD-10293,04/05/2025,Emma Wang,Consumer,Italy,Europe,Office Supplies,Tape Dispenser Heavy Duty,6.00,12.86,15,65.59,16.27,14.60,Credit Card,22.26%,24.81%
ORD-10485,04/05/2025,Omar Patel,Home Office,France,Europe,Technology,Mechanical Gaming Keyboard,5.00,53.70,5,255.07,19.21,88.18,PayPal,34.57%,7.53%
ORD-10490,04/05/2025,Hans Costa,Consumer,UAE,Middle East & Africa,Furniture,Standing Desk Converter,1.00,129.14,0,129.14,12.20,39.46,PayPal,30.56%,9.45%
ORD-11756,04/05/2025,Jessica Brown,Home Office,United States,North America,Technology,Smart LED Desk Lamp,1.00,31.62,5,30.04,7.30,5.35,Bank Transfer,17.81%,24.30%
ORD-10135,06/05/2025,Ayumi Harris,Consumer,Canada,North America,Technology,USB-C Hub Multiport Adapter,8.00,56.61,10,407.59,12.04,146.47,Credit Card,35.94%,2.95%
ORD-10698,06/05/2025,Joseph Thompson,Consumer,Colombia,South America,Technology,Wireless Bluetooth Headphones,1.00,82.26,10,74.03,11.14,17.65,Credit Card,23.84%,15.05%
ORD-10911,06/05/2025,Xiao Sharma,Consumer,Argentina,South America,Clothing & Accessories,Polarized Sunglasses,1.00,29.71,0,29.71,11.72,3.13,PayPal,10.54%,39.45%
ORD-11206,06/05/2025,Christopher Jones,Consumer,Canada,North America,Technology,Portable External SSD 1TB,4.00,144.04,15,489.74,9.35,163.50,PayPal,33.39%,1.91%
ORD-11578,07/05/2025,Sarah Leroy,Corporate,United States,North America,Clothing & Accessories,Leather Belt Classic,11.00,46.45,5,485.40,10.89,219.03,PayPal,45.12%,2.24%
ORD-11677,07/05/2025,Robert Davis,Consumer,South Korea,Asia Pacific,Furniture,Mesh Back Task Chair,1.00,215.75,5,204.96,10.58,64.93,Credit Card,31.68%,5.16%
ORD-10081,08/05/2025,Sarah Tanaka,Consumer,South Korea,Asia Pacific,Office Supplies,Desk Calendar 2025,4.00,18.40,15,62.56,15.93,13.51,Cash on Delivery,21.60%,25.46%
ORD-10618,08/05/2025,Isabella Nilsson,Corporate,Germany,Europe,Furniture,Mesh Back Task Chair,4.00,250.20,5,950.76,13.70,336.58,PayPal,35.40%,1.44%
ORD-11389,08/05/2025,Fatima Yamamoto,Consumer,Brazil,South America,Office Supplies,Desk Calendar 2025,7.00,17.16,0,120.12,18.68,47.39,PayPal,39.45%,15.55%
ORD-11495,08/05/2025,Joseph Schmidt,Home Office,India,Asia Pacific,Office Supplies,Tape Dispenser Heavy Duty,3.00,18.94,5,53.98,14.46,13.95,Credit Card,25.84%,26.79%
ORD-11913,08/05/2025,Richard Williams,Consumer,China,Asia Pacific,Technology,Noise Cancelling Earbuds,2.00,45.23,10,81.41,12.87,18.79,PayPal,23.08%,15.81%
ORD-10002,09/05/2025,Patricia Leroy,Consumer,South Korea,Asia Pacific,Technology,Tablet Stand Holder,7.00,26.13,15,155.47,14.74,40.13,PayPal,25.81%,9.48%
ORD-10324,09/05/2025,Nadia Rodriguez,Consumer,Mexico,North America,Clothing & Accessories,Travel Backpack 30L,3.00,37.70,10,101.79,6.73,38.51,Bank Transfer,37.83%,6.61%
ORD-10849,09/05/2025,Zara Miller,Consumer,Argentina,South America,Clothing & Accessories,Wool Blend Scarf,2.00,26.13,0,52.26,14.83,11.30,PayPal,21.62%,28.38%
ORD-10039,10/05/2025,Oscar Ali,Corporate,Germany,Europe,Furniture,Folding Table Portable,1.00,125.15,20,100.12,8.65,16.38,PayPal,16.36%,8.64%
ORD-10158,10/05/2025,David Fischer,Consumer,Germany,Europe,Furniture,Mesh Back Task Chair,8.00,184.19,5,1399.84,12.28,503.45,Cash on Delivery,35.96%,0.88%
ORD-10267,11/05/2025,Barbara White,Consumer,India,Asia Pacific,Office Supplies,Whiteboard Markers Set 8,3.00,11.95,5,34.06,11.21,6.72,Credit Card,19.73%,32.91%
ORD-11873,11/05/2025,Susan Garcia,Corporate,Argentina,South America,Office Supplies,Whiteboard Markers Set 8,1.00,6.93,10,6.24,12.29,-9.17,PayPal,-146.96%,196.96%
ORD-10692,12/05/2025,Sakura Davis,Consumer,Canada,North America,Office Supplies,Premium Notebook Set A5,1.00,10.73,5,10.19,6.83,-1.47,Credit Card,-14.43%,67.03%
ORD-11014,12/05/2025,Thomas Costa,Corporate,Canada,North America,Clothing & Accessories,Leather Wallet Minimalist,2.00,51.67,10,93.01,7.45,33.89,Credit Card,36.44%,8.01%
ORD-11563,12/05/2025,Oscar Martin,Consumer,Spain,Europe,Technology,Wireless Ergonomic Mouse,1.00,38.97,0,38.97,8.55,8.99,Credit Card,23.07%,21.94%
ORD-10764,13/05/2025,Susan Leroy,Consumer,Japan,Asia Pacific,Office Supplies,Binder Clips Assorted 48pc,2.00,8.50,0,17.00,13.21,-3.86,PayPal,-22.71%,77.71%
ORD-11386,13/05/2025,David Smith,Corporate,United States,North America,Clothing & Accessories,Business Casual Blazer,1.00,79.18,15,67.30,6.58,21.13,Cash on Delivery,31.40%,9.78%
ORD-11397,13/05/2025,Thomas Zhang,Home Office,Japan,Asia Pacific,Clothing & Accessories,Wool Blend Scarf,4.00,40.98,10,147.53,16.39,49.18,Bank Transfer,33.34%,11.11%
ORD-11538,13/05/2025,Pierre Fischer,Consumer,Germany,Europe,Clothing & Accessories,Polarized Sunglasses,2.00,43.41,0,86.82,8.71,34.70,Credit Card,39.97%,10.03%
ORD-11978,13/05/2025,Ingrid Davis,Corporate,Colombia,South America,Technology,Smart LED Desk Lamp,1.00,38.10,5,36.20,11.13,4.12,PayPal,11.38%,30.75%
ORD-11989,13/05/2025,Fatima Davis,Consumer,Saudi Arabia,Middle East & Africa,Clothing & Accessories,Silk Tie Collection,4.00,14.92,5,56.70,15.14,11.72,Credit Card,20.67%,26.70%
ORD-11459,14/05/2025,Lucas Brown,Consumer,South Africa,Middle East & Africa,Furniture,Bookshelf 5-Tier,2.00,122.78,15,208.73,15.69,45.70,Credit Card,21.89%,7.52%
ORD-10789,15/05/2025,Jamal Hassan,Consumer,Australia,Asia Pacific,Furniture,Standing Desk Converter,8.00,323.26,10,2327.47,15.77,760.05,PayPal,32.66%,0.68%
ORD-11076,15/05/2025,Jamal Pereira,Corporate,Japan,Asia Pacific,Office Supplies,Stapler Full-Size,9.00,18.45,15,141.14,31.40,35.02,Credit Card,24.81%,22.25%
ORD-11611,15/05/2025,Olga Kim,Corporate,Argentina,South America,Office Supplies,Highlighters Neon Pack 6,2.00,5.41,10,9.74,11.11,-6.24,Credit Card,-64.07%,114.07%
ORD-10470,16/05/2025,Hans Khan,Consumer,Mexico,North America,Technology,Laptop Stand Adjustable,2.00,45.50,5,86.45,9.32,27.08,PayPal,31.32%,10.78%
ORD-11729,16/05/2025,Oscar Miller,Home Office,South Africa,Middle East & Africa,Technology,Wireless Bluetooth Headphones,6.00,105.75,0,634.50,19.06,266.46,Cash on Delivery,42.00%,3.00%
ORD-11916,16/05/2025,Barbara Weber,Corporate,Nigeria,Middle East & Africa,Furniture,Floating Wall Shelves Set,2.00,39.94,5,75.89,15.43,12.53,PayPal,16.51%,20.33%
ORD-10328,17/05/2025,Ivan Sharma,Corporate,Mexico,North America,Office Supplies,Stapler Full-Size,4.00,10.58,15,35.97,10.31,6.62,Bank Transfer,18.40%,28.66%
ORD-10583,17/05/2025,Christopher Ahmed,Corporate,United States,North America,Clothing & Accessories,Sports Water Bottle 750ml,1.00,17.94,10,16.15,7.16,0.02,Credit Card,0.12%,44.33%
ORD-10482,18/05/2025,Hanna Nilsson,Consumer,Mexico,North America,Office Supplies,Binder Clips Assorted 48pc,3.00,6.54,0,19.62,7.75,3.04,PayPal,15.49%,39.50%
ORD-10685,18/05/2025,William Zhang,Consumer,Brazil,South America,Office Supplies,Desk Calendar 2025,3.00,12.72,25,28.62,16.83,-5.38,PayPal,-18.80%,58.81%
ORD-10946,18/05/2025,Liam White,Corporate,United States,North America,Clothing & Accessories,Silk Tie Collection,1.00,47.58,10,42.82,5.77,13.26,Cash on Delivery,30.97%,13.48%
ORD-11954,18/05/2025,Kenji Yamamoto,Consumer,Japan,Asia Pacific,Office Supplies,Ballpoint Pen Pack 12,2.00,12.85,0,25.70,13.38,0.75,Cash on Delivery,2.92%,52.06%
ORD-10492,20/05/2025,Ingrid Clark,Consumer,United States,North America,Office Supplies,Ballpoint Pen Pack 12,5.00,6.01,15,25.54,7.93,4.09,Credit Card,16.01%,31.05%
ORD-10851,20/05/2025,Emma Martin,Corporate,Italy,Europe,Furniture,Ergonomic Office Chair,5.00,243.91,5,1158.57,17.69,409.15,Credit Card,35.32%,1.53%
ORD-11521,20/05/2025,Michael Miller,Corporate,South Africa,Middle East & Africa,Office Supplies,Sticky Notes Multicolor 6-Pack,7.00,7.22,10,45.49,24.79,-2.04,PayPal,-4.48%,54.50%
ORD-11571,20/05/2025,Olivia Clark,Corporate,UAE,Middle East & Africa,Furniture,Monitor Riser Wood,1.00,46.37,0,46.37,12.69,5.86,Bank Transfer,12.64%,27.37%
ORD-11528,21/05/2025,Noah Nilsson,Consumer,United States,North America,Furniture,Bookshelf 5-Tier,2.00,133.23,5,253.14,6.33,86.93,Bank Transfer,34.34%,2.50%
ORD-10122,22/05/2025,William Khan,Corporate,Spain,Europe,Technology,Wireless Ergonomic Mouse,1.00,37.58,20,30.06,8.21,1.18,Cash on Delivery,3.93%,27.31%
ORD-10612,22/05/2025,Ingrid Romano,Consumer,France,Europe,Furniture,Mesh Back Task Chair,5.00,175.88,5,835.43,13.32,294.47,Credit Card,35.25%,1.59%
ORD-10163,24/05/2025,Priya Brown,Corporate,China,Asia Pacific,Office Supplies,Premium Notebook Set A5,9.00,24.53,15,187.65,27.64,60.66,Credit Card,32.33%,14.73%
ORD-10406,24/05/2025,Barbara Fischer,Corporate,India,Asia Pacific,Office Supplies,Whiteboard Markers Set 8,3.00,10.15,15,25.88,16.06,-3.88,PayPal,-14.99%,62.06%
ORD-10507,26/05/2025,Patricia Kim,Home Office,United Kingdom,Europe,Furniture,Desk Organizer Set,1.00,33.54,0,33.54,7.97,5.45,Credit Card,16.25%,23.76%
ORD-11235,27/05/2025,Ayumi Zhang,Consumer,South Korea,Asia Pacific,Furniture,Standing Desk Converter,4.00,213.39,5,810.88,18.51,280.23,Credit Card,34.56%,2.28%
ORD-10194,29/05/2025,Patricia Zhang,Corporate,Mexico,North America,Furniture,Filing Cabinet 3-Drawer,5.00,114.98,20,459.92,8.13,106.85,Credit Card,23.23%,1.77%
ORD-10206,29/05/2025,Ava Oliveira,Consumer,Germany,Europe,Clothing & Accessories,Leather Wallet Minimalist,6.00,28.43,5,162.05,16.94,59.82,PayPal,36.91%,10.45%
ORD-10209,29/05/2025,Michael Yamamoto,Corporate,China,Asia Pacific,Office Supplies,Ballpoint Pen Pack 12,3.00,5.01,0,15.03,11.86,-3.59,PayPal,-23.89%,78.91%
ORD-10762,29/05/2025,Ava Yamamoto,Consumer,Canada,North America,Office Supplies,Whiteboard Markers Set 8,1.00,9.93,5,9.43,5.79,-0.83,Credit Card,-8.80%,61.40%
ORD-10390,30/05/2025,Layla Chen,Corporate,Germany,Europe,Clothing & Accessories,Leather Belt Classic,3.00,41.25,5,117.56,8.91,46.78,PayPal,39.79%,7.58%
ORD-10534,30/05/2025,Thomas Weber,Home Office,South Africa,Middle East & Africa,Technology,Portable External SSD 1TB,5.00,115.16,5,547.01,16.63,213.69,Cash on Delivery,39.07%,3.04%
ORD-11645,30/05/2025,Wei Harris,Corporate,South Korea,Asia Pacific,Furniture,Desk Organizer Set,9.00,54.27,5,464.01,21.91,149.04,PayPal,32.12%,4.72%
ORD-11536,31/05/2025,Linda Wang,Consumer,France,Europe,Technology,Portable External SSD 1TB,1.00,100.53,10,90.48,9.22,25.97,Bank Transfer,28.70%,10.19%
ORD-11725,31/05/2025,Maria Yamamoto,Consumer,South Korea,Asia Pacific,Technology,Wireless Ergonomic Mouse,6.00,37.44,5,213.41,15.54,74.32,Credit Card,34.82%,7.28%
ORD-10181,01/06/2025,Lucas Kim,Consumer,United States,North America,Furniture,Floating Wall Shelves Set,1.00,65.87,0,65.87,6.61,19.74,PayPal,29.97%,10.03%
ORD-10423,01/06/2025,Amina Tanaka,Consumer,Mexico,North America,Office Supplies,Binder Clips Assorted 48pc,2.00,11.24,10,20.23,6.69,3.42,PayPal,16.91%,33.07%
ORD-10784,01/06/2025,Christopher Hassan,Consumer,Mexico,North America,Furniture,Standing Desk Converter,9.00,148.46,10,1202.53,26.88,373.97,Cash on Delivery,31.10%,2.24%
ORD-11616,02/06/2025,Sarah Hassan,Corporate,Mexico,North America,Office Supplies,Highlighters Neon Pack 6,2.00,10.07,15,17.12,6.12,1.94,Credit Card,11.33%,35.75%
ORD-10597,03/06/2025,Thomas Brown,Home Office,France,Europe,Technology,Wireless Bluetooth Headphones,2.00,159.65,5,303.33,8.38,119.33,Bank Transfer,39.34%,2.76%
ORD-10974,03/06/2025,Chen Rossi,Home Office,Canada,North America,Office Supplies,Premium Notebook Set A5,1.00,11.67,10,10.50,6.16,-0.91,Credit Card,-8.67%,58.67%
ORD-11013,03/06/2025,Nadia Martin,Home Office,United Kingdom,Europe,Clothing & Accessories,Leather Belt Classic,2.00,16.70,15,28.39,11.41,0.28,Cash on Delivery,0.99%,40.19%
ORD-11486,03/06/2025,Sakura Davis,Corporate,United States,North America,Furniture,Ergonomic Office Chair,5.00,408.13,15,1734.55,8.12,502.04,Credit Card,28.94%,0.47%
ORD-10622,04/06/2025,Nadia Pereira,Consumer,South Africa,Middle East & Africa,Clothing & Accessories,Leather Wallet Minimalist,3.00,22.94,5,65.38,13.72,17.25,Bank Transfer,26.38%,20.99%
ORD-11736,04/06/2025,Richard Rossi,Consumer,Canada,North America,Furniture,Filing Cabinet 3-Drawer,6.00,112.24,10,606.10,15.24,186.80,PayPal,30.82%,2.51%
ORD-11844,05/06/2025,Linda Johnson,Consumer,India,Asia Pacific,Furniture,Mesh Back Task Chair,2.00,133.72,5,254.07,13.55,80.06,Cash on Delivery,31.51%,5.33%
ORD-11985,05/06/2025,Richard Leroy,Corporate,Japan,Asia Pacific,Technology,Mechanical Gaming Keyboard,4.00,132.14,25,396.42,16.65,89.06,PayPal,22.47%,4.20%
ORD-10777,06/06/2025,Carlos Ferrari,Consumer,South Korea,Asia Pacific,Technology,Wireless Bluetooth Headphones,10.00,177.50,0,1775.00,15.06,783.69,Credit Card,44.15%,0.85%
ORD-11116,06/06/2025,Mia Brown,Consumer,Colombia,South America,Technology,Portable External SSD 1TB,3.00,91.93,5,262.00,17.10,93.22,Cash on Delivery,35.58%,6.53%
ORD-10270,07/06/2025,Ahmed Weber,Corporate,China,Asia Pacific,Office Supplies,Binder Clips Assorted 48pc,3.00,9.72,0,29.16,13.70,2.34,Bank Transfer,8.02%,46.98%
ORD-11392,07/06/2025,Diego Li,Consumer,United Kingdom,Europe,Technology,Laptop Stand Adjustable,1.00,52.67,5,50.04,8.60,12.47,Credit Card,24.92%,17.19%
ORD-11662,07/06/2025,Jennifer Thompson,Corporate,Mexico,North America,Office Supplies,Paper Clips Box 500pc,1.00,3.44,25,2.58,6.69,-5.66,Credit Card,-219.38%,259.30%
ORD-11722,07/06/2025,Michael Yamamoto,Consumer,Germany,Europe,Clothing & Accessories,Wool Blend Scarf,5.00,16.98,15,72.17,10.38,19.34,PayPal,26.80%,14.38%
ORD-11050,08/06/2025,Christopher Khan,Home Office,United Kingdom,Europe,Office Supplies,Binder Clips Assorted 48pc,4.00,6.96,15,23.66,14.15,-3.02,Credit Card,-12.76%,59.81%
ORD-11800,08/06/2025,Ethan Jones,Consumer,South Africa,Middle East & Africa,Clothing & Accessories,Leather Belt Classic,2.00,49.74,0,99.48,14.20,35.54,Credit Card,35.73%,14.27%
ORD-10304,10/06/2025,Li Pereira,Corporate,Saudi Arabia,Middle East & Africa,Office Supplies,Ballpoint Pen Pack 12,1.00,14.71,10,13.24,12.16,-5.54,Credit Card,-41.84%,91.84%
ORD-10428,10/06/2025,Felix Patel,Consumer,Italy,Europe,Furniture,Bookshelf 5-Tier,1.00,126.48,5,120.16,9.35,34.92,Bank Transfer,29.06%,7.78%
ORD-11134,10/06/2025,Noah Chen,Consumer,Canada,North America,Furniture,Floating Wall Shelves Set,2.00,81.06,10,145.91,9.58,39.06,PayPal,26.77%,6.57%
ORD-11313,11/06/2025,Clara Moreau,Corporate,United States,North America,Technology,Portable External SSD 1TB,1.00,95.57,30,66.90,6.55,7.79,PayPal,11.64%,9.79%
ORD-11243,12/06/2025,Isabella Russo,Corporate,Germany,Europe,Furniture,Bookshelf 5-Tier,1.00,177.19,10,159.47,7.89,45.27,Cash on Delivery,28.39%,4.95%
ORD-11097,14/06/2025,Ivan Patel,Home Office,Australia,Asia Pacific,Furniture,Standing Desk Converter,1.00,134.93,15,114.69,11.49,22.24,Credit Card,19.39%,10.02%
ORD-11105,14/06/2025,Diego Suzuki,Corporate,Brazil,South America,Technology,Mechanical Gaming Keyboard,8.00,84.99,5,645.92,16.53,255.43,Credit Card,39.55%,2.56%
ORD-11878,14/06/2025,Sophie Chen,Corporate,Canada,North America,Furniture,Floating Wall Shelves Set,2.00,89.60,5,170.24,9.88,52.84,Bank Transfer,31.04%,5.80%
ORD-10357,16/06/2025,Robert Taylor,Home Office,United States,North America,Office Supplies,Sticky Notes Multicolor 6-Pack,1.00,4.99,0,4.99,6.34,-3.60,Bank Transfer,-72.14%,127.05%
ORD-11377,16/06/2025,Giulia Müller,Corporate,Japan,Asia Pacific,Technology,Wireless Ergonomic Mouse,2.00,24.99,5,47.48,10.52,9.47,PayPal,19.95%,22.16%
ORD-10617,17/06/2025,Yuki Suzuki,Corporate,China,Asia Pacific,Furniture,Floating Wall Shelves Set,1.00,32.11,20,25.69,10.11,-3.69,Bank Transfer,-14.36%,39.35%
ORD-10797,18/06/2025,Amina Taylor,Home Office,South Africa,Middle East & Africa,Clothing & Accessories,Travel Backpack 30L,1.00,39.86,0,39.86,11.78,8.15,Bank Transfer,20.45%,29.55%
ORD-10886,18/06/2025,Ava Clark,Consumer,United Kingdom,Europe,Clothing & Accessories,Leather Wallet Minimalist,4.00,44.68,10,160.85,12.79,58.70,Credit Card,36.49%,7.95%
ORD-11185,18/06/2025,William Garcia,Corporate,United Kingdom,Europe,Office Supplies,Tape Dispenser Heavy Duty,1.00,19.01,15,16.16,9.44,-1.83,Credit Card,-11.32%,58.42%
ORD-11382,18/06/2025,Ivan Santos,Corporate,Canada,North America,Furniture,Ergonomic Office Chair,7.00,422.40,30,2069.76,15.51,280.17,PayPal,13.54%,0.75%
ORD-10870,19/06/2025,Emma Jones,Home Office,Mexico,North America,Furniture,Corner L-Shaped Desk,3.00,227.94,0,683.82,9.86,263.67,Credit Card,38.56%,1.44%
ORD-10535,20/06/2025,Liam Zhang,Home Office,China,Asia Pacific,Technology,USB-C Hub Multiport Adapter,1.00,22.46,5,21.34,9.83,-0.84,PayPal,-3.94%,46.06%
ORD-10570,20/06/2025,Felix Pereira,Consumer,Italy,Europe,Office Supplies,Highlighters Neon Pack 6,2.00,11.32,0,22.64,10.02,2.43,PayPal,10.73%,44.26%
ORD-11320,20/06/2025,Sophie Chen,Home Office,Spain,Europe,Furniture,Floating Wall Shelves Set,2.00,56.68,15,96.36,8.36,19.98,Credit Card,20.73%,8.68%
ORD-10735,21/06/2025,Ali Yamamoto,Consumer,China,Asia Pacific,Furniture,Folding Table Portable,2.00,125.68,10,226.22,12.02,63.38,Credit Card,28.02%,5.31%
ORD-10200,22/06/2025,Lucas Moreau,Home Office,Mexico,North America,Furniture,Mesh Back Task Chair,6.00,111.51,15,568.70,11.57,155.69,Cash on Delivery,27.38%,2.03%
ORD-10776,22/06/2025,Karen Yamamoto,Corporate,United Kingdom,Europe,Technology,Laptop Stand Adjustable,2.00,27.70,25,41.55,8.78,2.30,Credit Card,5.54%,21.13%
ORD-11022,22/06/2025,Amina Anderson,Corporate,India,Asia Pacific,Office Supplies,Desk Calendar 2025,1.00,12.26,10,11.03,10.84,-5.33,Credit Card,-48.32%,98.28%
ORD-10033,23/06/2025,Olga Johansson,Corporate,Australia,Asia Pacific,Furniture,Filing Cabinet 3-Drawer,5.00,166.90,25,625.88,18.86,106.32,PayPal,16.99%,3.01%
ORD-11875,23/06/2025,David Kumar,Consumer,Spain,Europe,Technology,Wireless Ergonomic Mouse,1.00,51.63,0,51.63,7.80,15.43,PayPal,29.89%,15.11%
ORD-11958,23/06/2025,Susan Harris,Consumer,France,Europe,Furniture,Bookshelf 5-Tier,1.00,144.89,10,130.40,8.09,35.38,Credit Card,27.13%,6.20%
ORD-10564,24/06/2025,Christopher Chen,Consumer,South Korea,Asia Pacific,Office Supplies,Binder Clips Assorted 48pc,7.00,13.53,0,94.71,20.02,32.07,Credit Card,33.86%,21.14%
ORD-10630,24/06/2025,Carlos Jackson,Corporate,Saudi Arabia,Middle East & Africa,Office Supplies,Tape Dispenser Heavy Duty,4.00,18.90,20,60.48,16.12,10.34,Credit Card,17.10%,26.65%
ORD-10639,24/06/2025,Hans Ferrari,Home Office,Germany,Europe,Office Supplies,Ballpoint Pen Pack 12,1.00,16.31,0,16.31,8.77,0.20,Credit Card,1.23%,53.77%
ORD-11585,24/06/2025,Clara Martinez,Home Office,United States,North America,Clothing & Accessories,Polarized Sunglasses,2.00,70.84,15,120.43,7.08,42.51,PayPal,35.30%,5.88%
ORD-11963,24/06/2025,Sarah Rossi,Corporate,United Kingdom,Europe,Office Supplies,Whiteboard Markers Set 8,5.00,19.61,20,78.44,10.31,24.01,Cash on Delivery,30.61%,13.14%
ORD-10522,25/06/2025,Lucas Nilsson,Corporate,Germany,Europe,Furniture,Mesh Back Task Chair,8.00,284.78,5,2164.33,25.98,771.41,Bank Transfer,35.64%,1.20%
ORD-11032,25/06/2025,Jamal Robinson,Corporate,Japan,Asia Pacific,Technology,Wireless Bluetooth Headphones,11.00,61.31,5,640.69,33.82,235.94,PayPal,36.83%,5.28%
ORD-11425,25/06/2025,Li Harris,Consumer,Mexico,North America,Technology,Tablet Stand Holder,3.00,22.60,10,61.02,6.51,17.22,Credit Card,28.22%,10.67%
ORD-11602,25/06/2025,Chen Martin,Consumer,Italy,Europe,Office Supplies,Whiteboard Markers Set 8,4.00,7.06,0,28.24,13.62,1.91,Cash on Delivery,6.76%,48.23%
ORD-11865,25/06/2025,Olga Yamamoto,Consumer,UAE,Middle East & Africa,Technology,Wireless Ergonomic Mouse,1.00,34.77,0,34.77,11.76,3.89,Credit Card,11.19%,33.82%
ORD-11907,25/06/2025,Nadia Thomas,Consumer,Japan,Asia Pacific,Clothing & Accessories,Leather Belt Classic,6.00,17.93,10,96.82,15.34,27.69,Credit Card,28.60%,15.84%
ORD-10232,27/06/2025,Elizabeth Johnson,Home Office,Mexico,North America,Clothing & Accessories,Cotton Formal Shirt,6.00,65.25,5,371.92,8.51,167.66,PayPal,45.08%,2.29%
ORD-10829,27/06/2025,Jennifer Ferrari,Consumer,Mexico,North America,Technology,Laptop Stand Adjustable,2.00,38.03,5,72.26,9.29,21.14,PayPal,29.26%,12.86%
ORD-10914,27/06/2025,Patricia Jackson,Corporate,Spain,Europe,Clothing & Accessories,Leather Belt Classic,3.00,53.91,0,161.73,12.12,68.74,Credit Card,42.50%,7.49%
ORD-10656,28/06/2025,Emma Johnson,Corporate,South Africa,Middle East & Africa,Technology,Wireless Ergonomic Mouse,4.00,40.01,0,160.04,16.42,55.60,Cash on Delivery,34.74%,10.26%
ORD-11872,28/06/2025,Noah Tanaka,Consumer,China,Asia Pacific,Technology,Laptop Stand Adjustable,9.00,58.82,5,502.91,25.70,186.05,PayPal,36.99%,5.11%
ORD-10834,30/06/2025,Chen Khan,Corporate,United States,North America,Office Supplies,Binder Clips Assorted 48pc,2.00,8.98,10,16.16,9.66,-1.58,PayPal,-9.78%,59.78%
ORD-11775,30/06/2025,Ayumi Romano,Consumer,Mexico,North America,Furniture,Desk Organizer Set,3.00,29.12,0,87.36,11.41,23.53,Cash on Delivery,26.93%,13.06%
ORD-10479,02/07/2025,Joseph Clark,Consumer,China,Asia Pacific,Furniture,Desk Organizer Set,4.00,17.48,10,62.93,12.78,8.20,Cash on Delivery,13.03%,20.31%
ORD-10161,03/07/2025,Robert Harris,Consumer,United States,North America,Office Supplies,Premium Notebook Set A5,1.00,12.16,5,11.55,6.58,-0.50,Bank Transfer,-4.33%,56.97%
ORD-10596,03/07/2025,Elizabeth Park,Corporate,United Kingdom,Europe,Office Supplies,Ballpoint Pen Pack 12,8.00,17.67,10,127.22,25.24,38.37,PayPal,30.16%,19.84%
ORD-11574,03/07/2025,Emma Kim,Consumer,United Kingdom,Europe,Furniture,Folding Table Portable,1.00,94.65,10,85.19,8.91,19.49,Cash on Delivery,22.88%,10.46%
ORD-10859,04/07/2025,Ayumi White,Corporate,United States,North America,Furniture,Folding Table Portable,2.00,49.81,0,99.62,8.52,31.33,Credit Card,31.45%,8.55%
ORD-10285,06/07/2025,Amir Yamamoto,Home Office,Canada,North America,Technology,Wireless Ergonomic Mouse,1.00,42.35,5,40.23,6.81,10.13,Credit Card,25.18%,16.93%
ORD-10995,06/07/2025,Olivia Schmidt,Home Office,Italy,Europe,Clothing & Accessories,Sports Water Bottle 750ml,1.00,9.44,0,9.44,9.42,-4.70,PayPal,-49.79%,99.79%
ORD-11291,06/07/2025,Mary Laurent,Consumer,India,Asia Pacific,Technology,Tablet Stand Holder,4.00,16.22,25,48.66,16.63,-3.65,PayPal,-7.50%,34.18%
ORD-11983,06/07/2025,Clara Sharma,Consumer,South Africa,Middle East & Africa,Furniture,Floating Wall Shelves Set,6.00,75.93,5,432.80,17.42,142.03,PayPal,32.82%,4.02%
ORD-10553,07/07/2025,Hanna Fischer,Consumer,India,Asia Pacific,Office Supplies,Premium Notebook Set A5,5.00,10.74,5,51.02,15.88,10.97,PayPal,21.50%,31.13%
ORD-11640,07/07/2025,Christopher Chen,Consumer,Japan,Asia Pacific,Clothing & Accessories,Silk Tie Collection,3.00,13.01,0,39.03,14.95,4.57,PayPal,11.71%,38.30%
ORD-10101,08/07/2025,Elizabeth Taylor,Home Office,Australia,Asia Pacific,Office Supplies,Stapler Full-Size,12.00,15.36,5,175.10,38.30,53.86,Credit Card,30.76%,21.87%
ORD-11004,08/07/2025,Marco Ferrari,Consumer,Japan,Asia Pacific,Technology,Mechanical Gaming Keyboard,1.00,59.17,0,59.17,11.08,15.55,Credit Card,26.28%,18.73%
ORD-11114,10/07/2025,Sakura Kim,Consumer,Germany,Europe,Clothing & Accessories,Leather Belt Classic,2.00,40.96,0,81.92,8.07,32.89,Credit Card,40.15%,9.85%
ORD-11388,12/07/2025,Chen Ali,Corporate,Colombia,South America,Furniture,Folding Table Portable,1.00,117.46,10,105.71,11.69,23.54,PayPal,22.27%,11.06%
ORD-10526,13/07/2025,Thomas Oliveira,Corporate,France,Europe,Furniture,Bookshelf 5-Tier,4.00,96.50,20,308.80,15.40,61.80,Credit Card,20.01%,4.99%
ORD-10740,13/07/2025,William Martinez,Consumer,France,Europe,Clothing & Accessories,Sports Water Bottle 750ml,7.00,12.71,0,88.97,11.25,33.23,Cash on Delivery,37.35%,12.64%
ORD-11305,13/07/2025,Clara Martin,Consumer,United States,North America,Clothing & Accessories,Wool Blend Scarf,5.00,38.49,0,192.45,17.33,78.89,Cash on Delivery,40.99%,9.00%
ORD-11937,13/07/2025,Carlos Tanaka,Corporate,France,Europe,Furniture,Corner L-Shaped Desk,5.00,431.91,5,2051.57,9.75,746.09,Bank Transfer,36.37%,0.48%
ORD-10959,14/07/2025,Ethan Thomas,Corporate,Nigeria,Middle East & Africa,Clothing & Accessories,Leather Wallet Minimalist,3.00,46.07,0,138.21,14.18,54.93,Bank Transfer,39.74%,10.26%
ORD-11527,14/07/2025,Elizabeth Santos,Consumer,Germany,Europe,Clothing & Accessories,Leather Wallet Minimalist,2.00,15.72,10,28.30,9.20,3.38,Cash on Delivery,11.94%,32.51%
ORD-10192,15/07/2025,Wei Laurent,Consumer,Italy,Europe,Furniture,Monitor Riser Wood,4.00,27.46,0,109.84,11.74,32.20,Credit Card,29.32%,10.69%
ORD-10465,15/07/2025,John Suzuki,Corporate,United Kingdom,Europe,Furniture,Standing Desk Converter,1.00,239.62,15,203.68,9.40,50.51,Credit Card,24.80%,4.62%
ORD-10782,15/07/2025,Christopher Park,Consumer,France,Europe,Furniture,Desk Organizer Set,2.00,59.54,5,113.13,9.46,32.22,Credit Card,28.48%,8.36%
ORD-11016,15/07/2025,Layla Jackson,Consumer,Spain,Europe,Furniture,Folding Table Portable,1.00,77.09,5,73.24,9.28,17.71,PayPal,24.18%,12.67%
ORD-11150,16/07/2025,Emma Sharma,Consumer,UAE,Middle East & Africa,Technology,Tablet Stand Holder,12.00,29.22,20,280.51,32.57,55.09,PayPal,19.64%,11.61%
ORD-11213,16/07/2025,David Nilsson,Consumer,Japan,Asia Pacific,Clothing & Accessories,Travel Backpack 30L,2.00,94.59,10,170.26,12.29,63.38,Cash on Delivery,37.23%,7.22%
ORD-11630,16/07/2025,Giulia Russo,Corporate,Japan,Asia Pacific,Office Supplies,Tape Dispenser Heavy Duty,2.00,22.61,20,36.18,11.67,4.16,PayPal,11.50%,32.26%
ORD-10089,17/07/2025,Li Suzuki,Consumer,Canada,North America,Furniture,Standing Desk Converter,2.00,178.14,0,356.28,9.81,132.70,PayPal,37.25%,2.75%
ORD-10598,17/07/2025,Ingrid Pereira,Corporate,Japan,Asia Pacific,Furniture,Mesh Back Task Chair,4.00,274.79,5,1044.20,18.50,366.20,Bank Transfer,35.07%,1.77%
ORD-10094,18/07/2025,Patricia Garcia,Corporate,Canada,North America,Furniture,Desk Organizer Set,2.00,29.02,25,43.53,8.38,0.33,Cash on Delivery,0.76%,19.25%
ORD-11072,18/07/2025,Oscar Chen,Corporate,Mexico,North America,Technology,Mechanical Gaming Keyboard,7.00,143.11,25,751.33,19.70,180.66,PayPal,24.05%,2.62%
ORD-10603,19/07/2025,Noah Russo,Consumer,United Kingdom,Europe,Clothing & Accessories,Business Casual Blazer,8.00,94.55,10,680.76,22.09,280.47,PayPal,41.20%,3.24%
ORD-10875,19/07/2025,Patricia Pereira,Corporate,Spain,Europe,Furniture,Corner L-Shaped Desk,4.00,367.48,10,1322.93,9.83,431.15,Credit Card,32.59%,0.74%
ORD-11516,19/07/2025,Michael Ahmed,Consumer,Canada,North America,Furniture,Corner L-Shaped Desk,2.00,196.01,0,392.02,9.09,147.72,Credit Card,37.68%,2.32%
ORD-11854,19/07/2025,Richard Sharma,Consumer,Italy,Europe,Technology,USB-C Hub Multiport Adapter,1.00,44.78,10,40.30,8.85,6.82,Cash on Delivery,16.92%,21.96%
ORD-10205,20/07/2025,Clara Dubois,Corporate,India,Asia Pacific,Clothing & Accessories,Wool Blend Scarf,7.00,41.19,20,230.66,13.80,72.70,Cash on Delivery,31.52%,5.98%
ORD-10334,20/07/2025,Ethan Santos,Consumer,China,Asia Pacific,Clothing & Accessories,Travel Backpack 30L,1.00,30.37,5,28.85,10.62,3.05,PayPal,10.57%,36.81%
ORD-10895,20/07/2025,Mary Anderson,Consumer,Australia,Asia Pacific,Technology,Smart LED Desk Lamp,1.00,46.12,5,43.81,10.98,7.46,Credit Card,17.03%,25.06%
ORD-11012,20/07/2025,Diego Russo,Consumer,Colombia,South America,Furniture,Bookshelf 5-Tier,7.00,123.59,0,865.13,17.52,328.53,Bank Transfer,37.97%,2.03%
ORD-11063,21/07/2025,Jamal Taylor,Consumer,United States,North America,Clothing & Accessories,Travel Backpack 30L,2.00,85.59,0,171.18,8.25,77.34,Credit Card,45.18%,4.82%
ORD-10036,23/07/2025,Xiao Brown,Corporate,Brazil,South America,Technology,Wireless Ergonomic Mouse,12.00,53.38,10,576.50,38.80,185.39,Cash on Delivery,32.16%,6.73%
ORD-10280,23/07/2025,Mia Santos,Consumer,Canada,North America,Technology,Smart LED Desk Lamp,3.00,59.50,5,169.57,11.82,59.57,Credit Card,35.13%,6.97%
ORD-11214,23/07/2025,Hanna Park,Corporate,South Africa,Middle East & Africa,Technology,Noise Cancelling Earbuds,3.00,87.29,10,235.68,14.80,76.85,Cash on Delivery,32.61%,6.28%
ORD-10065,24/07/2025,Raj Sato,Home Office,Brazil,South America,Office Supplies,Binder Clips Assorted 48pc,3.00,7.10,10,19.17,12.32,-2.73,Credit Card,-14.24%,64.27%
ORD-10934,24/07/2025,Clara Brown,Home Office,Germany,Europe,Office Supplies,Premium Notebook Set A5,1.00,21.92,10,19.73,8.01,1.86,Bank Transfer,9.43%,40.60%
ORD-11400,24/07/2025,Linda Hassan,Corporate,Australia,Asia Pacific,Furniture,Mesh Back Task Chair,1.00,279.65,10,251.68,9.76,74.13,Credit Card,29.45%,3.88%
ORD-10115,25/07/2025,Ali Harris,Consumer,Canada,North America,Technology,Wireless Ergonomic Mouse,1.00,49.84,5,47.35,5.98,13.96,Credit Card,29.48%,12.63%
ORD-11977,25/07/2025,Li Smith,Consumer,Japan,Asia Pacific,Furniture,Standing Desk Converter,1.00,271.05,10,243.95,10.25,71.07,Credit Card,29.13%,4.20%
ORD-10683,26/07/2025,Mia Wang,Corporate,Australia,Asia Pacific,Technology,Webcam HD 1080p,3.00,77.91,5,222.04,13.07,80.42,Cash on Delivery,36.22%,5.89%
ORD-10913,26/07/2025,Nadia Leroy,Corporate,United States,North America,Furniture,Filing Cabinet 3-Drawer,9.00,109.79,25,741.08,15.31,132.90,Credit Card,17.93%,2.07%
ORD-11241,26/07/2025,William Robinson,Consumer,South Korea,Asia Pacific,Clothing & Accessories,Business Casual Blazer,2.00,116.48,5,221.31,10.72,94.11,Cash on Delivery,42.52%,4.84%
ORD-11525,26/07/2025,Omar Russo,Corporate,Colombia,South America,Office Supplies,Highlighters Neon Pack 6,8.00,5.71,10,41.11,26.40,-5.85,PayPal,-14.23%,64.22%
ORD-11923,26/07/2025,Omar Park,Consumer,India,Asia Pacific,Clothing & Accessories,Wool Blend Scarf,1.00,56.01,25,42.01,11.23,2.77,Credit Card,6.59%,26.73%
ORD-10226,27/07/2025,Jennifer White,Home Office,France,Europe,Clothing & Accessories,Cotton Formal Shirt,3.00,49.04,10,132.41,10.87,47.98,PayPal,36.24%,8.21%
ORD-10477,27/07/2025,Jessica Johnson,Consumer,Germany,Europe,Clothing & Accessories,Leather Belt Classic,5.00,15.17,25,56.89,12.81,6.16,Bank Transfer,10.83%,22.52%
ORD-10746,28/07/2025,Ivan Laurent,Home Office,Germany,Europe,Furniture,Bookshelf 5-Tier,1.00,137.39,5,130.52,8.07,40.02,PayPal,30.66%,6.18%
ORD-11095,29/07/2025,Mia Harris,Consumer,South Korea,Asia Pacific,Furniture,Bookshelf 5-Tier,1.00,95.66,0,95.66,10.25,28.01,PayPal,29.28%,10.72%
ORD-11838,29/07/2025,Barbara Robinson,Consumer,Mexico,North America,Clothing & Accessories,Canvas Messenger Bag,8.00,45.61,20,291.90,10.20,99.26,Cash on Delivery,34.00%,3.49%
ORD-11118,31/07/2025,Mia Johnson,Consumer,Spain,Europe,Furniture,Desk Organizer Set,1.00,27.82,5,26.43,7.75,1.99,PayPal,7.53%,29.32%
ORD-11439,31/07/2025,Maria Rodriguez,Consumer,United Kingdom,Europe,Clothing & Accessories,Travel Backpack 30L,3.00,107.11,5,305.26,11.77,132.82,Credit Card,43.51%,3.86%
ORD-10770,01/08/2025,Amir Thompson,Corporate,Colombia,South America,Technology,Webcam HD 1080p,5.00,81.71,20,326.84,22.16,79.98,PayPal,24.47%,6.78%
ORD-11176,01/08/2025,Carlos Thomas,Home Office,Canada,North America,Technology,Wireless Ergonomic Mouse,1.00,31.28,0,31.28,7.32,6.76,Credit Card,21.61%,23.40%
ORD-10310,02/08/2025,Michael Oliveira,Corporate,Colombia,South America,Office Supplies,Ballpoint Pen Pack 12,1.00,8.78,0,8.78,11.95,-7.12,PayPal,-81.09%,136.10%
ORD-10397,02/08/2025,Yuki Robinson,Consumer,South Africa,Middle East & Africa,Technology,Portable External SSD 1TB,1.00,115.18,5,109.42,11.78,34.29,Bank Transfer,31.34%,10.77%
ORD-11289,03/08/2025,Sophie Martin,Consumer,Canada,North America,Furniture,Standing Desk Converter,1.00,111.03,0,111.03,7.07,37.34,Credit Card,33.63%,6.37%
ORD-10627,04/08/2025,Oscar Müller,Consumer,United States,North America,Technology,Wireless Ergonomic Mouse,5.00,39.06,15,166.00,11.47,47.11,Credit Card,28.38%,6.91%
ORD-10410,05/08/2025,Karen Patel,Consumer,South Africa,Middle East & Africa,Office Supplies,Binder Clips Assorted 48pc,1.00,15.21,5,14.45,12.63,-5.02,PayPal,-34.74%,87.40%
ORD-11465,05/08/2025,Kenji Santos,Home Office,France,Europe,Office Supplies,Ballpoint Pen Pack 12,3.00,15.81,10,42.69,11.47,9.88,Bank Transfer,23.14%,26.87%
ORD-11264,06/08/2025,Sophie Sato,Consumer,Mexico,North America,Furniture,Floating Wall Shelves Set,3.00,41.55,5,118.42,7.02,36.61,PayPal,30.92%,5.93%
ORD-11619,06/08/2025,Emma Sato,Consumer,South Korea,Asia Pacific,Furniture,Desk Organizer Set,1.00,30.49,15,25.92,10.67,-3.04,Cash on Delivery,-11.73%,41.17%
ORD-10670,07/08/2025,Carlos Sharma,Corporate,Japan,Asia Pacific,Clothing & Accessories,Polarized Sunglasses,4.00,35.06,10,126.22,11.96,44.14,Credit Card,34.97%,9.48%
ORD-10118,09/08/2025,Noah Rodriguez,Consumer,Germany,Europe,Clothing & Accessories,Leather Wallet Minimalist,6.00,46.59,0,279.54,19.31,120.46,PayPal,43.09%,6.91%
ORD-11621,09/08/2025,Carlos Sharma,Consumer,United States,North America,Clothing & Accessories,Leather Wallet Minimalist,1.00,36.30,5,34.48,6.35,9.98,Credit Card,28.94%,18.42%
ORD-10985,10/08/2025,Ethan Wang,Corporate,Brazil,South America,Technology,Wireless Bluetooth Headphones,2.00,139.35,10,250.83,11.26,86.29,Cash on Delivery,34.40%,4.49%
ORD-11180,10/08/2025,Robert Thomas,Consumer,Spain,Europe,Clothing & Accessories,Travel Backpack 30L,4.00,39.23,20,125.54,10.84,36.24,Bank Transfer,28.87%,8.63%
ORD-10763,11/08/2025,Mary Khan,Corporate,China,Asia Pacific,Office Supplies,Whiteboard Markers Set 8,3.00,20.38,10,55.03,14.11,13.41,PayPal,24.37%,25.64%
ORD-11112,13/08/2025,Felix Leroy,Corporate,Spain,Europe,Clothing & Accessories,Sports Water Bottle 750ml,4.00,15.79,15,53.69,14.99,7.12,Bank Transfer,13.26%,27.92%
ORD-10369,16/08/2025,Wei Sharma,Consumer,UAE,Middle East & Africa,Clothing & Accessories,Business Casual Blazer,5.00,79.70,15,338.72,21.72,117.75,Bank Transfer,34.76%,6.41%
ORD-10800,16/08/2025,Kenji Williams,Home Office,Germany,Europe,Clothing & Accessories,Leather Wallet Minimalist,11.00,28.85,5,301.48,31.33,111.48,PayPal,36.98%,10.39%
ORD-11420,16/08/2025,Olga Yamamoto,Corporate,Germany,Europe,Technology,Portable External SSD 1TB,4.00,141.99,0,567.96,15.11,240.47,Bank Transfer,42.34%,2.66%
ORD-11366,17/08/2025,Ingrid Nilsson,Corporate,South Korea,Asia Pacific,Furniture,Floating Wall Shelves Set,6.00,70.12,10,378.65,13.58,112.64,Credit Card,29.75%,3.59%
ORD-10393,18/08/2025,William Chen,Corporate,Mexico,North America,Office Supplies,Whiteboard Markers Set 8,2.00,8.94,10,16.09,6.66,1.38,Credit Card,8.58%,41.39%
ORD-11899,20/08/2025,Ivan Nilsson,Corporate,United Kingdom,Europe,Clothing & Accessories,Polarized Sunglasses,3.00,45.19,15,115.23,9.71,37.74,Credit Card,32.75%,8.43%
ORD-10028,21/08/2025,Ahmed Johansson,Corporate,United Kingdom,Europe,Technology,Wireless Ergonomic Mouse,6.00,37.48,20,179.90,12.68,43.54,PayPal,24.20%,7.05%
ORD-11669,22/08/2025,Amina Sharma,Consumer,Canada,North America,Office Supplies,Ballpoint Pen Pack 12,1.00,12.12,10,10.91,6.34,-0.88,Cash on Delivery,-8.07%,58.11%
ORD-10451,23/08/2025,Elizabeth Williams,Corporate,United Kingdom,Europe,Clothing & Accessories,Travel Backpack 30L,4.00,33.66,0,134.64,10.38,56.94,Credit Card,42.29%,7.71%
ORD-10221,24/08/2025,James Williams,Home Office,United States,North America,Furniture,Bookshelf 5-Tier,10.00,85.05,0,850.50,26.06,314.14,Bank Transfer,36.94%,3.06%
ORD-11905,24/08/2025,Xiao Santos,Consumer,Colombia,South America,Technology,Wireless Bluetooth Headphones,5.00,175.98,0,879.90,21.15,374.80,Bank Transfer,42.60%,2.40%
ORD-10781,25/08/2025,Ava Fischer,Corporate,Germany,Europe,Technology,Wireless Bluetooth Headphones,13.00,161.29,20,1677.42,27.16,497.04,Credit Card,29.63%,1.62%
ORD-11354,25/08/2025,Olga Leroy,Corporate,UAE,Middle East & Africa,Furniture,Corner L-Shaped Desk,1.00,377.92,0,377.92,13.11,138.06,PayPal,36.53%,3.47%
ORD-10287,26/08/2025,Hans Oliveira,Consumer,South Korea,Asia Pacific,Office Supplies,Whiteboard Markers Set 8,1.00,17.45,15,14.83,9.94,-2.96,Credit Card,-19.96%,67.03%
ORD-10164,27/08/2025,Hanna Sato,Consumer,Spain,Europe,Technology,Mechanical Gaming Keyboard,4.00,89.10,15,302.94,16.32,90.60,PayPal,29.91%,5.39%
ORD-10739,27/08/2025,Amir Brown,Home Office,Italy,Europe,Technology,Mechanical Gaming Keyboard,9.00,162.84,10,1319.00,16.36,496.58,PayPal,37.65%,1.24%
ORD-10307,28/08/2025,Ali Kim,Home Office,United Kingdom,Europe,Technology,Mechanical Gaming Keyboard,2.00,67.73,15,115.14,10.18,30.46,Cash on Delivery,26.45%,8.84%
ORD-10610,28/08/2025,Emma Wang,Consumer,Australia,Asia Pacific,Technology,Smart LED Desk Lamp,5.00,56.91,10,256.09,13.57,86.02,Cash on Delivery,33.59%,5.30%
ORD-11971,28/08/2025,William Martin,Corporate,United States,North America,Clothing & Accessories,Leather Wallet Minimalist,1.00,20.71,10,18.64,7.24,1.04,Credit Card,5.58%,38.84%
ORD-10458,29/08/2025,Wei Thompson,Consumer,United States,North America,Furniture,Bookshelf 5-Tier,1.00,153.82,10,138.44,6.07,40.08,PayPal,28.95%,4.38%
ORD-11140,29/08/2025,Jennifer Robinson,Consumer,United Kingdom,Europe,Clothing & Accessories,Polarized Sunglasses,8.00,75.60,10,544.32,14.70,227.22,Credit Card,41.74%,2.70%
ORD-10037,30/08/2025,Ivan Costa,Home Office,Germany,Europe,Furniture,Filing Cabinet 3-Drawer,2.00,222.78,15,378.73,9.94,101.45,Credit Card,26.79%,2.62%
ORD-11894,31/08/2025,Elizabeth Miller,Home Office,United States,North America,Furniture,Floating Wall Shelves Set,7.00,80.08,10,504.50,16.07,152.09,Credit Card,30.15%,3.19%
ORD-10486,01/09/2025,Lucas Romano,Consumer,France,Europe,Clothing & Accessories,Cotton Formal Shirt,5.00,38.66,0,193.30,12.10,84.55,PayPal,43.74%,6.26%
ORD-10351,02/09/2025,Fatima Johnson,Consumer,France,Europe,Furniture,Floating Wall Shelves Set,3.00,95.44,0,286.32,14.19,100.34,PayPal,35.04%,4.96%
ORD-10798,02/09/2025,Pierre Anderson,Corporate,China,Asia Pacific,Furniture,Monitor Riser Wood,10.00,61.71,10,555.39,27.35,157.78,Credit Card,28.41%,4.92%
ORD-10965,02/09/2025,Clara Robinson,Consumer,Italy,Europe,Furniture,Bookshelf 5-Tier,2.00,161.02,0,322.04,10.83,117.99,PayPal,36.64%,3.36%
ORD-11990,02/09/2025,Jennifer Clark,Corporate,Saudi Arabia,Middle East & Africa,Office Supplies,Stapler Full-Size,2.00,11.64,10,20.95,13.33,-2.86,Credit Card,-13.65%,63.63%
ORD-10986,03/09/2025,Robert Leroy,Consumer,India,Asia Pacific,Clothing & Accessories,Leather Belt Classic,2.00,17.55,20,28.08,11.10,-0.57,Credit Card,-2.03%,39.53%
ORD-11620,03/09/2025,Pierre Costa,Corporate,United States,North America,Technology,Smart LED Desk Lamp,1.00,62.48,15,53.11,5.86,12.89,Bank Transfer,24.27%,11.03%
ORD-10771,05/09/2025,Ayumi Singh,Consumer,Spain,Europe,Office Supplies,Paper Clips Box 500pc,5.00,5.25,0,26.25,12.14,2.30,Credit Card,8.76%,46.25%
ORD-11087,05/09/2025,Thomas Oliveira,Corporate,UAE,Middle East & Africa,Furniture,Standing Desk Converter,1.00,241.54,15,205.31,13.18,47.21,Credit Card,22.99%,6.42%
ORD-11075,06/09/2025,Nadia Ahmed,Consumer,Spain,Europe,Office Supplies,Stapler Full-Size,3.00,7.54,0,22.62,10.42,2.02,Credit Card,8.93%,46.07%
ORD-10053,07/09/2025,Diego Miller,Home Office,Australia,Asia Pacific,Furniture,Bookshelf 5-Tier,2.00,195.17,15,331.79,10.46,87.13,Credit Card,26.26%,3.15%
ORD-11086,07/09/2025,Amina Nilsson,Consumer,Australia,Asia Pacific,Technology,USB-C Hub Multiport Adapter,4.00,37.45,5,142.31,17.43,42.49,Credit Card,29.86%,12.25%
ORD-10166,08/09/2025,Jennifer Pereira,Consumer,Saudi Arabia,Middle East & Africa,Technology,Webcam HD 1080p,8.00,48.19,0,385.52,18.04,155.44,Bank Transfer,40.32%,4.68%
ORD-10185,08/09/2025,Sarah Clark,Consumer,Brazil,South America,Furniture,Mesh Back Task Chair,2.00,293.43,10,528.17,12.96,163.09,PayPal,30.88%,2.45%
ORD-10234,08/09/2025,Sophie Sharma,Consumer,Spain,Europe,Technology,Portable External SSD 1TB,2.00,94.47,10,170.05,11.19,54.94,Credit Card,32.31%,6.58%
ORD-10145,09/09/2025,Ali Wang,Consumer,India,Asia Pacific,Furniture,Monitor Riser Wood,3.00,40.83,5,116.37,15.87,27.01,Credit Card,23.21%,13.64%
ORD-10671,09/09/2025,Diego Sharma,Corporate,United Kingdom,Europe,Technology,Laptop Stand Adjustable,1.00,68.69,10,61.82,8.79,15.25,PayPal,24.67%,14.22%
ORD-11794,09/09/2025,Ali Miller,Consumer,India,Asia Pacific,Furniture,Ergonomic Office Chair,2.00,396.83,10,714.29,12.78,225.31,Bank Transfer,31.54%,1.79%
ORD-10111,11/09/2025,Sakura Nilsson,Corporate,UAE,Middle East & Africa,Clothing & Accessories,Sports Water Bottle 750ml,4.00,28.55,10,102.78,14.00,31.68,Credit Card,30.82%,13.62%
ORD-10643,11/09/2025,Marco Tanaka,Consumer,Italy,Europe,Technology,USB-C Hub Multiport Adapter,1.00,52.17,20,41.74,7.51,5.54,Cash on Delivery,13.27%,17.99%
ORD-11831,14/09/2025,Raj Thompson,Consumer,Argentina,South America,Office Supplies,Sticky Notes Multicolor 6-Pack,2.00,14.53,15,24.70,12.13,-0.51,Bank Transfer,-2.06%,49.11%
ORD-10555,15/09/2025,Ahmed Russo,Consumer,Japan,Asia Pacific,Technology,Mechanical Gaming Keyboard,3.00,70.32,15,179.32,16.16,47.13,PayPal,26.28%,9.01%
ORD-11046,15/09/2025,Sophie White,Corporate,Spain,Europe,Office Supplies,Paper Clips Box 500pc,3.00,9.70,5,27.64,13.80,0.75,Credit Card,2.71%,49.93%
ORD-11931,15/09/2025,Kenji Miller,Home Office,India,Asia Pacific,Office Supplies,Sticky Notes Multicolor 6-Pack,9.00,10.29,0,92.61,30.73,20.21,Cash on Delivery,21.82%,33.18%
ORD-10133,16/09/2025,Patricia Weber,Home Office,France,Europe,Technology,Smart LED Desk Lamp,1.00,39.87,0,39.87,8.38,9.56,PayPal,23.98%,21.02%
ORD-10282,16/09/2025,Patricia Pereira,Corporate,Saudi Arabia,Middle East & Africa,Clothing & Accessories,Cotton Formal Shirt,2.00,64.38,0,128.76,14.62,49.76,Credit Card,38.65%,11.35%
ORD-10290,16/09/2025,Isabella Smith,Corporate,Canada,North America,Clothing & Accessories,Leather Belt Classic,1.00,42.67,20,34.14,5.71,7.09,PayPal,20.77%,16.73%
ORD-10862,16/09/2025,Isabella Khan,Home Office,Canada,North America,Furniture,Standing Desk Converter,2.00,330.31,0,660.62,6.51,257.74,Credit Card,39.01%,0.99%
ORD-11715,16/09/2025,Olga Weber,Consumer,South Korea,Asia Pacific,Clothing & Accessories,Business Casual Blazer,1.00,105.62,10,95.06,9.73,32.52,PayPal,34.21%,10.24%
ORD-11753,16/09/2025,Christopher Rodriguez,Consumer,Spain,Europe,Technology,Noise Cancelling Earbuds,2.00,195.60,5,371.64,8.20,148.28,PayPal,39.90%,2.21%
ORD-10047,17/09/2025,Karen Suzuki,Consumer,France,Europe,Furniture,Folding Table Portable,6.00,64.16,15,327.22,11.04,85.20,Cash on Delivery,26.04%,3.37%
ORD-10235,19/09/2025,Robert Tanaka,Corporate,Spain,Europe,Furniture,Folding Table Portable,2.00,85.22,5,161.92,9.28,50.38,Credit Card,31.11%,5.73%
ORD-10386,19/09/2025,Amir Dubois,Home Office,Canada,North America,Clothing & Accessories,Sports Water Bottle 750ml,1.00,9.94,20,7.95,6.62,-3.64,Bank Transfer,-45.79%,83.27%
ORD-10501,19/09/2025,Clara Hassan,Consumer,Australia,Asia Pacific,Furniture,Bookshelf 5-Tier,1.00,167.52,0,167.52,10.49,56.52,PayPal,33.74%,6.26%
ORD-10628,19/09/2025,Joseph Wang,Home Office,Italy,Europe,Furniture,Standing Desk Converter,1.00,237.11,20,189.69,7.78,39.64,Bank Transfer,20.90%,4.10%
ORD-11748,19/09/2025,Susan Laurent,Home Office,Colombia,South America,Office Supplies,Tape Dispenser Heavy Duty,6.00,20.04,10,108.22,13.93,40.18,PayPal,37.13%,12.87%
ORD-10536,20/09/2025,Joseph Weber,Consumer,Spain,Europe,Furniture,Standing Desk Converter,7.00,311.46,0,2180.22,11.81,860.28,Cash on Delivery,39.46%,0.54%
ORD-10653,22/09/2025,Amir Ferrari,Corporate,Argentina,South America,Furniture,Desk Organizer Set,2.00,42.20,15,71.74,12.37,8.73,Credit Card,12.17%,17.24%
ORD-11721,22/09/2025,Elizabeth Zhang,Corporate,Canada,North America,Clothing & Accessories,Leather Wallet Minimalist,8.00,15.30,10,110.16,9.77,39.19,Cash on Delivery,35.58%,8.87%
ORD-10548,23/09/2025,Chen Chen,Consumer,South Korea,Asia Pacific,Furniture,Folding Table Portable,4.00,72.47,10,260.89,14.16,72.80,Credit Card,27.90%,5.43%
ORD-10940,23/09/2025,Robert Rodriguez,Consumer,Italy,Europe,Office Supplies,Tape Dispenser Heavy Duty,12.00,9.02,5,102.83,26.58,27.54,Cash on Delivery,26.78%,25.85%
ORD-11541,23/09/2025,Sarah Weber,Home Office,United States,North America,Furniture,Mesh Back Task Chair,6.00,118.21,15,602.87,11.16,166.15,Credit Card,27.56%,1.85%
ORD-10313,24/09/2025,Noah Fischer,Consumer,France,Europe,Office Supplies,Desk Calendar 2025,1.00,15.04,0,15.04,9.15,-0.88,Cash on Delivery,-5.85%,60.84%
ORD-10319,24/09/2025,Hans Laurent,Consumer,South Africa,Middle East & Africa,Office Supplies,Stapler Full-Size,7.00,7.09,5,47.15,17.72,7.10,PayPal,15.06%,37.58%
ORD-10269,25/09/2025,Chen Martinez,Consumer,Japan,Asia Pacific,Furniture,Bookshelf 5-Tier,1.00,103.88,5,98.69,9.92,26.44,Bank Transfer,26.79%,10.05%
ORD-10505,25/09/2025,Fatima Weber,Consumer,Italy,Europe,Office Supplies,Stapler Full-Size,4.00,15.78,10,56.81,13.58,14.83,PayPal,26.10%,23.90%
ORD-10960,25/09/2025,Olivia Ali,Home Office,Canada,North America,Office Supplies,Highlighters Neon Pack 6,4.00,10.63,5,40.39,11.15,10.11,Credit Card,25.03%,27.61%
ORD-11040,25/09/2025,Diego Ferrari,Corporate,Germany,Europe,Clothing & Accessories,Business Casual Blazer,1.00,78.87,25,59.15,8.91,10.80,PayPal,18.26%,15.06%
ORD-10552,26/09/2025,Zara Williams,Consumer,Spain,Europe,Technology,Wireless Bluetooth Headphones,2.00,153.30,5,291.27,8.25,114.39,Cash on Delivery,39.27%,2.83%
ORD-10689,26/09/2025,Layla Sharma,Corporate,Nigeria,Middle East & Africa,Technology,Wireless Bluetooth Headphones,2.00,171.18,10,308.12,12.02,107.80,Cash on Delivery,34.99%,3.90%
ORD-10972,26/09/2025,Isabella White,Corporate,Japan,Asia Pacific,Office Supplies,Stapler Full-Size,3.00,11.89,25,26.75,12.80,-2.10,PayPal,-7.85%,47.85%
ORD-10170,27/09/2025,Fatima Li,Corporate,Mexico,North America,Technology,Noise Cancelling Earbuds,10.00,198.45,10,1786.05,26.78,667.79,Credit Card,37.39%,1.50%
ORD-11044,27/09/2025,Ingrid Wang,Corporate,United States,North America,Office Supplies,Premium Notebook Set A5,7.00,13.33,10,83.98,10.58,31.41,Credit Card,37.40%,12.60%
ORD-10850,28/09/2025,Ethan Chen,Consumer,Canada,North America,Office Supplies,Sticky Notes Multicolor 6-Pack,2.00,4.32,0,8.64,9.40,-4.65,PayPal,-53.82%,108.80%
ORD-11071,28/09/2025,Fatima Zhang,Consumer,India,Asia Pacific,Technology,Webcam HD 1080p,2.00,62.91,10,113.24,11.57,32.47,PayPal,28.67%,10.22%
ORD-10195,29/09/2025,Maria Ahmed,Consumer,France,Europe,Furniture,Desk Organizer Set,4.00,41.86,10,150.70,11.78,38.46,Bank Transfer,25.52%,7.82%
ORD-10204,29/09/2025,Sophie Martinez,Corporate,Nigeria,Middle East & Africa,Technology,Portable External SSD 1TB,2.00,116.50,0,233.00,15.18,89.67,Bank Transfer,38.48%,6.52%
ORD-10542,29/09/2025,Thomas Hassan,Corporate,Saudi Arabia,Middle East & Africa,Furniture,Mesh Back Task Chair,3.00,190.05,10,513.14,17.04,154.01,Bank Transfer,30.01%,3.32%
ORD-10368,30/09/2025,Yuki Miller,Consumer,Australia,Asia Pacific,Furniture,Folding Table Portable,2.00,63.03,10,113.45,10.28,27.53,Cash on Delivery,24.27%,9.06%
ORD-11945,30/09/2025,Sakura Rossi,Consumer,Germany,Europe,Clothing & Accessories,Travel Backpack 30L,4.00,55.18,20,176.58,14.34,51.88,Cash on Delivery,29.38%,8.12%
ORD-10179,01/10/2025,Emma Johnson,Corporate,Australia,Asia Pacific,Technology,Noise Cancelling Earbuds,2.00,190.58,15,323.99,12.64,101.71,Credit Card,31.39%,3.90%
ORD-10299,01/10/2025,Michael Park,Home Office,India,Asia Pacific,Office Supplies,Tape Dispenser Heavy Duty,5.00,14.09,5,66.93,13.70,21.53,Credit Card,32.17%,20.47%
ORD-11130,01/10/2025,James Santos,Home Office,Australia,Asia Pacific,Technology,Tablet Stand Holder,6.00,26.66,0,159.96,19.35,52.63,Credit Card,32.90%,12.10%
ORD-11984,01/10/2025,Linda Khan,Consumer,UAE,Middle East & Africa,Technology,Portable External SSD 1TB,2.00,109.17,5,207.42,13.67,73.66,PayPal,35.51%,6.59%
ORD-11703,02/10/2025,Zara Oliveira,Home Office,France,Europe,Technology,USB-C Hub Multiport Adapter,10.00,34.31,10,308.79,21.64,98.44,PayPal,31.88%,7.01%
ORD-10918,03/10/2025,Richard Ali,Corporate,Mexico,North America,Office Supplies,Paper Clips Box 500pc,4.00,5.40,5,20.52,10.60,0.20,Credit Card,0.97%,51.66%
ORD-11055,03/10/2025,David Williams,Consumer,United States,North America,Technology,Laptop Stand Adjustable,2.00,56.99,15,96.88,6.66,27.53,Credit Card,28.42%,6.87%
ORD-11567,03/10/2025,Mary Anderson,Consumer,Mexico,North America,Office Supplies,Desk Calendar 2025,2.00,18.13,5,34.45,9.51,8.62,Bank Transfer,25.02%,27.61%
ORD-10649,04/10/2025,Wei Zhang,Consumer,Germany,Europe,Technology,Laptop Stand Adjustable,2.00,67.56,5,128.36,9.15,44.89,PayPal,34.97%,7.13%
ORD-10238,05/10/2025,Ava Rossi,Corporate,China,Asia Pacific,Furniture,Bookshelf 5-Tier,1.00,128.66,5,122.23,9.94,35.09,PayPal,28.71%,8.13%
ORD-10719,05/10/2025,Sophie Tanaka,Consumer,Spain,Europe,Furniture,Filing Cabinet 3-Drawer,3.00,145.39,5,414.36,11.97,140.69,PayPal,33.95%,2.89%
ORD-10890,05/10/2025,Olga Garcia,Corporate,Mexico,North America,Furniture,Corner L-Shaped Desk,2.00,301.44,5,572.74,7.89,203.12,Credit Card,35.46%,1.38%
ORD-11052,05/10/2025,Lucas Hassan,Consumer,United Kingdom,Europe,Furniture,Ergonomic Office Chair,4.00,333.64,5,1267.83,10.24,456.85,Bank Transfer,36.03%,0.81%
ORD-11200,05/10/2025,Sakura Harris,Corporate,China,Asia Pacific,Technology,Smart LED Desk Lamp,15.00,57.20,0,858.00,28.70,357.40,Credit Card,41.66%,3.34%
ORD-11081,07/10/2025,Amir Williams,Consumer,Mexico,North America,Technology,Wireless Ergonomic Mouse,9.00,60.42,0,543.78,12.46,232.24,Credit Card,42.71%,2.29%
ORD-11832,07/10/2025,Giulia Garcia,Corporate,Argentina,South America,Office Supplies,Premium Notebook Set A5,1.00,9.26,10,8.33,10.71,-6.55,Credit Card,-78.63%,128.57%
ORD-10836,09/10/2025,Jessica Garcia,Consumer,Germany,Europe,Office Supplies,Sticky Notes Multicolor 6-Pack,7.00,13.90,0,97.30,12.19,41.33,Credit Card,42.48%,12.53%
ORD-10981,09/10/2025,Sophie Leroy,Consumer,Brazil,South America,Technology,Mechanical Gaming Keyboard,1.00,81.90,10,73.71,10.93,17.73,Credit Card,24.05%,14.83%
ORD-11230,09/10/2025,Liam Rodriguez,Consumer,France,Europe,Furniture,Floating Wall Shelves Set,2.00,50.77,0,101.54,11.84,28.78,Cash on Delivery,28.34%,11.66%
ORD-11975,09/10/2025,Kenji Moreau,Consumer,Canada,North America,Technology,Laptop Stand Adjustable,6.00,35.76,5,203.83,16.97,68.85,Bank Transfer,33.78%,8.33%
ORD-10214,10/10/2025,Felix Robinson,Corporate,China,Asia Pacific,Furniture,Filing Cabinet 3-Drawer,3.00,164.93,10,445.31,16.37,132.07,Cash on Delivery,29.66%,3.68%
ORD-11024,10/10/2025,Zara Wang,Corporate,India,Asia Pacific,Technology,Tablet Stand Holder,1.00,31.71,20,25.37,9.88,-1.95,Credit Card,-7.69%,38.94%
ORD-11096,10/10/2025,Felix Smith,Consumer,South Africa,Middle East & Africa,Furniture,Floating Wall Shelves Set,2.00,70.85,10,127.53,12.80,29.71,Credit Card,23.30%,10.04%
ORD-11285,10/10/2025,Ivan Davis,Consumer,United States,North America,Technology,USB-C Hub Multiport Adapter,1.00,46.96,10,42.26,7.43,9.00,PayPal,21.30%,17.58%
ORD-10068,11/10/2025,Amir Tanaka,Home Office,China,Asia Pacific,Clothing & Accessories,Leather Belt Classic,3.00,35.09,15,89.48,15.75,21.09,PayPal,23.57%,17.60%
ORD-10099,11/10/2025,Robert Khan,Consumer,Argentina,South America,Technology,Tablet Stand Holder,1.00,31.02,15,26.37,11.99,-2.68,Credit Card,-10.16%,45.47%
ORD-10284,12/10/2025,Michael Smith,Corporate,Canada,North America,Clothing & Accessories,Cotton Formal Shirt,2.00,57.57,5,109.38,7.11,44.70,PayPal,40.87%,6.50%
ORD-10930,12/10/2025,Maria Weber,Consumer,Nigeria,Middle East & Africa,Technology,Laptop Stand Adjustable,4.00,66.82,0,267.28,19.90,100.38,Credit Card,37.56%,7.45%
ORD-11283,13/10/2025,Li Wang,Corporate,China,Asia Pacific,Clothing & Accessories,Cotton Formal Shirt,3.00,31.44,0,94.32,11.64,35.52,Cash on Delivery,37.66%,12.34%
ORD-11051,14/10/2025,Jennifer Dubois,Consumer,China,Asia Pacific,Technology,Laptop Stand Adjustable,1.00,32.70,0,32.70,10.93,3.79,Credit Card,11.59%,33.43%
ORD-11201,14/10/2025,Elizabeth Garcia,Home Office,South Korea,Asia Pacific,Office Supplies,Whiteboard Markers Set 8,1.00,21.86,20,17.49,11.22,-3.57,Bank Transfer,-20.41%,64.15%
ORD-11266,14/10/2025,Chen Tanaka,Home Office,Japan,Asia Pacific,Office Supplies,Ballpoint Pen Pack 12,1.00,13.39,5,12.72,9.93,-3.24,PayPal,-25.47%,78.07%
ORD-11360,14/10/2025,Thomas Smith,Home Office,Canada,North America,Clothing & Accessories,Travel Backpack 30L,5.00,31.44,0,157.20,11.49,67.11,Cash on Delivery,42.69%,7.31%
ORD-11842,14/10/2025,Olivia Anderson,Home Office,Mexico,North America,Office Supplies,Ballpoint Pen Pack 12,4.00,5.03,5,19.11,12.77,-2.71,Credit Card,-14.18%,66.82%
ORD-10097,15/10/2025,Sarah Kim,Consumer,United Kingdom,Europe,Office Supplies,Desk Calendar 2025,3.00,7.81,0,23.43,11.85,1.04,PayPal,4.44%,50.58%
ORD-11482,16/10/2025,James Williams,Corporate,Mexico,North America,Furniture,Floating Wall Shelves Set,6.00,63.63,10,343.60,17.31,97.22,Cash on Delivery,28.29%,5.04%
ORD-11752,16/10/2025,Ahmed Rodriguez,Home Office,South Africa,Middle East & Africa,Furniture,Bookshelf 5-Tier,4.00,107.74,10,387.86,18.57,110.71,Credit Card,28.54%,4.79%
ORD-10502,17/10/2025,Sarah Johnson,Consumer,United States,North America,Office Supplies,Desk Calendar 2025,4.00,11.36,0,45.44,11.98,13.01,Credit Card,28.63%,26.36%
ORD-11192,17/10/2025,Giulia Oliveira,Corporate,Italy,Europe,Clothing & Accessories,Silk Tie Collection,2.00,31.60,15,53.72,10.11,12.01,Credit Card,22.36%,18.82%
ORD-11691,17/10/2025,Christopher Davis,Consumer,Australia,Asia Pacific,Technology,Webcam HD 1080p,4.00,46.59,5,177.04,18.99,55.55,Cash on Delivery,31.38%,10.73%
ORD-10733,18/10/2025,Mary Martinez,Corporate,United Kingdom,Europe,Technology,Webcam HD 1080p,2.00,40.18,0,80.36,10.31,25.85,Credit Card,32.17%,12.83%
ORD-10809,18/10/2025,William Rodriguez,Corporate,United States,North America,Technology,Tablet Stand Holder,1.00,36.62,20,29.30,6.08,3.08,Bank Transfer,10.51%,20.75%
ORD-10125,19/10/2025,Priya Harris,Home Office,United States,North America,Furniture,Floating Wall Shelves Set,5.00,38.24,10,172.08,9.65,47.71,PayPal,27.73%,5.61%
ORD-10743,19/10/2025,Liam Smith,Consumer,Germany,Europe,Clothing & Accessories,Cotton Formal Shirt,4.00,59.60,0,238.40,14.78,104.42,Cash on Delivery,43.80%,6.20%
ORD-10175,20/10/2025,Jamal Brown,Corporate,Japan,Asia Pacific,Clothing & Accessories,Wool Blend Scarf,6.00,40.46,0,242.76,18.34,103.04,Credit Card,42.45%,7.55%
ORD-11232,20/10/2025,Felix Fischer,Corporate,Argentina,South America,Office Supplies,Desk Calendar 2025,1.00,18.81,20,15.05,11.78,-5.19,Cash on Delivery,-34.49%,78.27%
ORD-10431,21/10/2025,Pierre Wang,Corporate,Spain,Europe,Office Supplies,Whiteboard Markers Set 8,3.00,7.81,15,19.92,9.35,0.03,Bank Transfer,0.15%,46.94%
ORD-10729,21/10/2025,Layla Smith,Home Office,Australia,Asia Pacific,Technology,Smart LED Desk Lamp,11.00,61.28,10,606.67,16.64,219.29,PayPal,36.15%,2.74%
ORD-11215,21/10/2025,Sophie Martinez,Consumer,United States,North America,Clothing & Accessories,Travel Backpack 30L,11.00,79.50,0,874.50,14.35,422.90,Credit Card,48.36%,1.64%
ORD-11197,22/10/2025,Robert Park,Consumer,United States,North America,Furniture,Monitor Riser Wood,11.00,43.24,5,451.86,28.80,137.68,Credit Card,30.47%,6.37%
ORD-10216,23/10/2025,Jennifer Brown,Home Office,France,Europe,Office Supplies,Binder Clips Assorted 48pc,1.00,12.72,10,11.45,8.73,-3.00,Credit Card,-26.20%,76.24%
ORD-10731,24/10/2025,Ingrid Jackson,Home Office,China,Asia Pacific,Furniture,Folding Table Portable,8.00,98.63,5,749.59,25.57,250.60,Credit Card,33.43%,3.41%
ORD-10251,25/10/2025,Pierre Fischer,Consumer,United Kingdom,Europe,Office Supplies,Tape Dispenser Heavy Duty,4.00,21.61,10,77.80,9.96,28.94,Bank Transfer,37.20%,12.80%
ORD-11679,25/10/2025,Elizabeth Schmidt,Corporate,Canada,North America,Clothing & Accessories,Business Casual Blazer,2.00,82.50,15,140.25,8.65,49.10,PayPal,35.01%,6.17%
ORD-10019,26/10/2025,Linda Zhang,Consumer,Canada,North America,Clothing & Accessories,Sports Water Bottle 750ml,10.00,11.46,0,114.60,13.72,43.58,PayPal,38.03%,11.97%
ORD-11773,26/10/2025,Christopher White,Corporate,Mexico,North America,Clothing & Accessories,Business Casual Blazer,7.00,147.88,5,983.40,18.01,447.81,PayPal,45.54%,1.83%
ORD-11593,27/10/2025,Pierre Weber,Consumer,South Korea,Asia Pacific,Technology,Wireless Bluetooth Headphones,1.00,249.90,10,224.91,10.60,76.86,PayPal,34.17%,4.71%
ORD-11605,27/10/2025,Hans Rossi,Consumer,France,Europe,Technology,Wireless Bluetooth Headphones,8.00,47.09,10,339.05,20.61,111.24,Bank Transfer,32.81%,6.08%
ORD-11010,28/10/2025,Robert Russo,Corporate,India,Asia Pacific,Office Supplies,Premium Notebook Set A5,3.00,14.48,20,34.75,15.11,0.09,Credit Card,0.26%,43.48%
ORD-11334,28/10/2025,Layla Rodriguez,Consumer,China,Asia Pacific,Furniture,Monitor Riser Wood,5.00,44.91,20,179.64,11.97,32.94,PayPal,18.34%,6.66%
ORD-11646,28/10/2025,Zara Suzuki,Consumer,South Africa,Middle East & Africa,Office Supplies,Whiteboard Markers Set 8,3.00,17.76,15,45.29,15.75,5.56,Cash on Delivery,12.28%,34.78%
ORD-11500,29/10/2025,Ali Yamamoto,Consumer,Brazil,South America,Clothing & Accessories,Cotton Formal Shirt,1.00,40.55,15,34.47,11.54,2.66,PayPal,7.72%,33.48%
ORD-11531,30/10/2025,Wei White,Home Office,France,Europe,Furniture,Ergonomic Office Chair,3.00,414.09,10,1118.04,13.11,359.57,PayPal,32.16%,1.17%
ORD-11972,30/10/2025,Emma Miller,Consumer,Spain,Europe,Clothing & Accessories,Travel Backpack 30L,4.00,90.28,15,306.95,11.43,114.96,Credit Card,37.45%,3.72%
ORD-10566,31/10/2025,Giulia Harris,Home Office,Italy,Europe,Technology,Wireless Bluetooth Headphones,2.00,217.52,10,391.54,8.50,143.77,Bank Transfer,36.72%,2.17%
ORD-11915,31/10/2025,Jamal Rossi,Consumer,United States,North America,Clothing & Accessories,Polarized Sunglasses,4.00,70.89,0,283.56,8.25,133.53,Cash on Delivery,47.09%,2.91%
ORD-11125,01/11/2025,Sophie Schmidt,Home Office,Colombia,South America,Furniture,Mesh Back Task Chair,2.00,178.05,0,356.10,11.65,130.79,PayPal,36.73%,3.27%
ORD-11490,01/11/2025,Wei Jackson,Home Office,United Kingdom,Europe,Furniture,Standing Desk Converter,10.00,320.82,20,2566.56,27.00,614.64,Bank Transfer,23.95%,1.05%
ORD-11608,01/11/2025,Isabella Sato,Consumer,Argentina,South America,Clothing & Accessories,Travel Backpack 30L,6.00,92.98,0,557.88,18.67,260.27,PayPal,46.65%,3.35%
ORD-11119,02/11/2025,Diego Suzuki,Corporate,Mexico,North America,Technology,USB-C Hub Multiport Adapter,2.00,61.98,15,105.37,7.76,29.43,Bank Transfer,27.93%,7.36%
ORD-11743,02/11/2025,Xiao Jackson,Consumer,Mexico,North America,Office Supplies,Premium Notebook Set A5,2.00,24.23,0,48.46,7.91,18.74,Cash on Delivery,38.67%,16.32%
ORD-10858,03/11/2025,Hans Sato,Corporate,Spain,Europe,Technology,Wireless Bluetooth Headphones,5.00,248.60,25,932.25,17.13,231.47,Bank Transfer,24.83%,1.84%
ORD-11256,03/11/2025,Ivan Sato,Consumer,Spain,Europe,Furniture,Corner L-Shaped Desk,2.00,297.84,15,506.33,8.55,140.37,Bank Transfer,27.72%,1.69%
ORD-11940,03/11/2025,Hanna Hassan,Home Office,France,Europe,Technology,Portable External SSD 1TB,6.00,110.54,10,596.92,21.12,211.02,PayPal,35.35%,3.54%
ORD-11987,04/11/2025,Hanna Ferrari,Consumer,Italy,Europe,Technology,Tablet Stand Holder,1.00,48.57,15,41.28,8.92,5.65,PayPal,13.69%,21.61%
ORD-11474,05/11/2025,Fatima Smith,Home Office,Australia,Asia Pacific,Office Supplies,Ballpoint Pen Pack 12,7.00,12.96,0,90.72,22.05,27.85,PayPal,30.70%,24.31%
ORD-10971,06/11/2025,Priya Costa,Corporate,Canada,North America,Furniture,Monitor Riser Wood,1.00,79.07,0,79.07,7.11,24.52,Credit Card,31.01%,8.99%
ORD-11413,06/11/2025,Mary Rossi,Consumer,South Africa,Middle East & Africa,Technology,Webcam HD 1080p,2.00,41.12,0,82.24,15.15,21.86,Credit Card,26.58%,18.42%
ORD-11492,06/11/2025,Hans Wang,Corporate,Mexico,North America,Office Supplies,Sticky Notes Multicolor 6-Pack,1.00,7.84,15,6.66,6.96,-3.83,Credit Card,-57.51%,104.50%
ORD-11741,07/11/2025,William Ali,Home Office,China,Asia Pacific,Furniture,Folding Table Portable,4.00,102.08,0,408.32,18.68,144.65,Credit Card,35.43%,4.57%
ORD-10139,08/11/2025,Olivia Leroy,Home Office,China,Asia Pacific,Furniture,Ergonomic Office Chair,1.00,165.86,5,157.57,10.45,47.60,PayPal,30.21%,6.63%
ORD-11028,08/11/2025,Ayumi Singh,Consumer,India,Asia Pacific,Clothing & Accessories,Business Casual Blazer,6.00,129.18,0,775.08,12.89,374.65,Credit Card,48.34%,1.66%
ORD-11543,08/11/2025,James Rossi,Consumer,France,Europe,Furniture,Monitor Riser Wood,5.00,72.91,5,346.32,18.06,109.53,Credit Card,31.63%,5.21%
ORD-11674,08/11/2025,Mary Fischer,Consumer,Saudi Arabia,Middle East & Africa,Clothing & Accessories,Cotton Formal Shirt,3.00,53.65,5,152.90,13.46,58.97,Credit Card,38.57%,8.80%
ORD-11926,08/11/2025,Susan Yamamoto,Home Office,United Kingdom,Europe,Furniture,Mesh Back Task Chair,1.00,272.64,10,245.38,9.12,72.68,Credit Card,29.62%,3.72%
ORD-10839,09/11/2025,Olga Robinson,Corporate,China,Asia Pacific,Technology,Wireless Bluetooth Headphones,2.00,166.68,15,283.36,11.52,88.49,PayPal,31.23%,4.07%
ORD-11556,09/11/2025,Susan Jackson,Corporate,United Kingdom,Europe,Furniture,Standing Desk Converter,3.00,263.77,5,751.74,8.65,268.30,Bank Transfer,35.69%,1.15%
ORD-11145,10/11/2025,Marco Sato,Consumer,Germany,Europe,Furniture,Floating Wall Shelves Set,4.00,78.41,0,313.64,10.24,115.22,Credit Card,36.74%,3.26%
ORD-11348,11/11/2025,Liam Sharma,Consumer,Colombia,South America,Office Supplies,Highlighters Neon Pack 6,5.00,6.76,15,28.73,18.00,-4.48,Credit Card,-15.59%,62.65%
ORD-11970,11/11/2025,Sophie Zhang,Consumer,Mexico,North America,Office Supplies,Paper Clips Box 500pc,2.00,7.54,0,15.08,6.17,2.12,Credit Card,14.06%,40.92%
ORD-10831,12/11/2025,Karen Romano,Consumer,India,Asia Pacific,Office Supplies,Tape Dispenser Heavy Duty,4.00,21.32,20,68.22,14.03,15.81,PayPal,23.18%,20.57%
ORD-10565,13/11/2025,Thomas Laurent,Home Office,United States,North America,Office Supplies,Tape Dispenser Heavy Duty,4.00,13.79,0,55.16,14.12,16.22,PayPal,29.41%,25.60%
ORD-10678,13/11/2025,Raj Patel,Corporate,Canada,North America,Office Supplies,Binder Clips Assorted 48pc,2.00,14.04,15,23.87,7.52,3.71,Cash on Delivery,15.54%,31.50%
ORD-10758,14/11/2025,Jessica Thomas,Corporate,Spain,Europe,Office Supplies,Sticky Notes Multicolor 6-Pack,1.00,13.54,5,12.86,8.16,-1.39,Credit Card,-10.81%,63.45%
ORD-11787,15/11/2025,Omar Nilsson,Corporate,Canada,North America,Technology,Smart LED Desk Lamp,3.00,73.82,5,210.39,11.99,76.60,Cash on Delivery,36.41%,5.70%
ORD-10086,17/11/2025,Joseph Zhang,Consumer,France,Europe,Office Supplies,Highlighters Neon Pack 6,9.00,9.04,0,81.36,25.60,19.15,Cash on Delivery,23.54%,31.47%
ORD-10682,17/11/2025,Clara Fischer,Corporate,Mexico,North America,Office Supplies,Desk Calendar 2025,3.00,8.00,5,22.80,12.01,-0.01,PayPal,-0.04%,52.68%
ORD-11102,17/11/2025,William Sato,Corporate,Italy,Europe,Technology,Wireless Ergonomic Mouse,7.00,41.83,5,278.17,10.79,106.33,PayPal,38.22%,3.88%
ORD-11407,17/11/2025,Emma Thompson,Corporate,Mexico,North America,Office Supplies,Premium Notebook Set A5,3.00,17.07,30,35.85,12.20,0.61,PayPal,1.70%,34.03%
ORD-10303,18/11/2025,Diego Williams,Consumer,India,Asia Pacific,Technology,Laptop Stand Adjustable,9.00,34.21,5,292.50,13.63,109.53,Credit Card,37.45%,4.66%
ORD-10773,18/11/2025,Susan Ali,Consumer,South Korea,Asia Pacific,Clothing & Accessories,Canvas Messenger Bag,4.00,71.05,15,241.57,11.85,87.62,Credit Card,36.27%,4.91%
ORD-10902,18/11/2025,Olga Davis,Corporate,India,Asia Pacific,Furniture,Filing Cabinet 3-Drawer,1.00,198.02,10,178.22,9.93,49.48,Cash on Delivery,27.76%,5.57%
ORD-11222,18/11/2025,Fatima Fischer,Corporate,Mexico,North America,Furniture,Mesh Back Task Chair,2.00,280.54,30,392.76,6.47,49.64,Cash on Delivery,12.64%,1.65%
ORD-10062,19/11/2025,Liam Martin,Consumer,Argentina,South America,Clothing & Accessories,Business Casual Blazer,3.00,112.34,5,320.17,12.63,139.03,Credit Card,43.42%,3.94%
ORD-11274,19/11/2025,Kenji Hassan,Corporate,India,Asia Pacific,Furniture,Filing Cabinet 3-Drawer,2.00,188.36,0,376.72,13.35,137.34,Bank Transfer,36.46%,3.54%
ORD-11131,20/11/2025,Xiao Ferrari,Home Office,Mexico,North America,Technology,Tablet Stand Holder,2.00,23.95,5,45.50,7.35,11.80,Credit Card,25.93%,16.15%
ORD-11367,20/11/2025,Jamal Park,Consumer,UAE,Middle East & Africa,Clothing & Accessories,Leather Wallet Minimalist,2.00,25.11,5,47.71,12.85,9.75,Bank Transfer,20.44%,26.93%
ORD-11896,20/11/2025,Noah Thomas,Corporate,India,Asia Pacific,Office Supplies,Highlighters Neon Pack 6,2.00,7.10,10,12.78,10.79,-4.40,PayPal,-34.43%,84.43%
ORD-10749,21/11/2025,Jessica Hassan,Home Office,Argentina,South America,Office Supplies,Tape Dispenser Heavy Duty,7.00,12.82,5,85.25,25.24,19.63,Bank Transfer,23.03%,29.61%
ORD-10414,23/11/2025,Layla Park,Consumer,Japan,Asia Pacific,Office Supplies,Desk Calendar 2025,1.00,8.87,5,8.43,11.23,-6.79,Credit Card,-80.55%,133.21%
ORD-10921,24/11/2025,Christopher Romano,Consumer,Spain,Europe,Furniture,Folding Table Portable,11.00,121.00,10,1197.90,25.42,373.88,PayPal,31.21%,2.12%
ORD-11805,24/11/2025,Joseph Martin,Corporate,South Korea,Asia Pacific,Furniture,Desk Organizer Set,1.00,24.61,15,20.92,10.08,-3.93,PayPal,-18.79%,48.18%
ORD-10013,25/11/2025,Layla Yamamoto,Home Office,Australia,Asia Pacific,Furniture,Filing Cabinet 3-Drawer,2.00,118.20,10,212.76,10.92,60.00,Credit Card,28.20%,5.13%
ORD-10333,26/11/2025,Clara Hassan,Corporate,Germany,Europe,Technology,Laptop Stand Adjustable,3.00,75.55,15,192.65,11.85,56.14,PayPal,29.14%,6.15%
ORD-11183,26/11/2025,Sarah Nilsson,Corporate,Japan,Asia Pacific,Technology,Wireless Ergonomic Mouse,4.00,23.57,10,84.85,16.90,16.10,Credit Card,18.97%,19.92%
ORD-11710,26/11/2025,Felix Singh,Consumer,Japan,Asia Pacific,Clothing & Accessories,Business Casual Blazer,1.00,45.56,0,45.56,11.16,11.62,Credit Card,25.50%,24.50%
ORD-10130,27/11/2025,Thomas Suzuki,Corporate,UAE,Middle East & Africa,Technology,USB-C Hub Multiport Adapter,8.00,27.29,5,207.40,30.16,57.16,PayPal,27.56%,14.54%
ORD-10593,27/11/2025,Emma Suzuki,Home Office,United Kingdom,Europe,Furniture,Desk Organizer Set,1.00,38.28,10,34.45,7.59,3.89,Cash on Delivery,11.29%,22.03%
ORD-10060,28/11/2025,Raj Rossi,Consumer,Australia,Asia Pacific,Office Supplies,Paper Clips Box 500pc,3.00,4.27,10,11.53,13.45,-7.68,Credit Card,-66.61%,116.65%
ORD-10190,28/11/2025,Olga Miller,Consumer,Mexico,North America,Office Supplies,Stapler Full-Size,2.00,9.87,5,18.75,8.72,1.15,PayPal,6.13%,46.51%
ORD-11163,28/11/2025,Jessica Pereira,Consumer,Argentina,South America,Office Supplies,Highlighters Neon Pack 6,6.00,10.63,0,63.78,17.67,17.41,Credit Card,27.30%,27.70%
ORD-10933,29/11/2025,Raj White,Home Office,France,Europe,Office Supplies,Whiteboard Markers Set 8,2.00,13.20,5,25.08,9.67,3.53,Bank Transfer,14.07%,38.56%
ORD-11172,29/11/2025,Kenji Wang,Consumer,China,Asia Pacific,Technology,Tablet Stand Holder,13.00,31.37,10,367.03,38.63,104.10,Cash on Delivery,28.36%,10.53%
ORD-10957,30/11/2025,Omar Ali,Corporate,Spain,Europe,Furniture,Monitor Riser Wood,1.00,66.79,10,60.11,8.82,11.22,PayPal,18.67%,14.67%
ORD-11123,01/12/2025,Emma Laurent,Consumer,South Korea,Asia Pacific,Office Supplies,Stapler Full-Size,1.00,17.12,15,14.55,10.37,-3.52,Credit Card,-24.19%,71.27%
ORD-11889,01/12/2025,Mary Yamamoto,Consumer,China,Asia Pacific,Furniture,Ergonomic Office Chair,12.00,189.49,15,1932.80,34.81,533.66,Credit Card,27.61%,1.80%
ORD-10472,02/12/2025,Joseph Chen,Consumer,United States,North America,Clothing & Accessories,Business Casual Blazer,10.00,72.25,5,686.38,12.64,312.49,Credit Card,45.53%,1.84%
ORD-11151,02/12/2025,James Khan,Home Office,United States,North America,Office Supplies,Ballpoint Pen Pack 12,3.00,12.71,10,34.32,9.81,7.35,Bank Transfer,21.42%,28.58%
ORD-11843,02/12/2025,Xiao Romano,Corporate,India,Asia Pacific,Furniture,Desk Organizer Set,4.00,34.17,10,123.01,18.86,22.14,PayPal,18.00%,15.33%
ORD-11927,02/12/2025,Pierre Suzuki,Corporate,Colombia,South America,Office Supplies,Desk Calendar 2025,2.00,12.44,10,22.39,11.74,-0.55,PayPal,-2.46%,52.43%
ORD-11648,03/12/2025,Lucas Clark,Home Office,South Africa,Middle East & Africa,Furniture,Floating Wall Shelves Set,1.00,41.13,5,39.07,13.01,1.38,PayPal,3.53%,33.30%
ORD-10518,04/12/2025,Sarah Harris,Consumer,Japan,Asia Pacific,Office Supplies,Stapler Full-Size,8.00,19.35,0,154.80,27.15,57.99,Credit Card,37.46%,17.54%
ORD-11251,04/12/2025,Joseph Fischer,Corporate,United States,North America,Clothing & Accessories,Wool Blend Scarf,2.00,41.19,0,82.38,9.35,31.84,Credit Card,38.65%,11.35%
ORD-10327,06/12/2025,Oscar Martin,Consumer,Japan,Asia Pacific,Technology,Wireless Bluetooth Headphones,1.00,121.88,15,103.60,10.32,26.25,Credit Card,25.34%,9.96%
ORD-10572,06/12/2025,Oscar Davis,Consumer,Japan,Asia Pacific,Technology,Webcam HD 1080p,2.00,48.30,0,96.60,10.11,33.36,Credit Card,34.53%,10.47%
ORD-10864,06/12/2025,Olga Robinson,Corporate,South Africa,Middle East & Africa,Furniture,Desk Organizer Set,1.00,40.37,5,38.35,12.87,1.26,Bank Transfer,3.29%,33.56%
ORD-11604,06/12/2025,Mary Jackson,Consumer,Mexico,North America,Office Supplies,Desk Calendar 2025,1.00,9.95,10,8.96,5.73,-1.25,PayPal,-13.95%,63.95%
ORD-11933,06/12/2025,Maria Martin,Consumer,China,Asia Pacific,Clothing & Accessories,Sports Water Bottle 750ml,3.00,26.38,10,71.23,16.45,15.21,PayPal,21.35%,23.09%
ORD-10276,07/12/2025,Susan Weber,Consumer,Canada,North America,Clothing & Accessories,Wool Blend Scarf,2.00,46.65,0,93.30,7.99,38.66,Credit Card,41.44%,8.56%
ORD-10353,07/12/2025,Lucas Sato,Consumer,United Kingdom,Europe,Clothing & Accessories,Leather Belt Classic,3.00,28.76,0,86.28,14.03,29.11,Cash on Delivery,33.74%,16.26%
ORD-11374,07/12/2025,Robert Martinez,Consumer,Canada,North America,Technology,Wireless Bluetooth Headphones,4.00,128.26,20,410.43,9.52,118.74,Cash on Delivery,28.93%,2.32%
ORD-11779,07/12/2025,Richard Martinez,Home Office,South Korea,Asia Pacific,Office Supplies,Ballpoint Pen Pack 12,1.00,11.64,15,9.89,10.80,-6.15,PayPal,-62.18%,109.20%
ORD-10352,08/12/2025,Chen Patel,Corporate,Nigeria,Middle East & Africa,Office Supplies,Tape Dispenser Heavy Duty,2.00,13.26,10,23.87,15.22,-3.28,PayPal,-13.74%,63.76%
ORD-11596,08/12/2025,Richard Romano,Corporate,Nigeria,Middle East & Africa,Furniture,Desk Organizer Set,4.00,56.46,0,225.84,20.67,69.67,Credit Card,30.85%,9.15%
ORD-10173,09/12/2025,Olga Nilsson,Home Office,United States,North America,Technology,Mechanical Gaming Keyboard,2.00,130.57,5,248.08,9.18,95.27,Credit Card,38.40%,3.70%
ORD-10272,09/12/2025,Jennifer Clark,Home Office,Spain,Europe,Furniture,Bookshelf 5-Tier,7.00,107.98,5,718.07,13.14,251.41,Cash on Delivery,35.01%,1.83%
ORD-10888,09/12/2025,Ahmed Dubois,Consumer,Spain,Europe,Technology,Tablet Stand Holder,1.00,45.07,5,42.82,9.42,8.61,Cash on Delivery,20.11%,22.00%
ORD-11404,10/12/2025,Karen Garcia,Corporate,South Africa,Middle East & Africa,Technology,Portable External SSD 1TB,1.00,87.05,25,65.29,12.28,5.13,Credit Card,7.86%,18.81%
ORD-11693,10/12/2025,Carlos Rodriguez,Corporate,Brazil,South America,Furniture,Bookshelf 5-Tier,3.00,194.57,0,583.71,13.80,219.68,Credit Card,37.64%,2.36%
ORD-10922,11/12/2025,Mia Tanaka,Home Office,Germany,Europe,Furniture,Corner L-Shaped Desk,1.00,416.05,20,332.84,8.18,75.03,Credit Card,22.54%,2.46%
ORD-10963,11/12/2025,Ava Laurent,Corporate,Mexico,North America,Technology,Noise Cancelling Earbuds,1.00,98.02,25,73.52,6.56,13.05,Credit Card,17.75%,8.92%
ORD-10155,12/12/2025,Li Kim,Consumer,Japan,Asia Pacific,Furniture,Desk Organizer Set,3.00,18.51,0,55.53,13.79,8.42,PayPal,15.16%,24.83%
ORD-11255,14/12/2025,Amina Smith,Consumer,Mexico,North America,Office Supplies,Whiteboard Markers Set 8,7.00,12.44,20,69.66,16.30,14.17,Cash on Delivery,20.34%,23.40%
ORD-10096,15/12/2025,Olga Davis,Consumer,Australia,Asia Pacific,Office Supplies,Premium Notebook Set A5,12.00,11.75,0,141.00,19.91,57.64,Cash on Delivery,40.88%,14.12%
ORD-10760,15/12/2025,Marco Taylor,Consumer,South Africa,Middle East & Africa,Furniture,Filing Cabinet 3-Drawer,3.00,242.14,15,617.46,15.04,166.57,Bank Transfer,26.98%,2.44%
ORD-11898,15/12/2025,Xiao Johansson,Home Office,Mexico,North America,Office Supplies,Sticky Notes Multicolor 6-Pack,1.00,9.32,0,9.32,6.23,-1.10,Cash on Delivery,-11.80%,66.85%
ORD-10723,16/12/2025,Hanna Martinez,Corporate,Germany,Europe,Office Supplies,Paper Clips Box 500pc,4.00,6.29,10,22.64,14.16,-2.84,Credit Card,-12.54%,62.54%
ORD-10943,16/12/2025,Noah Jones,Consumer,Australia,Asia Pacific,Office Supplies,Binder Clips Assorted 48pc,2.00,14.78,0,29.56,12.49,3.77,Credit Card,12.75%,42.25%
ORD-11342,16/12/2025,Nadia Nilsson,Corporate,South Korea,Asia Pacific,Furniture,Bookshelf 5-Tier,5.00,183.87,10,827.42,14.56,261.25,Cash on Delivery,31.57%,1.76%
ORD-10142,17/12/2025,Ingrid Li,Consumer,Spain,Europe,Technology,Tablet Stand Holder,1.00,52.93,0,52.93,8.13,15.69,Credit Card,29.64%,15.36%
ORD-10186,17/12/2025,Sophie Khan,Consumer,Nigeria,Middle East & Africa,Technology,Noise Cancelling Earbuds,5.00,68.79,0,343.95,20.77,134.01,Cash on Delivery,38.96%,6.04%
ORD-11009,18/12/2025,Kenji Johnson,Home Office,United States,North America,Technology,USB-C Hub Multiport Adapter,10.00,26.45,0,264.50,23.70,95.32,PayPal,36.04%,8.96%
ORD-11254,19/12/2025,Barbara Williams,Corporate,Canada,North America,Clothing & Accessories,Cotton Formal Shirt,3.00,54.80,10,147.96,10.13,55.63,Bank Transfer,37.60%,6.85%
ORD-11692,19/12/2025,Ingrid Suzuki,Consumer,Italy,Europe,Furniture,Folding Table Portable,2.00,46.63,5,88.60,11.27,21.37,Cash on Delivery,24.12%,12.72%
ORD-10268,21/12/2025,Elizabeth Fischer,Home Office,Italy,Europe,Technology,Wireless Bluetooth Headphones,1.00,223.52,20,178.82,8.19,47.69,Cash on Delivery,26.67%,4.58%
ORD-11168,21/12/2025,Pierre Robinson,Consumer,Mexico,North America,Clothing & Accessories,Leather Wallet Minimalist,1.00,63.87,20,51.10,6.15,13.02,PayPal,25.48%,12.04%
ORD-10378,22/12/2025,Ingrid Zhang,Corporate,Japan,Asia Pacific,Technology,Noise Cancelling Earbuds,2.00,130.39,15,221.66,10.61,67.62,PayPal,30.51%,4.79%
ORD-11034,22/12/2025,Ali Jackson,Consumer,Saudi Arabia,Middle East & Africa,Technology,Portable External SSD 1TB,1.00,85.33,0,85.33,12.49,25.91,Cash on Delivery,30.36%,14.64%
ORD-10077,23/12/2025,Carlos Thomas,Consumer,France,Europe,Furniture,Monitor Riser Wood,2.00,70.68,15,120.16,9.93,25.41,Bank Transfer,21.15%,8.26%
ORD-10938,23/12/2025,Kenji Harris,Consumer,France,Europe,Clothing & Accessories,Business Casual Blazer,5.00,55.45,15,235.66,16.49,80.55,Bank Transfer,34.18%,7.00%
ORD-11286,23/12/2025,Robert Sato,Consumer,Canada,North America,Office Supplies,Ballpoint Pen Pack 12,2.00,9.45,15,16.06,9.31,-1.76,PayPal,-10.96%,57.97%
ORD-11409,24/12/2025,Chen Taylor,Home Office,India,Asia Pacific,Technology,Mechanical Gaming Keyboard,1.00,83.90,15,71.31,11.12,14.04,Credit Card,19.69%,15.59%
ORD-11612,24/12/2025,Xiao Davis,Consumer,Nigeria,Middle East & Africa,Clothing & Accessories,Silk Tie Collection,4.00,30.28,0,121.12,16.89,43.67,Credit Card,36.06%,13.94%
ORD-10577,25/12/2025,Yuki Kim,Consumer,UAE,Middle East & Africa,Technology,Wireless Bluetooth Headphones,1.00,101.37,15,86.16,13.18,17.23,PayPal,20.00%,15.30%
ORD-11570,25/12/2025,Isabella Thomas,Home Office,South Korea,Asia Pacific,Clothing & Accessories,Travel Backpack 30L,5.00,88.14,10,396.63,15.38,160.90,PayPal,40.57%,3.88%
ORD-10592,27/12/2025,Priya Thomas,Home Office,Mexico,North America,Office Supplies,Tape Dispenser Heavy Duty,1.00,23.01,5,21.86,6.85,4.66,PayPal,21.32%,31.34%
ORD-10419,28/12/2025,Ayumi Russo,Consumer,Germany,Europe,Technology,Wireless Ergonomic Mouse,1.00,48.39,15,41.13,8.90,5.62,Credit Card,13.66%,21.64%
ORD-10766,28/12/2025,Xiao Robinson,Consumer,Brazil,South America,Clothing & Accessories,Business Casual Blazer,1.00,77.11,5,73.25,12.16,22.54,PayPal,30.77%,16.60%
ORD-10372,29/12/2025,Maria Leroy,Consumer,Germany,Europe,Clothing & Accessories,Leather Wallet Minimalist,7.00,61.68,10,388.58,24.46,148.24,Bank Transfer,38.15%,6.29%
ORD-10675,29/12/2025,Sophie Clark,Consumer,Argentina,South America,Furniture,Folding Table Portable,2.00,84.14,20,134.62,14.99,18.66,PayPal,13.86%,11.14%
ORD-10188,30/12/2025,Elizabeth Müller,Home Office,Italy,Europe,Furniture,Mesh Back Task Chair,5.00,204.17,5,969.81,18.46,338.84,PayPal,34.94%,1.90%
ORD-11353,30/12/2025,Hanna Leroy,Consumer,Australia,Asia Pacific,Office Supplies,Stapler Full-Size,1.00,15.08,10,13.57,11.07,-4.29,PayPal,-31.61%,81.58%
ORD-11814,30/12/2025,Jennifer Oliveira,Consumer,India,Asia Pacific,Furniture,Filing Cabinet 3-Drawer,1.00,177.90,10,160.11,10.23,43.14,PayPal,26.94%,6.39%
ORD-10823,31/12/2025,Linda Nilsson,Consumer,France,Europe,Furniture,Folding Table Portable,5.00,104.73,0,523.65,19.10,190.36,PayPal,36.35%,3.65%
ORD-10896,31/12/2025,Ayumi Dubois,Consumer,France,Europe,Clothing & Accessories,Cotton Formal Shirt,11.00,59.27,5,619.37,20.94,272.44,PayPal,43.99%,3.38%
ORD-11148,31/12/2025,Barbara Jones,Consumer,Spain,Europe,Technology,Webcam HD 1080p,6.00,31.79,15,162.13,15.19,42.03,Bank Transfer,25.92%,9.37%
ORD-11519,31/12/2025,Maria Suzuki,Home Office,Spain,Europe,Clothing & Accessories,Sports Water Bottle 750ml,5.00,9.50,5,45.12,14.25,7.12,Credit Card,15.78%,31.58%
ORD-11701,31/12/2025,Susan Russo,Home Office,South Korea,Asia Pacific,Clothing & Accessories,Sports Water Bottle 750ml,11.00,28.27,0,310.97,36.23,119.26,Credit Card,38.35%,11.65%